REGION,DISTRICT,Region,District,Classification,Latitude,Longitude,Total_Population,Male_15_64,Female_15_64,Poverty_Incidence_pct,Poverty_Intensity_pct,Unemployment_Rate_pct,Illiteracy_Rate_pct,Uninsurance_Rate_pct,Youth_Dependency_Ratio,Sex_Ratio_15_64,Sexually_Active_Pop_pct,DHS_Region,HIV_Prev_Women_pct,HIV_Prev_Men_pct,HIV_Prev_Total_pct,HIV_Awareness_Women_pct,Condom_Use_pct,High_Risk_Sex_pct,Ever_Tested_HIV_pct,Know_Where_Test_pct,Accepting_Attitudes_pct,TB_Incidence_per100k,TB_HIV_CoInfection_pct,TB_Treatment_Success_pct,ART_Coverage_pct,VCT_Uptake_pct,Doctors_per10k,Nurses_per10k,OOP_Expenditure_pct,HIV_TB_Hotspot,Nat_HIV_New_Infections_per1000,Nat_HIV_Positivity_pct,Nat_PLHIV_All_Ages,Nat_HIV_Deaths,Nat_TB_Incidence_per100k,Nat_TB_New_Relapse_Cases,Nat_TB_HIV_Positive_pct,Data_Source_HIV,Data_Source_TB,Data_Source_Socioeconomic,Data_Source_Geometry,LISA_I,LISA_quadrant,LISA_p_sim,LISA_sig,LISA_cluster,BvLISA_I,BvLISA_quadrant,BvLISA_p,BvLISA_sig,BvLISA_cluster,Gi_z,Gi_p,Gi_cluster,GWR_coef_HIV_Prev_Total_pct,GWR_coef_Poverty_Intensity_pct,GWR_coef_Uninsurance_Rate_pct,GWR_coef_Doctors_per10k,GWR_local_R2,RF_Risk,XGB_Risk,LGB_Risk,Stacked_Risk,Ensemble_Risk_Score
GREATER ACCRA,ADENTA MUNICIPAL,GREATER ACCRA,ADENTA MUNICIPAL,,5.624192658333333,-0.2349828662869439,173578.5,55808.77777777778,58485.944444444445,13.344444444444443,43.36016697952631,46.98513285739416,13.156459172332683,40.51034686718933,51.17414088634635,0.9360155823917496,65.98249284508076,,2.6000000000000005,1.3999999999999997,2.012566261350913,55.5357142857143,43.53333333333333,31.47142857142857,33.33333333333334,60.04999999999999,52.97000000000001,144.0384651859599,12.35353247494442,92.37824944419664,67.95737985565589,39.42698900961371,3.3474906506070354,45.87963772048502,22.56093875901817,0.1666666666666666,0.47,2.54,330951.4381370897,13133.233733555986,126.0,19992.015333860727,11.956138574806534,DHS Ghana 2003 (regional) + WHO GHO (national),WHO Global TB Programme (national 2013-2024),Ghana Statistical Service 2021 Census,"Ghana 260-district basemap (post-2018 Local Governance Act); Guan District (Oti Region) added as a 261st row sharing its parent Krachi East Municipal polygon for adjacency purposes (no distinct legacy polygon exists) -- structural-gap convention, not a distinct surveyed boundary",0.0001774156667157,3,0.491,0,Not Significant,0.1040041646547425,1,0.1,0,Not Significant,-0.0133709816233068,0.491,Not Significant,7.933066689111952,2.762619422544744,0.1416618125299768,-0.5692562666523041,0.912294145906106,0.0006666666666666,0.0045890715,1.6067994964558213e-05,0.0259329575757606,0.0078011909336782
GREATER ACCRA,LEDZOKUKU MUNICIPAL,Greater Accra,Ledzokuku Municipal,Municipal,5.6050983,-0.114493361214251,217304.0,72722.0,76060.0,11.3,42.814360573081366,45.678712370570345,9.680799016586834,37.516554438305775,44.20299337582954,0.9414930515742566,68.46721643411993,Greater Accra,2.6000000000000005,1.3999999999999997,2.0185068508347754,55.535714285714285,43.53333333333334,31.47142857142857,33.33333333333333,60.04999999999999,52.970000000000006,159.5385110872446,13.006728066648176,88.74465810563233,62.46333557569104,41.81517915841136,3.5342212419752026,46.68850281663604,24.110094596587444,0.0,0.47,2.54,329013.69325788144,13079.277513385834,126.0,20070.62372415615,11.933836272320574,DHS Ghana 2003 (regional) + WHO GHO (national),WHO Global TB Programme (national 2013-2024),Ghana Statistical Service 2021 Census,"Ghana 260-district basemap (post-2018 Local Governance Act); Guan District (Oti Region) added as a 261st row sharing its parent Krachi East Municipal polygon for adjacency purposes (no distinct legacy polygon exists) -- structural-gap convention, not a distinct surveyed boundary",-0.0140576132648931,4,0.444,0,Not Significant,0.0733204287441262,1,0.185,0,Not Significant,-0.1229921546004899,0.44400001,Not Significant,7.962531959315499,2.7901093389342537,0.1424608110454474,-0.5164085836143597,0.9072508363543588,0.3562512987012987,0.4137953,0.076455968607187,0.2260539051902876,0.2681391162190613
NORTHERN EAST,CHEREPONI,North East,Chereponi,District,10.1792653999999,0.207987165887793,87176.0,20495.0,22457.0,53.8,44.41564717562067,65.29074188458024,59.33845527743334,30.42582741097493,101.21167878751712,0.9090015715727388,49.27044140589153,Northern (pre 2022),0.7,0.7999999999999999,0.7484285871828286,35.45,19.04999696954708,15.114285714285714,32.971168522657855,30.305394896418065,38.91892834889244,84.81624834931498,11.192196676199575,81.67266598030915,58.72018790137363,23.259211629236347,1.756288690940473,35.5392339427036,31.861074048837136,0.0,0.47,2.54,331442.0680369702,12868.586103077389,126.0,20199.78469735326,11.94160074548615,DHS Ghana 2003 (regional) + WHO GHO (national),WHO Global TB Programme (national 2013-2024),Ghana Statistical Service 2021 Census,"Ghana 260-district basemap (post-2018 Local Governance Act); Guan District (Oti Region) added as a 261st row sharing its parent Krachi East Municipal polygon for adjacency purposes (no distinct legacy polygon exists) -- structural-gap convention, not a distinct surveyed boundary",0.2323351823601877,3,0.063,0,Not Significant,0.5908841093717299,3,0.252,0,Not Significant,-0.9711255291872578,0.063,Not Significant,7.250899406014538,1.352859614825118,0.1993749279077159,-0.8098204085542355,0.83309119302738,0.0397523809523809,0.010467258,2.0141082083000952e-05,0.0281901280954135,0.0196074771029708
UPPER WEST,WA EAST,Upper West,Wa East,District,10.06069,-2.50192,91457.0,25357.0,24624.0,48.7,44.78242199035436,52.63819566958178,58.29694320332082,31.497836945005115,79.27385769733782,1.026548344814541,54.64972610079053,Upper West,2.0044660847949425,1.5989610990891492,1.8128070483895755,43.15,44.27011915765724,15.279999999999998,33.333333333333336,51.44920003667685,40.44460846443862,131.55781331209846,23.31024390990674,87.1800117616294,56.27752194674105,23.88494869413209,1.56292399329393,33.92988560871889,31.474526248883585,1.0,0.47,2.5400000000000005,333116.2888110756,12935.087792849208,126.0,20109.716426103525,12.08173688116162,DHS Ghana 2003 (regional) + WHO GHO (national),WHO Global TB Programme (national 2013-2024),Ghana Statistical Service 2021 Census,"Ghana 260-district basemap (post-2018 Local Governance Act); Guan District (Oti Region) added as a 261st row sharing its parent Krachi East Municipal polygon for adjacency purposes (no distinct legacy polygon exists) -- structural-gap convention, not a distinct surveyed boundary",0.8429883409306692,1,0.135,0,Not Significant,-0.0227204417995001,2,0.278,0,Not Significant,0.4092541997188845,0.13500001,Not Significant,7.85750304992139,1.1408508766619383,0.2083028730744392,-0.4227062481027901,0.8151556121389614,0.791290293040293,0.9941943,0.9998779806268564,0.9457675629925394,0.9327825413611578
UPPER WEST,WA MUNICIPAL,Upper West,Wa Municipal,Municipal,10.0623261,-2.5054273,200672.0,60148.0,62830.0,16.5,43.35936204086782,56.3434845999985,31.3950290463047,10.925152077573856,59.58118688728897,0.985759730798753,61.28308882155956,Upper West,2.016716522640458,1.6113461330356942,1.7996669128231693,43.15,44.49707058483386,15.279999999999998,33.333333333333336,51.13104958154607,40.47485789395289,144.53536417919057,10.46809263600426,95.63245233521477,71.061963390185,38.46724601475106,3.2119703264738537,46.86183749680993,24.391616141770093,0.0,0.47,2.54,328530.99738894857,12918.414232896866,126.0,19999.929146380466,11.974410743764704,DHS Ghana 2003 (regional) + WHO GHO (national),WHO Global TB Programme (national 2013-2024),Ghana Statistical Service 2021 Census,"Ghana 260-district basemap (post-2018 Local Governance Act); Guan District (Oti Region) added as a 261st row sharing its parent Krachi East Municipal polygon for adjacency purposes (no distinct legacy polygon exists) -- structural-gap convention, not a distinct surveyed boundary",-0.470633700736392,2,0.007,1,Low-High,-0.0878540008262237,2,0.018,1,Low-High,1.2356974755306225,0.007,Not Significant,7.729822504117592,1.2765432468008726,0.2109526734347042,-0.2092502267100223,0.8262706665055346,0.0661904761904762,0.0050645494,4.420267816578483e-06,0.028889278169382,0.0250371810044753
NORTHERN,SABOBA,Northern,Saboba,District,9.70870525,0.196098328672698,95683.0,24741.0,26074.0,46.0,45.09280737364768,59.57997410447554,46.14204104152487,24.92808285348822,82.40699056623843,0.9267809563055012,53.10765757762612,Northern (pre 2022),0.6952021974696034,0.8005077621361424,0.7528534139827299,35.63074902858336,19.143640669515666,15.114285714285714,33.42067421641872,30.67659128472025,38.55793967818556,88.8093061216448,5.0,87.31323926409118,50.8066471995829,25.64610205871948,1.737876899832668,30.30240884304698,31.355616811192547,0.0,0.4672300979883674,2.5561418415035297,332718.80964956,13000.174794337605,126.0,20107.54562905021,12.033816012810078,DHS Ghana 2003 (regional) + WHO GHO (national),WHO Global TB Programme (national 2013-2024),Ghana Statistical Service 2021 Census,"Ghana 260-district basemap (post-2018 Local Governance Act); Guan District (Oti Region) added as a 261st row sharing its parent Krachi East Municipal polygon for adjacency purposes (no distinct legacy polygon exists) -- structural-gap convention, not a distinct surveyed boundary",0.819391088897401,3,0.264,0,Not Significant,2.066801870640961,3,0.067,0,Not Significant,-0.5747528468329915,0.264,Not Significant,7.311900493686225,1.4181054704152167,0.1994360831054253,-0.7268723830476098,0.8422299817419646,0.0344880952380952,0.006952267,1.7242397680713303e-06,0.0275262988036467,0.017242096355415
UPPER WEST,JIRAPA,UPPER WEST,JIRAPA,,10.331309325,-2.5010639733851683,90499.33333333331,25148.33333333333,26407.0,38.31666666666667,45.22234247678351,58.7033220240134,49.7258559297632,24.57383774038096,69.75410945321681,0.9899304938258584,55.87731189798481,,2.0159987843221696,1.6144381054223431,1.7968461080544298,43.15,44.54667041020432,15.28,33.333333333333336,51.016355397309646,40.5856789481802,145.7596566523359,15.920631782544984,86.14625119499793,59.41206422037907,28.11331534309116,2.0980669933216114,34.20467384990838,31.861068674087225,0.3333333333333333,0.4699999999999999,2.54,329753.7142856755,12924.262791432417,126.0,20020.272806620964,11.922189855265316,DHS Ghana 2003 (regional) + WHO GHO (national),WHO Global TB Programme (national 2013-2024),Ghana Statistical Service 2021 Census,"Ghana 260-district basemap (post-2018 Local Governance Act); Guan District (Oti Region) added as a 261st row sharing its parent Krachi East Municipal polygon for adjacency purposes (no distinct legacy polygon exists) -- structural-gap convention, not a distinct surveyed boundary",0.4041997459915035,1,0.088,0,Not Significant,-0.0620573997207746,2,0.058,0,Not Significant,0.5963505466445488,0.088,Not Significant,7.803358671602492,1.1347775412432868,0.2099104043976437,-0.537393563105641,0.8184201004290942,0.0672190476190476,0.0045964285,1.3669048447008608e-05,0.029093416663209,0.0252306404526757
NORTHERN,GUSHEGU,NORTHERN,GUSHEGU,,9.373536909090909,-0.2253629781244969,102630.90909090907,25133.0,27125.090909090908,47.32727272727273,44.7968998416943,55.21573101599104,55.56926712848275,43.4497868370577,91.20892058396213,0.9232216669500322,50.71755224866092,,0.6956354128939662,0.7982783094427125,0.7593887864141168,35.33149230357848,19.157574198209552,15.114285714285716,33.11537835213641,30.88116285249837,38.67779130508282,95.51841001423044,9.684657481160729,84.96003306783635,53.16703835104302,25.069892446248392,1.8733801613503849,34.36916470198193,30.744014448432328,0.0909090909090909,0.4699723968528106,2.564432750741335,329488.7280174003,13115.282117234496,126.0,19968.957673455363,12.113604160760053,DHS Ghana 2003 (regional) + WHO GHO (national),WHO Global TB Programme (national 2013-2024),Ghana Statistical Service 2021 Census,"Ghana 260-district basemap (post-2018 Local Governance Act); Guan District (Oti Region) added as a 261st row sharing its parent Krachi East Municipal polygon for adjacency purposes (no distinct legacy polygon exists) -- structural-gap convention, not a distinct surveyed boundary",0.1874799425093948,3,0.195,0,Not Significant,0.8228806510816151,3,0.064,0,Not Significant,-0.3539238619212889,0.195,Not Significant,7.419764855542792,1.3635683912688863,0.2025754571077462,-0.677168144008526,0.8268264079744903,0.0043,0.0065173847,3.0053412842060705e-06,0.0259525632119196,0.0091932383050383
UPPER WEST,SISSALA WEST,Upper West,Sissala West,District,10.7467085,-2.29346951572635,63828.0,16844.0,17554.0,32.3,45.54978972410266,61.145344946739705,46.07568112679449,9.742839229710723,79.93411028666205,0.9577187156127174,53.8917089678511,Upper West,2.0109940898052447,1.6123176921609823,1.8180261420432933,43.15,44.057557802143535,15.279999999999998,33.333333333333336,51.248730688357135,40.4798833115558,130.75242661456883,15.279873697845735,82.8585056327032,62.17224152849366,26.549507480851076,1.586551241514868,28.019441810850164,35.72556106176129,0.0,0.47,2.54,328310.01037181594,12894.962382391956,126.0,19847.984147303705,11.96369752566047,DHS Ghana 2003 (regional) + WHO GHO (national),WHO Global TB Programme (national 2013-2024),Ghana Statistical Service 2021 Census,"Ghana 260-district basemap (post-2018 Local Governance Act); Guan District (Oti Region) added as a 261st row sharing its parent Krachi East Municipal polygon for adjacency purposes (no distinct legacy polygon exists) -- structural-gap convention, not a distinct surveyed boundary",0.3352658776128967,1,0.116,0,Not Significant,-0.0702003890238149,2,0.052,0,Not Significant,0.6048457210169235,0.116,Not Significant,7.909330242336548,1.0535158414018932,0.2093864284419191,-0.7139183156867239,0.8140578919552917,0.1042563492063492,0.007335851,3.389201200815966e-05,0.0305340994837212,0.0355400479177588
NORTHERN,NANUMBA NORTH,NORTHERN,NANUMBA NORTH,,9.373536909090909,-0.2253629781244969,102630.90909090907,25133.0,27125.090909090908,47.32727272727273,45.87370872125948,55.27527566525247,55.52586171195081,38.66288214982984,91.29129834400946,0.9277547555795048,50.71755224866092,,0.6960094373613351,0.7916404535730632,0.7541179001547029,35.88591964892402,19.04768323228773,15.114285714285716,33.21178799982744,30.673423536760648,39.09088942193751,95.51841001423044,9.684657481160729,84.96003306783635,53.16703835104302,25.069892446248392,1.8733801613503849,34.36916470198193,30.744014448432328,0.0909090909090909,0.4663165890664202,2.54657698925814,326297.27656292275,13143.465492922003,126.0,19859.98323900008,11.883057110802104,DHS Ghana 2003 (regional) + WHO GHO (national),WHO Global TB Programme (national 2013-2024),Ghana Statistical Service 2021 Census,"Ghana 260-district basemap (post-2018 Local Governance Act); Guan District (Oti Region) added as a 261st row sharing its parent Krachi East Municipal polygon for adjacency purposes (no distinct legacy polygon exists) -- structural-gap convention, not a distinct surveyed boundary",0.3933165422683219,3,0.047,1,Low-Low,1.3307313006302954,3,0.018,1,Low-Low,-0.7402489696107565,0.047,Not Significant,7.869436552225203,1.6582174532415468,0.1998009461749254,-0.5028293739058577,0.8710145519918094,0.0043,0.0065173847,3.0053412842060705e-06,0.0259525632119196,0.0091932383050383
UPPER WEST,LAMBUSSIE-KARNI,UPPER WEST,LAMBUSSIE-KARNI,,10.331309325,-2.5010639733851683,90499.33333333331,25148.33333333333,26407.0,38.31666666666667,45.68925631361836,59.670082829433206,52.74353520449502,19.419592045098216,71.3927365360043,0.9771002724206694,55.87731189798481,,2.014619827417384,1.6206983496811325,1.7901166401415438,43.15,44.97397533064931,15.28,33.333333333333336,51.69121558267659,40.56489464064762,145.7596566523359,15.920631782544984,86.14625119499793,59.41206422037907,28.11331534309116,2.0980669933216114,34.20467384990838,31.861068674087225,0.3333333333333333,0.4699999999999999,2.54,330543.43975212274,12913.466720077984,126.0,19908.29696482977,12.122548610388398,DHS Ghana 2003 (regional) + WHO GHO (national),WHO Global TB Programme (national 2013-2024),Ghana Statistical Service 2021 Census,"Ghana 260-district basemap (post-2018 Local Governance Act); Guan District (Oti Region) added as a 261st row sharing its parent Krachi East Municipal polygon for adjacency purposes (no distinct legacy polygon exists) -- structural-gap convention, not a distinct surveyed boundary",0.2667330726696134,1,0.218,0,Not Significant,-0.0573754376615983,2,0.097,0,Not Significant,0.3944262807171556,0.218,Not Significant,7.892408784655499,1.0627263230808337,0.2096731809453574,-0.6802533633879069,0.8154962023953515,0.0672190476190476,0.0045964285,1.3669048447008608e-05,0.029093416663209,0.0252306404526757
UPPER EAST,BOLGATANGA MUNICIPAL,Upper East,Bolgatanga Municipal,Municipal,10.7853963,-0.8487322,142509.0,40979.0,46310.0,20.2,44.57325188288746,53.960607420038095,28.272081125213926,7.991169352146365,59.4823799516228,0.922360472389361,61.25157007627588,Upper East,0.8,2.184442958302148,1.4852062243644353,52.12857142857144,38.06459742327366,20.716666666666665,33.33333333333334,39.61259703284955,39.71890884199625,152.8463251836339,5.532863367742191,90.91284468616718,76.25311636121205,35.99092788513334,3.1615273359115457,43.78827355043289,26.54485300370877,0.0,0.4699999999999999,2.54,329191.0593706727,13067.316588744105,126.0,20109.809094251024,11.919417817324424,DHS Ghana 2003 (regional) + WHO GHO (national),WHO Global TB Programme (national 2013-2024),Ghana Statistical Service 2021 Census,"Ghana 260-district basemap (post-2018 Local Governance Act); Guan District (Oti Region) added as a 261st row sharing its parent Krachi East Municipal polygon for adjacency purposes (no distinct legacy polygon exists) -- structural-gap convention, not a distinct surveyed boundary",-0.9438899688468224,2,0.075,0,Not Significant,-0.6001523381697628,2,0.002,1,Low-High,0.7007894671727612,0.075,Not Significant,7.957779423374397,1.135431226159804,0.2086848732758599,-0.7534817956919869,0.8177161415455144,0.1155587301587301,0.024549445,5.0498094081491184e-05,0.033839410043468,0.0434995208584153
NORTHERN,NANUMBA SOUTH,Northern,Nanumba South,District,8.76637935,0.0549741822848612,106374.0,24635.0,26996.0,46.3,42.76840055176118,43.69260895557646,57.42701620921306,44.49411066551087,98.27432535337884,0.9236557630694828,48.53723654276421,Northern (pre 2022),0.7013244586216081,0.7982409230503373,0.7439317360234629,35.20515779787782,19.424571979153463,15.114285714285714,33.667675631822455,30.22807747268877,38.648779102251225,49.06831151482602,5.0,86.13178279143762,61.90443037238464,26.176968664705967,1.969075321357764,34.35549417356967,24.435754079977936,0.0,0.4710453681159635,2.5648255734122856,327155.0813602105,13070.810834063996,126.0,20258.8590753885,12.11700270025666,DHS Ghana 2003 (regional) + WHO GHO (national),WHO Global TB Programme (national 2013-2024),Ghana Statistical Service 2021 Census,"Ghana 260-district basemap (post-2018 Local Governance Act); Guan District (Oti Region) added as a 261st row sharing its parent Krachi East Municipal polygon for adjacency purposes (no distinct legacy polygon exists) -- structural-gap convention, not a distinct surveyed boundary",0.8820138892862309,3,0.081,0,Not Significant,1.8268488403144696,3,0.004,1,Low-Low,-0.6182523067828977,0.081,Not Significant,7.771786051326771,1.6594394037968925,0.1891262154414447,-0.5719341537669164,0.8948519080630634,0.0188595238095238,0.0046916762,6.767593024767327e-06,0.0268024792709034,0.0125901117275352
BONO,WENCHI MUNICIPAL,Bono,Wenchi Municipal,Municipal,7.80281055,-2.08141333112632,124758.0,35042.0,37424.0,23.6,42.33725916326746,53.21372419504168,37.27939144363205,22.442719954895605,66.75928687689566,0.8838974280547831,58.085253049904615,Brong-Ahafo,3.8,1.3,2.55,55.40714285714286,26.266666666666666,21.057142857142857,33.333333333333336,69.42834761156166,41.260000000000005,144.58428130028352,15.052605099102475,96.76756276988364,81.63497746566038,38.26012017523734,3.5792859275772813,47.87365088326468,19.54544908998057,0.0,0.4699999999999999,2.54,330954.9312869424,13002.171533667904,126.0,20190.17335106552,12.139124254197329,DHS Ghana 2003 (regional) + WHO GHO (national),WHO Global TB Programme (national 2013-2024),Ghana Statistical Service 2021 Census,"Ghana 260-district basemap (post-2018 Local Governance Act); Guan District (Oti Region) added as a 261st row sharing its parent Krachi East Municipal polygon for adjacency purposes (no distinct legacy polygon exists) -- structural-gap convention, not a distinct surveyed boundary",0.0370824848709651,1,0.421,0,Not Significant,0.0309675337884667,1,0.467,0,Not Significant,0.0743867810119732,0.421,Not Significant,8.620146476775377,1.8565508199605176,0.1747755713446252,-0.1429014013792737,0.7415496372971179,0.1054738095238095,0.012674387,7.956436179362587e-05,0.0303317205907462,0.037139870272355
UPPER EAST,BONGO,Upper East,Bongo,District,10.9166838999999,-0.805767855895511,116431.0,30052.0,35165.0,54.0,49.00548938869852,78.29820072685187,41.943048445674286,17.155538431094982,65.8970234759786,0.8163744260208459,56.013432848639965,Upper East,0.8000000000000002,2.195651000735361,1.4888680532500138,52.12857142857143,37.88824356707011,20.716666666666665,33.33333333333334,38.961137253533664,39.85163428199248,162.6097776898737,20.06234051183547,72.71626436953704,40.41890195934417,24.463432033480636,1.0218274395879068,25.199716000997263,45.9263292928531,1.0,0.47,2.54,331786.3242905402,13063.428907844793,126.0,19783.42362459421,12.097961133445054,DHS Ghana 2003 (regional) + WHO GHO (national),WHO Global TB Programme (national 2013-2024),Ghana Statistical Service 2021 Census,"Ghana 260-district basemap (post-2018 Local Governance Act); Guan District (Oti Region) added as a 261st row sharing its parent Krachi East Municipal polygon for adjacency purposes (no distinct legacy polygon exists) -- structural-gap convention, not a distinct surveyed boundary",0.4250734062027517,1,0.288,0,Not Significant,-0.6277043082251398,2,0.002,1,Low-High,0.2926410372893141,0.288,Not Significant,7.9308622560991875,1.147663198046282,0.2081515094468499,-0.7714977024657603,0.8199151046240287,0.8000539682539682,0.976909,0.9997578828372192,0.944152713884585,0.930218386693963
AHAFO,TANO SOUTH MUNICIPAL,Ahafo,Tano South Municipal,Municipal,7.16093674999999,-1.99681708617696,86989.0,24906.0,26294.0,23.7,42.613663835729234,47.743479082447664,27.530746620557416,24.19093381578441,62.19459568744495,0.9236565362705416,58.85801653082574,Brong-Ahafo,3.8,1.2886567583829995,2.55,55.40714285714286,26.266666666666666,21.057142857142857,33.25653936713211,69.56104982295929,41.260000000000005,145.79367839322168,17.135339523581223,94.4892423153372,78.08742025527049,39.99625504768888,3.5369418943122715,45.56927026702992,21.7543428709018,1.0,0.47,2.54,330496.3528528779,13026.84317672115,126.0,20037.95019435345,11.864406175338605,DHS Ghana 2003 (regional) + WHO GHO (national),WHO Global TB Programme (national 2013-2024),Ghana Statistical Service 2021 Census,"Ghana 260-district basemap (post-2018 Local Governance Act); Guan District (Oti Region) added as a 261st row sharing its parent Krachi East Municipal polygon for adjacency purposes (no distinct legacy polygon exists) -- structural-gap convention, not a distinct surveyed boundary",-0.495354613743575,4,0.141,0,Not Significant,-0.4441412324814324,4,0.125,0,Not Significant,-0.5369655369050669,0.141,Not Significant,8.057042257826339,1.4767372850950315,0.1473050858178899,-0.2332744882465985,0.5224561149159418,0.1057809523809524,0.006682708,4.914450505712853e-05,0.0323538449028536,0.036216662429246
UPPER EAST,KASENA NANKANA WEST,Upper East,Kasena Nankana West,District,10.895598,-1.30768,90735.0,24454.0,26493.0,53.6,48.23974196629776,70.67580256757849,39.23053217199073,12.943980748784664,62.07696917326802,0.94330819629207,56.14922576734447,Upper East,0.8000000000000003,2.186216936545061,1.4973779802076004,52.12857142857143,37.89177691820108,20.716666666666665,33.333333333333336,39.186047961434944,40.01734725650908,139.60365313011658,13.24685735536286,80.78091339510213,51.51175845612252,27.67025750770435,1.5412429096377276,28.87213937771238,37.2136723748594,0.0,0.47,2.54,329359.6311941587,12897.5386809094,126.0,20045.20809799744,12.045212869016693,DHS Ghana 2003 (regional) + WHO GHO (national),WHO Global TB Programme (national 2013-2024),Ghana Statistical Service 2021 Census,"Ghana 260-district basemap (post-2018 Local Governance Act); Guan District (Oti Region) added as a 261st row sharing its parent Krachi East Municipal polygon for adjacency purposes (no distinct legacy polygon exists) -- structural-gap convention, not a distinct surveyed boundary",0.0,4,0.001,1,High-Low,-0.0,3,0.001,1,Low-Low,,0.001,Not Significant,8.02053838014384,1.0788032165788877,0.2098844273723208,-0.7830812969607331,0.8148727582442312,0.1584404761904762,0.010679686,6.082323135961611e-07,0.034139910579332,0.0508151703610348
UPPER WEST,WA WEST,Upper West,Wa West,District,9.8985772,-2.6832633,96957.0,23133.0,27784.0,61.9,49.12519958215682,70.84179798541541,55.8118021288538,36.41914368142552,84.30392408163114,0.8779587021914479,52.51503243705973,Upper West,2.0070029567702807,1.5930009099090068,1.7904240678147012,43.15,44.25813026384352,15.279999999999998,33.333333333333336,50.74183767360277,41.21179664096791,184.78301165069408,21.562143309408373,75.33578686787604,37.46578436502004,22.196547781106904,0.9469007308179936,23.625883412092904,42.90109236067925,1.0,0.47,2.54,329745.7706169756,13033.072560683324,126.0,20170.98074055108,12.021227485882603,DHS Ghana 2003 (regional) + WHO GHO (national),WHO Global TB Programme (national 2013-2024),Ghana Statistical Service 2021 Census,"Ghana 260-district basemap (post-2018 Local Governance Act); Guan District (Oti Region) added as a 261st row sharing its parent Krachi East Municipal polygon for adjacency purposes (no distinct legacy polygon exists) -- structural-gap convention, not a distinct surveyed boundary",0.8459204419892639,1,0.169,0,Not Significant,-0.0282146821843143,2,0.268,0,Not Significant,0.4850288900578708,0.169,Not Significant,7.68349146694027,1.3797243438660851,0.212085894630041,-0.0369305866612675,0.8368064258443325,0.9641371184371186,0.9986386,0.9999907892661292,0.9616410443471513,0.9811018805897712
BONO,SUNYANI MUNICIPAL,Bono,Sunyani Municipal,Municipal,7.3384389,-2.3309226,193595.0,62754.0,63470.0,10.9,41.03954789620685,50.4167410438001,13.515489453844449,8.44629672502817,51.6325801584786,0.9624388284419718,65.20003099253596,Brong-Ahafo,3.8,1.3,2.55,55.40714285714286,26.266666666666666,21.057142857142857,33.333333333333336,70.0647595384809,41.260000000000005,144.76489240569512,10.196566479153104,97.08298204520626,88.37956881810504,34.17865568943769,3.7557358890779136,48.64028623562827,16.630715933594413,0.0,0.47,2.54,328612.4389855465,13061.373744998871,126.0,19906.1334369437,12.005461445482394,DHS Ghana 2003 (regional) + WHO GHO (national),WHO Global TB Programme (national 2013-2024),Ghana Statistical Service 2021 Census,"Ghana 260-district basemap (post-2018 Local Governance Act); Guan District (Oti Region) added as a 261st row sharing its parent Krachi East Municipal polygon for adjacency purposes (no distinct legacy polygon exists) -- structural-gap convention, not a distinct surveyed boundary",0.0270008015670528,3,0.464,0,Not Significant,0.1312241868192463,1,0.367,0,Not Significant,-0.0639898259104246,0.464,Not Significant,7.470893877627295,1.209638155227072,0.1076564977394513,-0.4240606978561085,0.544268613453205,0.0450349206349206,0.0043937233,4.4259880339817175e-05,0.0282843348821409,0.0194393096812669
SAVANNAH,SAWLA-TUNA-KALBA,SAVANNAH,SAWLA-TUNA-KALBA,,8.913124791666666,-1.0654669283568114,90102.16666666669,25024.166666666668,24247.5,49.38333333333333,45.68394722973073,64.24312367338635,49.11817911511094,30.72313560410493,80.20397248492989,0.9981654283722512,54.33271307441868,,0.7000000000000001,0.7999999999999999,0.7471388249674683,35.45,19.24508166108921,15.114285714285714,33.53910989712902,30.55,38.99757841114574,99.3701448983402,9.74875825288939,84.03139904123684,57.063807205072806,27.733108284815017,2.294407715026857,36.69207829707961,31.164102617651547,0.1666666666666666,0.4699999999999998,2.54,331507.47926050425,12886.043642930505,126.0,20009.01730830072,12.053237222651632,DHS Ghana 2003 (regional) + WHO GHO (national),WHO Global TB Programme (national 2013-2024),Ghana Statistical Service 2021 Census,"Ghana 260-district basemap (post-2018 Local Governance Act); Guan District (Oti Region) added as a 261st row sharing its parent Krachi East Municipal polygon for adjacency purposes (no distinct legacy polygon exists) -- structural-gap convention, not a distinct surveyed boundary",-0.1606427824626576,2,0.25,0,Not Significant,-0.2614907531215625,2,0.333,0,Not Significant,0.3067215207239264,0.25,Not Significant,7.546975294191824,1.5493409377754763,0.2117175356525344,0.2756421640177984,0.8450508944556216,0.0382333333333333,0.003441386,1.5649704177722863e-06,0.0273003477159123,0.0172441579861198
ASHANTI,ASANTE AKIM SOUTH,ASHANTI,ASANTE AKIM SOUTH,,6.648968471212119,-1.5710996271278177,121878.81818181818,36505.0,37998.333333333336,21.23333333333333,42.8855516622687,48.41333511045672,21.17359507862357,27.74467555107676,58.44752719815919,0.9870419939633316,60.40712501501989,,2.497565616153087,1.2999999999999998,1.9,56.864285714285714,29.03333333333333,22.928571428571427,33.316666666666656,71.76265547844375,43.31,115.5257832149487,10.538249727084729,90.77941777709772,65.48132841962365,34.71769297793984,2.64667986240882,40.68058247570054,23.965784469313288,0.0303030303030303,0.47,2.5400000000000005,327523.37690316414,12923.418180005185,126.0,19923.914626035545,11.923325407962375,DHS Ghana 2003 (regional) + WHO GHO (national),WHO Global TB Programme (national 2013-2024),Ghana Statistical Service 2021 Census,"Ghana 260-district basemap (post-2018 Local Governance Act); Guan District (Oti Region) added as a 261st row sharing its parent Krachi East Municipal polygon for adjacency purposes (no distinct legacy polygon exists) -- structural-gap convention, not a distinct surveyed boundary",0.1778668646925391,3,0.16,0,Not Significant,-0.012992000730677,4,0.149,0,Not Significant,-0.486377138658761,0.16,Not Significant,6.9019555601377744,1.2476724023927266,0.1163921537763469,-0.4253542335680753,0.9355282664408754,0.0,0.000768791,7.703545722415979e-07,0.0255161418576258,0.0065714258058167
UPPER WEST,SISSALA EAST,UPPER WEST,SISSALA EAST,,10.331309325,-2.5010639733851683,90499.33333333331,25148.33333333333,26407.0,38.31666666666667,44.94363718191335,61.09643477789464,53.0090889006417,23.13488457343984,63.97604168970973,0.9588656906863606,55.87731189798481,,2.013981393607011,1.6007789398277612,1.789430623452802,43.15,44.9464654509576,15.28,33.333333333333336,50.94153435990364,40.60327250176694,145.7596566523359,15.920631782544984,86.14625119499793,59.41206422037907,28.11331534309116,2.0980669933216114,34.20467384990838,31.861068674087225,0.3333333333333333,0.4699999999999999,2.54,329349.2461181231,12960.996712389328,126.0,20092.55436850769,12.059192750123804,DHS Ghana 2003 (regional) + WHO GHO (national),WHO Global TB Programme (national 2013-2024),Ghana Statistical Service 2021 Census,"Ghana 260-district basemap (post-2018 Local Governance Act); Guan District (Oti Region) added as a 261st row sharing its parent Krachi East Municipal polygon for adjacency purposes (no distinct legacy polygon exists) -- structural-gap convention, not a distinct surveyed boundary",0.5336137053091276,1,0.037,1,High-High,-0.0030322910701763,2,0.469,0,Not Significant,0.786446212048328,0.037,Not Significant,7.937026274973972,1.076669703294443,0.20923970689173,-0.6958834879571962,0.8140014577589744,0.0672190476190476,0.0045964285,1.3669048447008608e-05,0.029093416663209,0.0252306404526757
GREATER ACCRA,ADA EAST,Greater Accra,Ada East,District,5.8761016,0.549568161630084,76411.0,21337.0,23053.0,28.2,43.88351490267791,52.66074164968596,30.10314492130875,38.92494163911349,61.93827955440311,0.9250176085311468,58.09372996034602,Greater Accra,2.6000000000000005,1.4,1.9959818355801504,55.535714285714285,43.53333333333334,31.47142857142857,33.33333333333333,60.04999999999999,52.970000000000006,122.3764275166999,13.11057698703829,85.22769257916097,47.54103983804356,29.053792199815963,1.7483551171609686,32.953009033627794,32.066937576217065,0.0,0.47,2.5400000000000005,328563.8004165308,12947.2503431553,126.0,19814.331267682745,11.93707463840327,DHS Ghana 2003 (regional) + WHO GHO (national),WHO Global TB Programme (national 2013-2024),Ghana Statistical Service 2021 Census,"Ghana 260-district basemap (post-2018 Local Governance Act); Guan District (Oti Region) added as a 261st row sharing its parent Krachi East Municipal polygon for adjacency purposes (no distinct legacy polygon exists) -- structural-gap convention, not a distinct surveyed boundary",-0.0058204694053226,4,0.489,0,Not Significant,-0.0359797774044382,4,0.312,0,Not Significant,-0.0428833690320109,0.489,Not Significant,6.417263182286785,1.6195203877147462,0.1075754330115463,-0.4657398486722803,0.9058456323929734,0.3294119047619048,0.13415055,0.0003139313011341,0.0649557580366604,0.1322080359672752
GREATER ACCRA,SHAI OSUDOKU,GREATER ACCRA,SHAI OSUDOKU,,5.624192658333333,-0.2349828662869439,173578.5,55808.77777777778,58485.944444444445,13.344444444444443,43.6211290741465,45.10285928809646,8.69130519002571,42.57791715480038,45.5157022093409,0.9595082611869986,65.98249284508076,,2.6,1.3999999999999997,1.9949251137420827,55.5357142857143,43.53333333333333,31.47142857142857,33.33333333333334,60.04999999999999,52.97000000000001,144.0384651859599,12.35353247494442,92.37824944419664,67.95737985565589,39.42698900961371,3.3474906506070354,45.87963772048502,22.56093875901817,0.1666666666666666,0.47,2.540000000000001,330083.97780366306,13052.99563450239,126.0,19932.598180678284,11.959924063593665,DHS Ghana 2003 (regional) + WHO GHO (national),WHO Global TB Programme (national 2013-2024),Ghana Statistical Service 2021 Census,"Ghana 260-district basemap (post-2018 Local Governance Act); Guan District (Oti Region) added as a 261st row sharing its parent Krachi East Municipal polygon for adjacency purposes (no distinct legacy polygon exists) -- structural-gap convention, not a distinct surveyed boundary",-0.0028432193033175,2,0.326,0,Not Significant,0.0364296698697118,1,0.308,0,Not Significant,0.2134077964304549,0.32600001,Not Significant,7.239315706265921,2.059996294143834,0.14521296420843,-0.769712782334983,0.9101419838795108,0.0006666666666666,0.0045890715,1.6067994964558213e-05,0.0259329575757606,0.0078011909336782
UPPER EAST,KASENA NANKANA EAST,UPPER EAST,KASENA NANKANA EAST,,10.85427183749998,-0.5820401901139932,92161.33333333331,24398.33333333333,26712.916666666668,47.40833333333334,47.19293802087295,71.40007903469562,46.85664939803208,15.94576021337328,64.94399060181154,0.9277705897787548,55.30773879385512,,0.8,2.21330143690106,1.5066649247224613,52.12857142857142,38.50537892038869,20.716666666666665,33.33333333333333,39.52184288344621,39.491166973397,157.38734438951963,14.279432474725231,77.40664019220861,52.83442751360704,26.789891289181824,1.477891489773608,30.83278525040626,39.38790920687923,0.25,0.4699999999999999,2.54,327895.8736060704,12916.206064443457,126.0,19885.35638633825,11.965295978684384,DHS Ghana 2003 (regional) + WHO GHO (national),WHO Global TB Programme (national 2013-2024),Ghana Statistical Service 2021 Census,"Ghana 260-district basemap (post-2018 Local Governance Act); Guan District (Oti Region) added as a 261st row sharing its parent Krachi East Municipal polygon for adjacency purposes (no distinct legacy polygon exists) -- structural-gap convention, not a distinct surveyed boundary",-0.0195643623886677,4,0.482,0,Not Significant,-0.4602954794835619,2,0.006,1,Low-High,-0.0527028509718361,0.482,Not Significant,7.967453406905582,1.1281234372994082,0.2089549884957245,-0.7399200675736062,0.8173171365728307,0.0690238095238095,0.009638795,4.804447013730567e-06,0.0280785422365213,0.0266864877262914
GREATER ACCRA,ADA WEST,Greater Accra,Ada West,District,5.9040093,0.420370257026968,76087.0,20114.0,21662.0,40.1,44.84942838972377,50.22637801381124,32.36076767358378,59.76258616817955,75.44841468223504,0.9403824510333078,54.90556862538936,Greater Accra,2.6,1.4,1.992134200678943,55.53571428571428,43.53333333333334,31.47142857142857,33.333333333333336,60.05,52.970000000000006,118.17775835408872,22.944125446627645,85.19990115160991,55.98044437204092,25.44903801144877,2.033256762449957,34.47325772247814,31.839730038871934,1.0,0.4699999999999999,2.5400000000000005,332789.54843321897,13086.8905896843,126.0,19886.851392690853,11.934280433753957,DHS Ghana 2003 (regional) + WHO GHO (national),WHO Global TB Programme (national 2013-2024),Ghana Statistical Service 2021 Census,"Ghana 260-district basemap (post-2018 Local Governance Act); Guan District (Oti Region) added as a 261st row sharing its parent Krachi East Municipal polygon for adjacency purposes (no distinct legacy polygon exists) -- structural-gap convention, not a distinct surveyed boundary",-1.005338681720147,4,0.15,0,Not Significant,0.0161159986491087,1,0.399,0,Not Significant,-0.4866654378822506,0.15,Not Significant,6.574759185286864,1.6998896477983951,0.1175868781242829,-0.5486363737267831,0.9052138234870244,0.7639452380952377,0.9963475,0.9999467183536735,0.9404935898546316,0.925183258319088
NORTHERN EAST,BUNKPURUGU NAKPANDURI,North East,Bunkpurugu Nakpanduri,District,10.632198,-0.180118,82384.0,23265.0,23614.0,38.3,45.25586691550606,68.92660302881592,38.82747795137647,9.513847885127367,58.41349535088575,0.9767052992311624,56.9030394251311,Northern (pre 2022),0.7,0.8,0.7507042236759118,35.45,19.23883497520536,15.114285714285714,33.4369923282664,30.496245536431843,38.32551001474648,116.34086101865324,5.197016044685711,80.82941251885205,61.50179596245804,27.97922791225532,1.328838887745335,33.54217186250781,35.419524359424976,0.0,0.47,2.54,328942.60085471167,12993.05764681884,126.0,20051.08827545551,12.076928309688777,DHS Ghana 2003 (regional) + WHO GHO (national),WHO Global TB Programme (national 2013-2024),Ghana Statistical Service 2021 Census,"Ghana 260-district basemap (post-2018 Local Governance Act); Guan District (Oti Region) added as a 261st row sharing its parent Krachi East Municipal polygon for adjacency purposes (no distinct legacy polygon exists) -- structural-gap convention, not a distinct surveyed boundary",0.2250841118076208,3,0.373,0,Not Significant,0.5044195102804346,3,0.182,0,Not Significant,-0.1660113972658727,0.373,Not Significant,7.519248926692243,1.270751417173856,0.2023724074010523,-0.8103023270759633,0.8262234664820823,0.0474285714285714,0.0005237455,3.0167530926931605e-08,0.0279709319602449,0.0189808197615299
UPPER EAST,GARU,Upper East,Garu,District,10.76975475,-0.21182067584702,71774.0,17246.0,19558.0,44.7,47.67211063839562,62.95976683399715,49.28374929490207,17.607074573420373,77.12169067957427,0.8496704214918043,51.27762142279935,Upper East,0.8000000000000002,2.1861887428749696,1.510498565703288,52.12857142857143,38.32553951163478,20.716666666666665,33.33333333333334,39.65620203008427,39.726441324759136,163.99136124673723,16.52969548885026,73.98328689458373,49.3825325891171,25.183926281991912,1.385014518049745,28.51350992762612,39.04054935452145,1.0,0.47,2.54,327017.41544058494,13144.192794789951,126.0,19971.27406008532,11.90032164695758,DHS Ghana 2003 (regional) + WHO GHO (national),WHO Global TB Programme (national 2013-2024),Ghana Statistical Service 2021 Census,"Ghana 260-district basemap (post-2018 Local Governance Act); Guan District (Oti Region) added as a 261st row sharing its parent Krachi East Municipal polygon for adjacency purposes (no distinct legacy polygon exists) -- structural-gap convention, not a distinct surveyed boundary",-0.2165773537090764,4,0.266,0,Not Significant,-0.2757722299382511,2,0.046,1,Low-High,-0.2679715563710855,0.266,Not Significant,7.7274281972949455,1.2078720471899602,0.2051593642320889,-0.8175378190181741,0.8222908830592063,0.2077712454212454,0.14270552,0.000238008977651,0.063778062933801,0.1036232080899359
GREATER ACCRA,NINGO/PRAMPRAM,GREATER ACCRA,NINGO/PRAMPRAM,,5.624192658333333,-0.2349828662869439,173578.5,55808.77777777778,58485.944444444445,13.344444444444443,43.6949250942178,45.64621077667304,12.494583429985664,42.39341027881444,50.57828906558971,0.9555302630528378,65.98249284508076,,2.6,1.3999999999999997,2.0089491893730576,55.5357142857143,43.53333333333333,31.47142857142857,33.33333333333334,60.04999999999998,52.97000000000001,144.0384651859599,12.35353247494442,92.37824944419664,67.95737985565589,39.42698900961371,3.3474906506070354,45.87963772048502,22.56093875901817,0.1666666666666666,0.47,2.5400000000000005,332685.96975214145,12991.181081407589,126.0,20051.27279009097,11.899148425600815,DHS Ghana 2003 (regional) + WHO GHO (national),WHO Global TB Programme (national 2013-2024),Ghana Statistical Service 2021 Census,"Ghana 260-district basemap (post-2018 Local Governance Act); Guan District (Oti Region) added as a 261st row sharing its parent Krachi East Municipal polygon for adjacency purposes (no distinct legacy polygon exists) -- structural-gap convention, not a distinct surveyed boundary",-0.0089802738273376,2,0.117,0,Not Significant,0.0660961116212483,1,0.217,0,Not Significant,0.6741565262881416,0.117,Not Significant,7.655976998480455,2.4413140423452004,0.1492606224645317,-0.5217161891829042,0.8953482129632039,0.0006666666666666,0.0045890715,1.6067994964558213e-05,0.0259329575757606,0.0078011909336782
NORTHERN EAST,EAST MAMPRUSI,NORTHERN EAST,EAST MAMPRUSI,,10.337121987499977,-0.5026164675557578,103515.25,26045.25,28102.25,44.525,45.30319235687576,60.06505002722466,47.95904743416626,22.19666912520959,85.9124626317587,0.9285900533187308,52.2743475582883,,0.7,0.8,0.7564219841162207,35.45,19.261560834486733,15.114285714285714,33.06535430373599,30.43876752715121,38.95834984366883,97.95036834219786,10.298149841257697,85.28659844551746,58.78335443054871,27.35203524965041,2.0462808129107874,37.53780794278279,30.898409806107125,0.0,0.47,2.54,331248.12983914954,12969.039729954877,126.0,19988.70687854024,11.921691108502852,DHS Ghana 2003 (regional) + WHO GHO (national),WHO Global TB Programme (national 2013-2024),Ghana Statistical Service 2021 Census,"Ghana 260-district basemap (post-2018 Local Governance Act); Guan District (Oti Region) added as a 261st row sharing its parent Krachi East Municipal polygon for adjacency purposes (no distinct legacy polygon exists) -- structural-gap convention, not a distinct surveyed boundary",0.0272930529810113,3,0.43,0,Not Significant,-0.5006816021697095,2,0.144,0,Not Significant,-0.0675993172487066,0.43,Not Significant,7.715050246640069,1.2286140109414327,0.2053689223257129,-0.7599178225921155,0.8202591850195249,0.0004,0.0011926378,3.237680549929159e-07,0.0255788354781885,0.0067929492704682
GREATER ACCRA,LA DADE-KOTOPON,GREATER ACCRA,LA DADE-KOTOPON,,5.624192658333333,-0.2349828662869439,173578.5,55808.77777777778,58485.944444444445,13.344444444444443,43.32917170458728,44.03844478993983,13.208499968021682,37.747010716502245,44.73255849628155,0.9385027748651183,65.98249284508076,,2.6000000000000005,1.3999999999999997,2.004282476397621,55.53571428571431,43.53333333333333,31.47142857142857,33.333333333333336,60.05,52.97000000000001,144.0384651859599,12.35353247494442,92.37824944419664,67.95737985565589,39.42698900961371,3.3474906506070354,45.87963772048502,22.56093875901817,0.1666666666666666,0.47,2.54,331278.0586909337,13046.099453373849,126.0,19891.23900612252,11.986631199349674,DHS Ghana 2003 (regional) + WHO GHO (national),WHO Global TB Programme (national 2013-2024),Ghana Statistical Service 2021 Census,"Ghana 260-district basemap (post-2018 Local Governance Act); Guan District (Oti Region) added as a 261st row sharing its parent Krachi East Municipal polygon for adjacency purposes (no distinct legacy polygon exists) -- structural-gap convention, not a distinct surveyed boundary",-0.0030685787726903,2,0.308,0,Not Significant,0.100814585285224,1,0.061,0,Not Significant,0.2303270023570929,0.308,Not Significant,7.89977920291852,2.7877984023485687,0.1359377154753317,-0.5567805041215955,0.9106358935511484,0.0006666666666666,0.0045890715,1.6067994964558213e-05,0.0259329575757606,0.0078011909336782
UPPER EAST,BAWKU WEST,Upper East,Bawku West,District,10.84277,-0.492947618512454,144189.0,37320.0,39958.0,47.6,47.08764290148824,68.36018876641027,48.30585569100448,12.410893120405316,80.04552660450686,0.9266727757191504,53.5949344263432,Upper East,0.8,2.205376620029091,1.5017575982709117,52.12857142857143,38.01893494659477,20.716666666666665,33.33333333333333,39.11829259982828,39.84142569526299,163.34871038203772,14.135241201284323,73.8574150937271,52.901193299161015,28.27650466739911,1.4359313867206898,30.61441224771813,41.306710664934194,0.0,0.4699999999999998,2.54,332585.3009086724,12959.596617291654,126.0,19860.21683466875,12.057592836964236,DHS Ghana 2003 (regional) + WHO GHO (national),WHO Global TB Programme (national 2013-2024),Ghana Statistical Service 2021 Census,"Ghana 260-district basemap (post-2018 Local Governance Act); Guan District (Oti Region) added as a 261st row sharing its parent Krachi East Municipal polygon for adjacency purposes (no distinct legacy polygon exists) -- structural-gap convention, not a distinct surveyed boundary",0.2021386638262198,1,0.08,0,Not Significant,-0.4787659265176364,2,0.004,1,Low-High,0.6072021201857057,0.08,Not Significant,7.85861465110843,1.1636189794727358,0.2072009565450303,-0.8162713566949118,0.8190142885714886,0.0878523809523809,0.0075673116,6.523503956272719e-06,0.0318672177553853,0.0318233584622065
WESTERN NORTH,AOWIN,WESTERN NORTH,AOWIN,,6.353218683333331,-2.942471394054138,71412.16666666667,22590.166666666668,20511.33333333333,26.15,41.75574462590508,42.82534198419438,46.59343640904969,32.949201521000376,58.76950978398494,1.085132527924483,60.56995134332232,,3.3776797022520006,1.8,2.613083464125398,53.73571428571429,31.46666666666667,22.82857142857144,33.57220821213485,69.05642531203725,39.81812832604832,104.00500925197906,16.701601627556496,91.00068045894648,60.70111842538984,27.28148946422797,2.181839323909185,37.62333534642918,21.606138357334384,0.8333333333333334,0.4756756358748068,2.551862411219713,327383.75936096854,12889.698236232578,126.0,19975.82831388935,12.053585572989451,DHS Ghana 2003 (regional) + WHO GHO (national),WHO Global TB Programme (national 2013-2024),Ghana Statistical Service 2021 Census,"Ghana 260-district basemap (post-2018 Local Governance Act); Guan District (Oti Region) added as a 261st row sharing its parent Krachi East Municipal polygon for adjacency purposes (no distinct legacy polygon exists) -- structural-gap convention, not a distinct surveyed boundary",1.030651777844471,1,0.006,1,High-High,0.0795875011890891,1,0.443,0,Not Significant,1.2414170663375956,0.006,Not Significant,7.343733613648439,0.5825174950205317,0.1505566426296322,-0.457554403013193,0.8427220618098685,0.1575126984126984,0.063033834,0.0001548328255785,0.035776608406255,0.0641194934360754
BONO,DORMAA EAST,Bono,Dormaa East,District,7.26432845,-2.64146295349265,67899.0,19943.0,21068.0,19.5,41.72644054958931,50.36637292221758,28.1725139713762,16.10579449911472,54.391120285195896,0.9053252366218548,60.40000589110296,Brong-Ahafo,3.8,1.3,2.55,55.40714285714286,26.266666666666666,21.057142857142857,33.333333333333336,68.64405335194861,41.260000000000005,108.99716304996078,13.85038941700433,95.91879366487866,58.97991882131529,26.557325819980644,1.9338395044014485,40.920675150656976,24.692385961636603,0.0,0.47,2.54,329519.478256046,12891.47061762742,126.0,20191.597692668536,11.885143106382236,DHS Ghana 2003 (regional) + WHO GHO (national),WHO Global TB Programme (national 2013-2024),Ghana Statistical Service 2021 Census,"Ghana 260-district basemap (post-2018 Local Governance Act); Guan District (Oti Region) added as a 261st row sharing its parent Krachi East Municipal polygon for adjacency purposes (no distinct legacy polygon exists) -- structural-gap convention, not a distinct surveyed boundary",-0.0259886331280006,4,0.442,0,Not Significant,0.1352915307341451,1,0.35,0,Not Significant,-0.0923601508076293,0.442,Not Significant,7.800614212401327,1.0389607951405193,0.1205749982798593,-0.4876826569241543,0.6019224174081638,0.0481904761904761,0.004175876,9.28851896834547e-06,0.0281540054864524,0.0201324114993725
WESTERN NORTH,SUAMAN,Western North,Suaman,District,6.10824159999999,-3.00869712063798,38268.0,13440.0,11022.0,37.5,41.42600082343089,52.23262395605744,57.13881208648407,48.785592353444805,50.91184165047729,1.2224543772929464,63.922859830667925,Western (pre 2022),3.415571500343092,1.8,2.6071300437071234,53.73571428571428,31.466666666666665,22.82857142857143,33.13571400700144,68.66276991215021,39.939945700650334,78.61266644698772,21.4283337807548,92.07236085955267,57.06960072903845,26.40464153310704,2.242400862854008,37.13343113859153,21.316379455783803,1.0,0.474693514695325,2.539555645888512,328117.64424388495,12853.23915890693,126.0,20187.15557763317,12.143550478881783,DHS Ghana 2003 (regional) + WHO GHO (national),WHO Global TB Programme (national 2013-2024),Ghana Statistical Service 2021 Census,"Ghana 260-district basemap (post-2018 Local Governance Act); Guan District (Oti Region) added as a 261st row sharing its parent Krachi East Municipal polygon for adjacency purposes (no distinct legacy polygon exists) -- structural-gap convention, not a distinct surveyed boundary",1.6425707916745422,1,0.026,1,High-High,-0.2189886333291725,4,0.288,0,Not Significant,0.94884217108897,0.026,Not Significant,7.38274527412158,0.550294482626877,0.1656313180829056,-0.4006459026914353,0.783378465067896,0.9324238095238092,0.998589,0.9999892252613451,0.9603110609696516,0.9728282687497596
BONO,BEREKUM EAST MUNICIPAL,Bono,Berekum East Municipal,Municipal,7.4848835,-2.56459096524003,106252.0,31142.0,36153.0,12.6,41.16762469055556,50.52686445383186,11.93376910822144,9.622251349236976,51.00035967333404,0.8227145509834866,63.335278394759634,Brong-Ahafo,3.8,1.3,2.55,55.40714285714286,26.266666666666666,21.057142857142857,33.333333333333336,68.58339973122484,41.260000000000005,142.30723779792248,12.112655991086156,94.467683438042,84.43450829754758,41.38046341717151,3.1790890789054127,50.22885744283074,16.840455001034677,0.0,0.47,2.54,332980.6069106356,13053.317842912284,126.0,20013.35641855537,11.943002792068985,DHS Ghana 2003 (regional) + WHO GHO (national),WHO Global TB Programme (national 2013-2024),Ghana Statistical Service 2021 Census,"Ghana 260-district basemap (post-2018 Local Governance Act); Guan District (Oti Region) added as a 261st row sharing its parent Krachi East Municipal polygon for adjacency purposes (no distinct legacy polygon exists) -- structural-gap convention, not a distinct surveyed boundary",-0.0089978745191445,2,0.341,0,Not Significant,-0.0931797798966626,4,0.367,0,Not Significant,0.149156591222512,0.341,Not Significant,7.7435781875049825,1.3430601369966673,0.1132321519009323,-0.4371739848726006,0.6262622446564297,0.0396,0.00881063,5.575055974520067e-05,0.028342823549185,0.0192023010442782
WESTERN NORTH,BIA EAST,Western North,Bia East,District,6.817878,-3.00681786775424,53073.0,16617.0,14414.0,32.9,41.474660158821024,37.139075990981546,38.30081927413208,44.504296444662806,65.67901851852898,1.155276955070261,58.46852448514311,Western (pre 2022),3.409602227329349,1.8,2.591637907692764,53.73571428571428,31.46666666666667,22.82857142857143,33.36889692983289,69.31537506496288,39.96951880212395,107.34916988633832,16.455233215337596,88.0502922382386,53.1632690563742,26.321389185708835,2.562681810008866,36.99464745856798,22.188367312143413,1.0,0.4680427759172928,2.5546581225244136,326950.9498555686,12820.050849854597,126.0,20037.486468835927,12.031963351689054,DHS Ghana 2003 (regional) + WHO GHO (national),WHO Global TB Programme (national 2013-2024),Ghana Statistical Service 2021 Census,"Ghana 260-district basemap (post-2018 Local Governance Act); Guan District (Oti Region) added as a 261st row sharing its parent Krachi East Municipal polygon for adjacency purposes (no distinct legacy polygon exists) -- structural-gap convention, not a distinct surveyed boundary",0.0585752239530346,1,0.426,0,Not Significant,-0.1787147598186572,4,0.323,0,Not Significant,0.077683344710852,0.426,Not Significant,7.710765065842365,0.6235703383036597,0.1469091765309936,-0.5292151876946325,0.6991923215003054,0.9992,0.9998011,0.9999999014107616,0.9625221098616764,0.9903807776432058
BONO,JAMAN SOUTH MUNICIPAL,BONO,JAMAN SOUTH MUNICIPAL,,7.597449616666665,-2.496888077597016,94461.88888888888,28440.0,29306.33333333333,19.58888888888889,42.1998943558502,51.355922861543895,29.5660792617473,18.310934714546114,57.24769096776336,1.007848056980304,60.47526340222542,,3.8,1.3,2.5500000000000003,55.40714285714285,26.266666666666648,21.057142857142853,33.333333333333336,68.62619322530198,41.26,120.15611098995888,13.173177057628145,92.18599144540174,72.3371285034583,32.041962333876555,2.590719021536132,42.432831776589126,21.29338836099537,0.1111111111111111,0.4699999999999997,2.5400000000000005,326485.1542391599,13152.301611296478,126.0,20083.89252073501,12.079548858435864,DHS Ghana 2003 (regional) + WHO GHO (national),WHO Global TB Programme (national 2013-2024),Ghana Statistical Service 2021 Census,"Ghana 260-district basemap (post-2018 Local Governance Act); Guan District (Oti Region) added as a 261st row sharing its parent Krachi East Municipal polygon for adjacency purposes (no distinct legacy polygon exists) -- structural-gap convention, not a distinct surveyed boundary",0.0005124997311864,1,0.472,0,Not Significant,0.0434187167705437,1,0.463,0,Not Significant,0.0040657137887369,0.472,Not Significant,7.705978109740249,1.3382994860114823,0.1170484876965871,-0.4707657844037417,0.6686562980987368,0.0045666666666666,0.0015310643,5.744127505662146e-06,0.0256242872642634,0.0079319405839876
WESTERN NORTH,BIA WEST,Western North,Bia West,District,6.56894165,-3.06628883975843,115881.0,35895.0,33204.0,24.5,41.29203587111439,47.949581789717335,4.564071642428864,4.561886498319471,65.19277074117663,1.0458242532655877,59.629274859554194,Western (pre 2022),3.4400125038960088,1.8,2.6136126191819,53.73571428571428,31.46666666666667,22.82857142857143,33.26545521625979,68.68066383323806,40.080423606251806,94.05039474809328,10.106789060136958,87.79476162742533,67.99212842047748,34.00575225036663,2.2444416540691368,39.051715359292615,22.814353591276976,0.0,0.4700788915212632,2.529797217111856,332674.6400595275,12867.872174151144,126.0,20018.02988981651,11.930835837785184,DHS Ghana 2003 (regional) + WHO GHO (national),WHO Global TB Programme (national 2013-2024),Ghana Statistical Service 2021 Census,"Ghana 260-district basemap (post-2018 Local Governance Act); Guan District (Oti Region) added as a 261st row sharing its parent Krachi East Municipal polygon for adjacency purposes (no distinct legacy polygon exists) -- structural-gap convention, not a distinct surveyed boundary",-0.4121295712404226,2,0.101,0,Not Significant,-0.2878215739112295,4,0.307,0,Not Significant,0.9126667646693692,0.101,Not Significant,7.54178945039495,0.5417373201798034,0.1555267592536647,-0.4996458818795384,0.7330633555143709,0.2542230158730159,0.017475793,1.777135882231383e-05,0.0435951418814661,0.0788279305628626
BONO,SUNYANI WEST,BONO,SUNYANI WEST,,7.597449616666665,-2.496888077597016,94461.88888888888,28440.0,29306.33333333333,19.58888888888889,41.39104032414013,52.06023399152807,29.93041657401166,17.55267391432781,59.24824957921098,0.9713305144108876,60.47526340222542,,3.8,1.3,2.5500000000000003,55.40714285714285,26.26666666666666,21.057142857142853,33.333333333333336,69.53452126901328,41.26,120.15611098995888,13.173177057628145,92.18599144540174,72.3371285034583,32.041962333876555,2.590719021536132,42.432831776589126,21.29338836099537,0.1111111111111111,0.4699999999999998,2.54,330201.8706601092,12971.809738969485,126.0,20025.69383518929,12.046513853819327,DHS Ghana 2003 (regional) + WHO GHO (national),WHO Global TB Programme (national 2013-2024),Ghana Statistical Service 2021 Census,"Ghana 260-district basemap (post-2018 Local Governance Act); Guan District (Oti Region) added as a 261st row sharing its parent Krachi East Municipal polygon for adjacency purposes (no distinct legacy polygon exists) -- structural-gap convention, not a distinct surveyed boundary",-0.0243017538296608,4,0.338,0,Not Significant,0.2711163175746914,1,0.161,0,Not Significant,-0.1655406944773949,0.338,Not Significant,7.865173802355438,1.342469577058011,0.1191879201142716,-0.3804118600089235,0.5846093424368383,0.0045666666666666,0.0015310643,5.744127505662146e-06,0.0256242872642634,0.0079319405839876
AHAFO,ASUNAFO NORTH MUNICIPAL,Ahafo,Asunafo North Municipal,Municipal,6.81509969999999,-2.67736640122449,151258.0,46535.0,44897.0,26.1,42.29522502977222,47.03798059483453,25.423516310006992,12.998419701896776,60.48424347677461,1.0375987466778216,60.44771185656296,Brong-Ahafo,3.8,1.303792658121116,2.55,55.40714285714285,26.266666666666666,21.057142857142857,33.106496536978355,68.91631192202452,41.260000000000005,155.2112687714455,11.807162579586604,97.9123878079921,78.81084895693434,37.21316146343506,3.465820523885156,49.247498889638806,20.943820459533462,0.0,0.47,2.54,331692.7875085922,13025.65893568171,126.0,20022.23247248381,11.957066867045272,DHS Ghana 2003 (regional) + WHO GHO (national),WHO Global TB Programme (national 2013-2024),Ghana Statistical Service 2021 Census,"Ghana 260-district basemap (post-2018 Local Governance Act); Guan District (Oti Region) added as a 261st row sharing its parent Krachi East Municipal polygon for adjacency purposes (no distinct legacy polygon exists) -- structural-gap convention, not a distinct surveyed boundary",-0.0314590452154221,2,0.252,0,Not Significant,-0.1187376958928404,4,0.33,0,Not Significant,0.2622997829959692,0.252,Not Significant,7.526945477089735,0.7442660567719126,0.1395818178414417,-0.486549651035547,0.6682272523376265,0.0619953823953823,0.012122082,7.101388596617013e-05,0.0291841122329091,0.0258431475267341
WESTERN NORTH,BODI,Western North,Bodi,District,6.24012575,-2.87347603617418,65748.0,20465.0,19320.0,18.6,41.76935236139764,42.22877349591474,50.36228796766933,47.845233397884925,59.457838652077946,1.0529215554520002,60.511346352740766,Western (pre 2022),3.371969131687079,1.8,2.6158761339453576,53.73571428571428,31.46666666666667,22.82857142857143,33.39478596421994,69.1839614332713,39.98476396833871,116.6948497344686,16.654148762080975,94.4085870942729,60.3866144474107,22.32461038851753,2.080179482326709,38.17407176864731,18.17032078916721,1.0,0.4664544348019447,2.513734320043401,330986.72307610227,12965.822924122103,126.0,20146.01044047661,12.003113886355854,DHS Ghana 2003 (regional) + WHO GHO (national),WHO Global TB Programme (national 2013-2024),Ghana Statistical Service 2021 Census,"Ghana 260-district basemap (post-2018 Local Governance Act); Guan District (Oti Region) added as a 261st row sharing its parent Krachi East Municipal polygon for adjacency purposes (no distinct legacy polygon exists) -- structural-gap convention, not a distinct surveyed boundary",0.9634620065021852,1,0.009,1,High-High,-0.4677122291641025,4,0.13,0,Not Significant,1.1736041110795294,0.009,Not Significant,7.300085839380112,0.5574087220280151,0.1630881704409552,-0.365021487759964,0.773919130353504,0.6777960317460319,0.9114266,0.99914706904547,0.9073157456296796,0.8739213625538198
WESTERN NORTH,JUABOSO,Western North,Juaboso,District,6.3415722,-2.8235416,88814.0,28339.0,26307.0,18.9,42.15728263573333,50.57587609089072,46.02518182742288,28.78681442738076,56.79630718722962,1.049101429261887,61.5285878352512,Western (pre 2022),3.380498923188658,1.8,2.57267020309574,53.73571428571428,31.46666666666667,22.82857142857143,33.218209732996634,69.09125749585685,40.367605071392354,111.39272547931704,17.775156320309993,94.93818413838255,62.46093191853799,28.41651571480536,1.641206931919624,36.28811022879592,23.38772289949289,1.0,0.4693785121100495,2.547588479840744,333740.7630988697,13040.764229680188,126.0,20052.551196515047,11.932436744121208,DHS Ghana 2003 (regional) + WHO GHO (national),WHO Global TB Programme (national 2013-2024),Ghana Statistical Service 2021 Census,"Ghana 260-district basemap (post-2018 Local Governance Act); Guan District (Oti Region) added as a 261st row sharing its parent Krachi East Municipal polygon for adjacency purposes (no distinct legacy polygon exists) -- structural-gap convention, not a distinct surveyed boundary",0.5173468157804404,1,0.087,0,Not Significant,-0.2429664086251778,4,0.205,0,Not Significant,0.5012835056129604,0.087,Not Significant,7.368254753704607,0.5411726817594888,0.1601203341222161,-0.4253023360509533,0.7513605175241547,0.8970119047619048,0.9924251,0.9999407887542228,0.9543813603864136,0.960939784504154
BONO EAST,NKORANZA NORTH,Bono East,Nkoranza North,District,7.7184776,-1.64389618122841,56468.0,16455.0,15957.0,25.8,41.22384286514295,45.11296423754479,37.92596610345778,16.58220445789316,61.56558488488136,1.0703822085117936,57.398880782035846,Brong-Ahafo,3.8,1.3,2.5500000000000003,55.40714285714286,26.266666666666666,21.057142857142857,33.333333333333336,69.16444200915518,41.260000000000005,103.13741639506556,10.011721201412332,98.0,65.63363273543965,27.258239742815206,2.104444692441926,40.11108353776274,21.91247028354636,0.0,0.47,2.54,328379.7942331936,12905.197674077768,126.0,20035.82921210534,11.904930394678894,DHS Ghana 2003 (regional) + WHO GHO (national),WHO Global TB Programme (national 2013-2024),Ghana Statistical Service 2021 Census,"Ghana 260-district basemap (post-2018 Local Governance Act); Guan District (Oti Region) added as a 261st row sharing its parent Krachi East Municipal polygon for adjacency purposes (no distinct legacy polygon exists) -- structural-gap convention, not a distinct surveyed boundary",-0.0401873573318023,2,0.412,0,Not Significant,-0.028358156426065,4,0.442,0,Not Significant,0.0838442976174572,0.412,Not Significant,9.215128261493398,1.743090224786583,0.2290966924875535,0.2154159392175385,0.7604493837465163,0.0612555555555555,0.0015573233,6.121332704635183e-06,0.0299612027220681,0.0231950507192701
BONO EAST,KINTAMPO SOUTH,Bono East,Kintampo South,District,7.94321545,-1.73400515142892,88384.0,25454.0,24559.0,26.0,42.046383555050994,46.27517233088344,46.71867299703212,15.043985864385652,69.77585691995145,1.066581919660066,56.58603367125272,Brong-Ahafo,3.8,1.3,2.55,55.40714285714285,26.266666666666666,21.057142857142857,33.333333333333336,68.97814710026381,41.260000000000005,104.64684501064129,12.428498284650734,90.7539069957324,65.63778948920212,25.22424648613465,2.03739853373591,39.29366274068728,25.581365094483456,0.0,0.47,2.54,328146.0886934148,12883.83076306493,126.0,19908.29921450208,11.935686409261104,DHS Ghana 2003 (regional) + WHO GHO (national),WHO Global TB Programme (national 2013-2024),Ghana Statistical Service 2021 Census,"Ghana 260-district basemap (post-2018 Local Governance Act); Guan District (Oti Region) added as a 261st row sharing its parent Krachi East Municipal polygon for adjacency purposes (no distinct legacy polygon exists) -- structural-gap convention, not a distinct surveyed boundary",0.0003729964885992,1,0.22,0,Not Significant,-0.0635142567188547,4,0.397,0,Not Significant,0.2913410469392897,0.22,Not Significant,8.413128022566234,1.9023853212523647,0.1989528293043549,0.1516681815334706,0.8007131531858286,0.2200714285714285,0.08795943,0.0002446543294543,0.0482578145453862,0.0891333321395204
WESTERN,SHAMA,Western,Shama,District,5.0606463,-1.64288365568687,117224.0,33497.0,35874.0,22.0,44.09329983387471,50.92171300352459,18.29286044712083,31.0910928272386,63.315934738322376,0.8919556632522293,59.17815464410019,Western (pre 2022),3.4000000000000004,1.8,2.6,53.73571428571427,31.466666666666665,22.82857142857143,33.333333333333336,68.12733558940458,39.97,149.30967045094005,15.848036508730909,81.98490443991744,52.58640577853075,32.09450506616971,1.7228363143015977,37.18771745058148,30.924826673907603,1.0,0.47,2.54,331235.1730373755,13110.914577783824,126.0,20124.49695961505,11.970031783038996,DHS Ghana 2003 (regional) + WHO GHO (national),WHO Global TB Programme (national 2013-2024),Ghana Statistical Service 2021 Census,"Ghana 260-district basemap (post-2018 Local Governance Act); Guan District (Oti Region) added as a 261st row sharing its parent Krachi East Municipal polygon for adjacency purposes (no distinct legacy polygon exists) -- structural-gap convention, not a distinct surveyed boundary",0.4952802831465392,1,0.068,0,Not Significant,0.161460560629283,1,0.363,0,Not Significant,0.745471670721566,0.068,Not Significant,7.128618325219688,0.8566363869044128,0.1404105787935561,-0.6812845816620281,0.9727142041764466,0.6736333333333333,0.7346165,0.1162128347559038,0.4945835834494328,0.504761567389825
AHAFO,TANO NORTH MUNICIPAL,Ahafo,Tano North Municipal,Municipal,7.19329065,-2.2080833699397,93838.0,27631.0,28903.0,21.6,42.44061435174494,49.01846348635319,24.41304525691187,14.502681386673274,57.898388105926905,0.9600233413660776,60.24638206270381,Brong-Ahafo,3.8,1.291119179857509,2.55,55.40714285714286,26.266666666666666,21.057142857142857,33.64291141405711,68.91218423466601,41.260000000000005,142.9462791142261,9.550325984144289,96.7677252486122,74.12734796373604,41.09596492748995,3.6886703497283233,50.1842126435224,19.45144491408511,0.0,0.47,2.54,328898.7385787421,13070.789176535904,126.0,19810.240320757563,11.854657114146738,DHS Ghana 2003 (regional) + WHO GHO (national),WHO Global TB Programme (national 2013-2024),Ghana Statistical Service 2021 Census,"Ghana 260-district basemap (post-2018 Local Governance Act); Guan District (Oti Region) added as a 261st row sharing its parent Krachi East Municipal polygon for adjacency purposes (no distinct legacy polygon exists) -- structural-gap convention, not a distinct surveyed boundary",0.0188638281406181,3,0.474,0,Not Significant,0.1076434113278871,1,0.361,0,Not Significant,-0.035902601124983,0.47400001,Not Significant,7.466487197244326,1.324568905801783,0.1139243676784493,-0.3504471900870675,0.5227041384670297,0.0242571428571428,0.0029459498,1.6551452334256905e-05,0.026339974730954,0.0133899047073919
WESTERN,WASSA EAST,Western,Wassa East,District,5.3622378,-1.62070954561049,99641.0,29878.0,28067.0,38.0,42.43022417631336,39.62502982366584,31.053588512398694,50.35075770071036,65.69350243054815,1.1029463749373116,58.153772041629445,Western (pre 2022),3.4,1.8,2.6,53.73571428571428,31.466666666666672,22.82857142857143,33.333333333333336,69.33272822924738,39.96999999999999,125.5618822021477,18.14296437275895,89.12728723832457,59.08126611653952,28.933109405572253,2.360555326311893,36.66764292286832,23.346847095596875,1.0,0.47,2.54,331421.34798038146,13007.515138229084,126.0,19771.974368713505,11.935733640017366,DHS Ghana 2003 (regional) + WHO GHO (national),WHO Global TB Programme (national 2013-2024),Ghana Statistical Service 2021 Census,"Ghana 260-district basemap (post-2018 Local Governance Act); Guan District (Oti Region) added as a 261st row sharing its parent Krachi East Municipal polygon for adjacency purposes (no distinct legacy polygon exists) -- structural-gap convention, not a distinct surveyed boundary",0.2410516599137751,1,0.279,0,Not Significant,0.0567074707551759,1,0.434,0,Not Significant,0.2211597730803,0.27900001,Not Significant,7.085020386011777,0.9733916636870388,0.1362659658875416,-0.5550164596000025,0.9755429403356468,0.9772857142857142,0.99904543,0.9999885426027466,0.9605399569408852,0.9842149113608172
VOLTA,KETU NORTH,VOLTA,KETU NORTH,,6.470662885714283,0.5501216246101069,82802.78571428571,23423.92857142857,26152.35714285714,29.307142857142857,43.29213193820892,52.80880765115114,21.072786251805027,31.31827040038129,59.1270032850066,0.9207048307787664,59.23168337696861,,1.1999999999999995,0.2999999999999999,0.7469858849193753,53.33256683551744,41.46666666666668,29.34285714285715,33.33333333333333,34.39999999999999,45.56,81.46977866097879,5.779046806604607,87.98502955496129,59.41628112226838,32.87215417296165,2.222009344871663,37.69241023489102,27.770435240749286,0.0,0.4699999999999999,2.5620075948309577,328751.9493554879,13046.931927155882,126.0,19891.988917097835,11.884791888463598,DHS Ghana 2003 (regional) + WHO GHO (national),WHO Global TB Programme (national 2013-2024),Ghana Statistical Service 2021 Census,"Ghana 260-district basemap (post-2018 Local Governance Act); Guan District (Oti Region) added as a 261st row sharing its parent Krachi East Municipal polygon for adjacency purposes (no distinct legacy polygon exists) -- structural-gap convention, not a distinct surveyed boundary",1.4044926198303496,3,0.011,1,Low-Low,1.6421653982889517,3,0.01,1,Low-Low,-1.0941231047556743,0.011,Not Significant,5.76272470077371,0.8370270970559884,0.1109444773219046,-0.1984753116177239,0.922307145042138,0.0,0.0018915155,1.452694343232805e-06,0.025572542502855,0.0068663776619375
WESTERN,MPOHOR,Western,Mpohor,District,4.9705877,-1.8927971,52028.0,16862.0,15461.0,31.4,44.317938587153,48.20827983030032,25.451377685307072,48.52645816920635,55.04674076081789,1.0498716145461209,62.12616283539633,Western (pre 2022),3.4000000000000004,1.8,2.6,53.73571428571428,31.466666666666665,22.82857142857143,33.333333333333336,69.0018188577218,39.97,141.96818422698564,21.77738252931237,86.59240166493935,54.628529782251846,26.55692262779248,1.841190583331228,30.97350618030981,32.094940413073864,1.0,0.47,2.54,330312.91564094776,13003.030859075534,126.0,19885.52462735565,12.004370640451482,DHS Ghana 2003 (regional) + WHO GHO (national),WHO Global TB Programme (national 2013-2024),Ghana Statistical Service 2021 Census,"Ghana 260-district basemap (post-2018 Local Governance Act); Guan District (Oti Region) added as a 261st row sharing its parent Krachi East Municipal polygon for adjacency purposes (no distinct legacy polygon exists) -- structural-gap convention, not a distinct surveyed boundary",1.6420718253860354,1,0.006,1,High-High,0.8998289660588923,1,0.004,1,High-High,0.914116212687068,0.006,Not Significant,7.112126297383544,0.7568646716750431,0.1217159467309514,-0.9393270371623118,0.9704794976143596,0.9966,0.9979341,0.9999904616874388,0.961989404955684,0.989128492413802
WESTERN,WASSA AMENFI WEST,WESTERN,WASSA AMENFI WEST,,5.164444985714285,-1.9217231254902143,119271.42857142857,36725.0,36147.42857142857,28.4,43.44419411096381,46.47447036792992,26.638352973607866,46.63628244450965,56.37923581717438,1.0372576022039162,60.84792221998605,,3.3999999999999995,1.8000000000000005,2.6,53.73571428571428,31.466666666666665,22.82857142857143,33.333333333333336,68.7400748126826,39.97,149.59752312955783,17.93311123275499,88.44843096904042,61.85986650673571,32.44421409626732,2.3463924902945945,37.69426740562294,25.374240299663573,0.8571428571428571,0.4699999999999997,2.54,327861.09469325707,12928.242249893096,126.0,20189.305424257644,12.057856908236396,DHS Ghana 2003 (regional) + WHO GHO (national),WHO Global TB Programme (national 2013-2024),Ghana Statistical Service 2021 Census,"Ghana 260-district basemap (post-2018 Local Governance Act); Guan District (Oti Region) added as a 261st row sharing its parent Krachi East Municipal polygon for adjacency purposes (no distinct legacy polygon exists) -- structural-gap convention, not a distinct surveyed boundary",1.1120468784439426,1,0.004,1,High-High,0.1159538891766549,1,0.375,0,Not Significant,1.042514489009435,0.004,Not Significant,7.328672100981347,0.6197559988253508,0.1255245817989936,-0.6496199251265088,0.8869964796510201,0.0290484126984127,0.018268015,6.97848361708354e-05,0.0284137490559105,0.0189499904565391
VOLTA,KETU SOUTH,VOLTA,KETU SOUTH,,6.470662885714283,0.5501216246101069,82802.78571428571,23423.92857142857,26152.35714285714,29.307142857142857,44.82108872902113,54.30122094508625,26.31030702549032,31.931542586790297,57.07177253422413,0.9074885767272636,59.23168337696861,,1.1999999999999995,0.2999999999999999,0.7557200014263804,53.277975764147016,41.46666666666668,29.34285714285715,33.33333333333333,34.39999999999999,45.56,81.46977866097879,5.779046806604607,87.98502955496129,59.41628112226838,32.87215417296165,2.222009344871663,37.69241023489102,27.770435240749286,0.0,0.4699999999999999,2.552190649957337,332125.423354473,13125.362583193528,126.0,20137.854594809127,11.88033321246566,DHS Ghana 2003 (regional) + WHO GHO (national),WHO Global TB Programme (national 2013-2024),Ghana Statistical Service 2021 Census,"Ghana 260-district basemap (post-2018 Local Governance Act); Guan District (Oti Region) added as a 261st row sharing its parent Krachi East Municipal polygon for adjacency purposes (no distinct legacy polygon exists) -- structural-gap convention, not a distinct surveyed boundary",1.3569703623254754,3,0.049,1,Low-Low,1.010360672254187,3,0.137,0,Not Significant,-1.0572713874681223,0.049,Not Significant,5.785992768958186,0.9353917381230656,0.1069937586045712,-0.1281006528751722,0.9155925968857604,0.0,0.0018915155,1.452694343232805e-06,0.025572542502855,0.0068663776619375
WESTERN,WASSA AMENFI CENTRAL,Western,Wassa Amenfi Central,District,5.7890318,-2.0839856,117999.0,38197.0,32215.0,37.6,42.8202984244438,44.57531786862357,38.63048794405172,47.73627892542403,60.97137862399613,1.1830606686527698,59.67169213298418,Western (pre 2022),3.4,1.8,2.6,53.73571428571428,31.466666666666672,22.82857142857143,33.333333333333336,69.12021579323071,39.970000000000006,151.70363716318982,17.70245627954634,83.26960919954408,57.03183154233522,28.621979314640743,1.8398509399538323,35.8427743625071,25.87045043996208,1.0,0.4699999999999999,2.54,327889.0783130806,13108.373780702095,126.0,20111.749227035743,11.907790801177796,DHS Ghana 2003 (regional) + WHO GHO (national),WHO Global TB Programme (national 2013-2024),Ghana Statistical Service 2021 Census,"Ghana 260-district basemap (post-2018 Local Governance Act); Guan District (Oti Region) added as a 261st row sharing its parent Krachi East Municipal polygon for adjacency purposes (no distinct legacy polygon exists) -- structural-gap convention, not a distinct surveyed boundary",1.081677162160415,1,0.002,1,High-High,0.326193048797475,1,0.151,0,Not Significant,1.0579077485628945,0.002,Not Significant,7.317476908522461,0.7126486478815838,0.1072025521836671,-0.7979684496813152,0.9117294631187032,0.9428571428571428,0.9968443,0.9999691319822228,0.9601097426496552,0.974945077294008
VOLTA,KETA MUNICIPAL,Volta,Keta Municipal,Municipal,5.9215688,0.9910728,78862.0,22241.0,25780.0,25.2,44.43864228391238,57.66973335223783,24.135873260979803,32.69822913371059,48.12837864122454,0.8592057391588517,60.89244503055971,Volta (pre 2022),1.2,0.3,0.7555176899756709,52.87207110753372,41.46666666666667,29.342857142857145,33.333333333333336,34.4,45.56,109.86101766607668,8.293646714282074,87.10861150573439,65.06207388526298,40.22744226648152,2.8087393358796886,43.29706787475267,28.501303576638303,0.0,0.47,2.565372347934872,330947.6587399144,13016.263062275852,126.0,20160.04094632856,11.986339829313506,DHS Ghana 2003 (regional) + WHO GHO (national),WHO Global TB Programme (national 2013-2024),Ghana Statistical Service 2021 Census,"Ghana 260-district basemap (post-2018 Local Governance Act); Guan District (Oti Region) added as a 261st row sharing its parent Krachi East Municipal polygon for adjacency purposes (no distinct legacy polygon exists) -- structural-gap convention, not a distinct surveyed boundary",0.9745652495107004,3,0.001,1,Low-Low,1.1368582643019918,3,0.029,1,Low-Low,-1.2167469981209285,0.001,Not Significant,5.9733109032166025,1.2058718646812274,0.1018031943291096,-0.2647720178167378,0.9102992458960102,0.0389333333333333,0.0028770838,1.3038847785681897e-06,0.0270426778718267,0.0172135997324468
OTI,KADJEBI,Oti,Kadjebi,District,7.7210325,0.534053201682814,73959.0,21950.0,20709.0,27.2,41.10511423491937,41.75911874209592,26.989758194505736,29.49956824097956,64.79499387556628,1.058702993393631,57.67925472221096,Volta (pre 2022),1.190088920469563,0.3006608293391474,0.7523165444992534,53.15714285908477,41.46666666050318,29.342857142857145,33.333333292859166,34.63176066351168,45.52252667215753,40.0,5.0,91.45838214438392,58.24834810434376,29.48832580309014,1.980470949630356,39.97119485275004,23.505802731295027,0.0,0.47,2.530039572908909,331704.0280785919,13142.021058990762,126.0,20139.829146354376,12.058782032142547,DHS Ghana 2003 (regional) + WHO GHO (national),WHO Global TB Programme (national 2013-2024),Ghana Statistical Service 2021 Census,"Ghana 260-district basemap (post-2018 Local Governance Act); Guan District (Oti Region) added as a 261st row sharing its parent Krachi East Municipal polygon for adjacency purposes (no distinct legacy polygon exists) -- structural-gap convention, not a distinct surveyed boundary",2.0885055698583024,3,0.001,1,Low-Low,2.4222669593856563,3,0.001,1,Low-Low,-1.456313463631156,0.001,Not Significant,6.76649921950348,1.012621757876588,0.1218213633501485,-0.1461974200438215,0.9555068885689636,0.0252047619047619,0.00051964103,4.9669148824102535e-08,0.0277397672279361,0.0133660549591544
CENTRAL,MFANTSEMAN MUNICIPAL,CENTRAL,MFANTSEMAN MUNICIPAL,,5.530626336363632,-1.1449043731652988,119024.0,34953.63636363636,36926.72727272727,24.518181818181816,43.42959727546898,51.37378392179843,25.441568304381555,42.426611891574176,61.62869533030171,0.9509711418598222,59.91984740183338,,1.7,0.2999999999999999,1.0091765352179745,51.40714285714287,34.833333333333336,24.15714285714285,33.33333333333332,49.8,38.07244301470349,89.14599386570036,7.07924739649838,89.33536465091099,57.70717016102228,32.71134643203909,2.3377419041823067,38.546540685125365,26.953310958683257,0.0,0.47,2.54,331234.9081313235,13093.330026146374,126.0,19834.73190389316,11.892243442791026,DHS Ghana 2003 (regional) + WHO GHO (national),WHO Global TB Programme (national 2013-2024),Ghana Statistical Service 2021 Census,"Ghana 260-district basemap (post-2018 Local Governance Act); Guan District (Oti Region) added as a 261st row sharing its parent Krachi East Municipal polygon for adjacency purposes (no distinct legacy polygon exists) -- structural-gap convention, not a distinct surveyed boundary",0.6198775346507527,3,0.139,0,Not Significant,0.9565648851486732,3,0.055,0,Not Significant,-0.6009984941856487,0.139,Not Significant,7.25298231365564,1.1458618096737168,0.1849223635537241,-0.277953292169728,0.965220424150404,0.0,0.00048430244,2.4587153485703617e-08,0.0255115743692791,0.0064989753481667
VOLTA,SOUTH TONGU,Volta,South Tongu,District,5.96577275,0.641061228110148,113114.0,29659.0,35644.0,32.4,44.92266946859986,51.78834550735255,29.484763850287813,27.45786403676053,60.81441723734252,0.8251705757223055,57.73202256130983,Volta (pre 2022),1.2,0.3,0.7516214474520194,53.52730763579132,41.46666666666667,29.342857142857145,33.333333333333336,34.4,45.56,101.37696003387514,5.276463886350902,84.78060043638247,54.42811383547309,29.431980072188644,1.9577337950038127,29.55495628641746,33.362405161941524,0.0,0.47,2.53393549812974,331856.8373961647,12858.730450702707,126.0,19799.358946599965,12.000281441206106,DHS Ghana 2003 (regional) + WHO GHO (national),WHO Global TB Programme (national 2013-2024),Ghana Statistical Service 2021 Census,"Ghana 260-district basemap (post-2018 Local Governance Act); Guan District (Oti Region) added as a 261st row sharing its parent Krachi East Municipal polygon for adjacency purposes (no distinct legacy polygon exists) -- structural-gap convention, not a distinct surveyed boundary",0.6593206781490369,3,0.091,0,Not Significant,0.5991215875982067,3,0.113,0,Not Significant,-0.4809324999356308,0.091,Not Significant,6.108107707639434,1.271226844265679,0.10563413338683,-0.4668216222375406,0.9164839429868948,0.0434499999999999,0.0010966678,1.6194236247133922e-06,0.0277368399689087,0.018071281807704
CENTRAL,EKUMFI,Central,Ekumfi,District,5.28914455,-0.908864632637807,56741.0,14073.0,16944.0,31.5,46.26041716611534,52.728174883466274,30.57680160830977,58.96883224557018,68.21839703013444,0.783880419163142,54.66417581642904,Central,1.7,0.3,1.0093911051950728,51.40714285714287,34.833333333333336,24.15714285714285,33.333333333333336,49.79999999999999,38.05771662902618,92.67197466452872,13.930581068694185,83.29487026061871,39.97937792021393,28.81645660719391,1.4057538219036274,33.05120585685651,38.44502335755045,0.0,0.47,2.54,331853.8333914244,13092.529592993118,126.0,19960.83282037906,12.026911995163829,DHS Ghana 2003 (regional) + WHO GHO (national),WHO Global TB Programme (national 2013-2024),Ghana Statistical Service 2021 Census,"Ghana 260-district basemap (post-2018 Local Governance Act); Guan District (Oti Region) added as a 261st row sharing its parent Krachi East Municipal polygon for adjacency purposes (no distinct legacy polygon exists) -- structural-gap convention, not a distinct surveyed boundary",-0.2734432197576927,4,0.046,1,High-Low,0.8496385979780401,3,0.074,0,Not Significant,-0.9296737254240492,0.046,Not Significant,7.207319429063691,1.419078771831345,0.1603517919236931,-0.5672916172283129,0.952533991080984,0.1399261904761905,0.014183783,3.802238526888731e-05,0.0345375834341398,0.0471713948169986
CENTRAL,TWIFO HEMANG LOWER DENKYIRA,CENTRAL,TWIFO HEMANG LOWER DENKYIRA,,5.530626336363632,-1.1449043731652988,119024.0,34953.63636363636,36926.72727272727,24.518181818181816,43.849613361982136,52.403022604472525,24.47610279807347,41.55473920887015,61.69410340234842,0.8962600588247968,59.91984740183338,,1.7,0.2999999999999999,0.9917571727555576,51.40714285714287,34.83333333333332,24.15714285714285,33.33333333333333,49.8,38.02706968925694,89.14599386570036,7.07924739649838,89.33536465091099,57.70717016102228,32.71134643203909,2.3377419041823067,38.546540685125365,26.953310958683257,0.0,0.47,2.54,330497.54117313307,12983.363610557868,126.0,20162.49221699416,12.055050900512626,DHS Ghana 2003 (regional) + WHO GHO (national),WHO Global TB Programme (national 2013-2024),Ghana Statistical Service 2021 Census,"Ghana 260-district basemap (post-2018 Local Governance Act); Guan District (Oti Region) added as a 261st row sharing its parent Krachi East Municipal polygon for adjacency purposes (no distinct legacy polygon exists) -- structural-gap convention, not a distinct surveyed boundary",0.7792325102586307,3,0.033,1,Low-Low,1.0614583347484343,3,0.011,1,Low-Low,-0.7544691722099,0.033,Not Significant,7.133051851686882,1.1041320044058696,0.1592870219582247,-0.1931577705573988,0.9770144259780736,0.0,0.00048430244,2.4587153485703617e-08,0.0255115743692791,0.0064989753481667
OTI,JASIKAN,OTI,JASIKAN,,7.85173986,0.288971759939309,94418.2,26298.2,26036.6,38.52,42.04285098608738,38.97528866891835,43.26228377966896,39.83538377395036,69.44287282256491,1.0295595259820396,55.580795717373135,,1.1915165315231568,0.299561875903607,0.7470054517364667,53.157142856118696,41.46666665423184,29.342857142857145,33.3333333331337,34.61261914192637,45.653205684111406,55.08374525972313,5.0,93.42408871793806,60.72158145254648,30.469044413446035,2.735554762286726,43.27806178287706,19.921004955249245,0.0,0.4699999999999999,2.563429140285905,330197.3510251021,13085.400304260633,126.0,19972.50447948413,12.01387017073136,DHS Ghana 2003 (regional) + WHO GHO (national),WHO Global TB Programme (national 2013-2024),Ghana Statistical Service 2021 Census,"Ghana 260-district basemap (post-2018 Local Governance Act); Guan District (Oti Region) added as a 261st row sharing its parent Krachi East Municipal polygon for adjacency purposes (no distinct legacy polygon exists) -- structural-gap convention, not a distinct surveyed boundary",2.0893676815942284,3,0.001,1,Low-Low,2.4072519251449247,3,0.003,1,Low-Low,-1.4569123093342613,0.001,Not Significant,6.413982278095805,0.5673740228937996,0.1074286608300953,-0.1179622181636551,0.9612840532350972,0.0068,0.0010459801,1.5378424051135366e-06,0.0257742180465869,0.0084054340076225
CENTRAL,TWIFO ATTI-MORKWA,CENTRAL,TWIFO ATTI-MORKWA,,5.530626336363632,-1.1449043731652988,119024.0,34953.63636363636,36926.72727272727,24.518181818181816,43.50566228145222,52.328702263104745,22.501865174886063,44.06511635261312,60.54698263583516,0.9269282604246564,59.91984740183338,,1.7,0.2999999999999999,0.9996026036349804,51.40714285714287,34.83333333333333,24.15714285714285,33.33333333333333,49.8,38.15165727335713,89.14599386570036,7.07924739649838,89.33536465091099,57.70717016102228,32.71134643203909,2.3377419041823067,38.546540685125365,26.953310958683257,0.0,0.47,2.54,332014.3830081196,12945.086183869886,126.0,19938.2126622526,12.071310788407253,DHS Ghana 2003 (regional) + WHO GHO (national),WHO Global TB Programme (national 2013-2024),Ghana Statistical Service 2021 Census,"Ghana 260-district basemap (post-2018 Local Governance Act); Guan District (Oti Region) added as a 261st row sharing its parent Krachi East Municipal polygon for adjacency purposes (no distinct legacy polygon exists) -- structural-gap convention, not a distinct surveyed boundary",0.4105561030409517,3,0.125,0,Not Significant,0.6172735307151809,3,0.048,1,Low-Low,-0.3994064076403768,0.125,Not Significant,7.019569342766588,1.2249819598321747,0.1372032783740576,-0.2057211455385466,0.9802542890844058,0.0,0.00048430244,2.4587153485703617e-08,0.0255115743692791,0.0064989753481667
OTI,KRACHI EAST MUNICIPAL,Oti,Krachi East Municipal,Municipal,7.69817,0.22447,110435.0,30990.0,30218.0,41.2,41.843640922488014,42.91922948380813,38.37497982991202,46.78605795131075,72.52401760194314,1.0074096452256829,55.42445782587042,Volta (pre 2022),1.198456741537146,0.3004695659302572,0.7554223339407369,53.157142849096616,41.46666671301161,29.342857142857145,33.333333258599446,34.63407602726316,45.858951081977445,64.07372689414814,5.0,98.0,67.01998155631006,34.146466609929064,3.3623969139685834,50.1831262496003,18.84635337327112,0.0,0.47,2.547416613023461,331719.6983095547,13057.784150054344,126.0,20104.533157412337,11.955358788194008,DHS Ghana 2003 (regional) + WHO GHO (national),WHO Global TB Programme (national 2013-2024),Ghana Statistical Service 2021 Census,"Ghana 260-district basemap (post-2018 Local Governance Act); Guan District (Oti Region) added as a 261st row sharing its parent Krachi East Municipal polygon for adjacency purposes (no distinct legacy polygon exists) -- structural-gap convention, not a distinct surveyed boundary",1.5171126719339827,3,0.001,1,Low-Low,2.431224224529537,3,0.001,1,Low-Low,-1.059408784750754,0.001,Not Significant,6.85117198163364,1.288318457739181,0.1404565095964921,-0.2216113139839371,0.956787976905568,0.0256904761904761,0.0023068178,6.619929660189911e-06,0.0268051707814734,0.0137022711748884
CENTRAL,AWUTU SENYA,CENTRAL,AWUTU SENYA,,5.530626336363632,-1.1449043731652988,119024.0,34953.63636363636,36926.72727272727,24.518181818181816,43.463350179946325,49.63943134707974,23.22871275245325,41.987347652684655,60.07019790793137,0.8896732454969241,59.91984740183338,,1.7,0.2999999999999999,1.000802305368144,51.40714285714287,34.83333333333333,24.15714285714285,33.33333333333332,49.8,37.83108546700094,89.14599386570036,7.07924739649838,89.33536465091099,57.70717016102228,32.71134643203909,2.3377419041823067,38.546540685125365,26.953310958683257,0.0,0.4699999999999998,2.54,332058.83194973326,12927.91877463043,126.0,20057.043474062968,12.035282870370104,DHS Ghana 2003 (regional) + WHO GHO (national),WHO Global TB Programme (national 2013-2024),Ghana Statistical Service 2021 Census,"Ghana 260-district basemap (post-2018 Local Governance Act); Guan District (Oti Region) added as a 261st row sharing its parent Krachi East Municipal polygon for adjacency purposes (no distinct legacy polygon exists) -- structural-gap convention, not a distinct surveyed boundary",0.5816424207164907,3,0.125,0,Not Significant,0.1376128271585009,3,0.379,0,Not Significant,-0.5641752394523615,0.125,Not Significant,7.556483076907927,2.357132939983785,0.1266408454608738,-0.651597504076423,0.9446616933685924,0.0,0.00048430244,2.4587153485703617e-08,0.0255115743692791,0.0064989753481667
OTI,NKWANTA SOUTH MUNICIPAL,Oti,Nkwanta South Municipal,Municipal,8.25811615,0.509975335946734,135936.0,36847.0,37565.0,42.8,41.73127658644418,38.872527608927015,40.3404016715814,51.64250559082,79.47560264444157,0.9820683930705822,54.74046610169492,Volta (pre 2022),1.2002298886870415,0.2991875880766055,0.7566852123674891,53.15714284985099,41.466666604813184,29.342857142857145,33.33333327370494,34.62034629402224,45.91312189988536,86.42778136392148,5.0,92.24860230659569,62.444322989423945,32.688079329404204,4.191676255437702,48.150588869541096,15.66677819681172,0.0,0.47,2.536462599461182,333916.3522596437,12906.196484158592,126.0,20065.186078698607,12.110345770699215,DHS Ghana 2003 (regional) + WHO GHO (national),WHO Global TB Programme (national 2013-2024),Ghana Statistical Service 2021 Census,"Ghana 260-district basemap (post-2018 Local Governance Act); Guan District (Oti Region) added as a 261st row sharing its parent Krachi East Municipal polygon for adjacency purposes (no distinct legacy polygon exists) -- structural-gap convention, not a distinct surveyed boundary",1.8337508701163483,3,0.001,1,Low-Low,2.7340823267870986,3,0.001,1,Low-Low,-1.2793540847840188,0.001,Not Significant,7.242610000071861,1.4834883526855165,0.1548574537015245,-0.4992119108805998,0.9344101145635664,0.0184095238095238,0.0021563207,2.5110747681998192e-06,0.0263646262270139,0.0117332454594512
CENTRAL,AWUTU SENYA EAST,CENTRAL,AWUTU SENYA EAST,,5.530626336363632,-1.1449043731652988,119024.0,34953.63636363636,36926.72727272727,24.518181818181816,43.256865007209136,46.09159798747253,25.65231207330016,44.918838621202895,58.98553805133856,0.9323925985364628,59.91984740183338,,1.7,0.2999999999999999,0.9944742369511378,51.40714285714287,34.83333333333333,24.15714285714285,33.33333333333333,49.79999999999999,37.94467342027112,89.14599386570036,7.07924739649838,89.33536465091099,57.70717016102228,32.71134643203909,2.3377419041823067,38.546540685125365,26.953310958683257,0.0,0.4699999999999998,2.54,329583.1409373354,12990.459851238482,126.0,19978.23562674176,12.09667164571676,DHS Ghana 2003 (regional) + WHO GHO (national),WHO Global TB Programme (national 2013-2024),Ghana Statistical Service 2021 Census,"Ghana 260-district basemap (post-2018 Local Governance Act); Guan District (Oti Region) added as a 261st row sharing its parent Krachi East Municipal polygon for adjacency purposes (no distinct legacy polygon exists) -- structural-gap convention, not a distinct surveyed boundary",0.9264497206591754,3,0.023,1,Low-Low,0.1435013688953587,3,0.375,0,Not Significant,-0.8962502807747549,0.023,Not Significant,7.582969341882038,2.4236494356293665,0.1248908139224701,-0.5994333857380699,0.9354681766948384,0.0,0.00048430244,2.4587153485703617e-08,0.0255115743692791,0.0064989753481667
ASHANTI,AFIGYA KWABRE SOUTH,Ashanti,Afigya Kwabre South,District,6.83998064999999,-1.60957900170106,234667.0,68528.0,72634.0,13.0,43.20638959846068,47.71843230580355,9.278723762943306,27.26715199440784,61.46062464618656,0.9569551829686184,60.15417591736375,Ashanti,2.520104308709223,1.3,1.9,56.864285714285714,29.03333333333333,22.928571428571427,33.31666666666666,72.60498430532719,43.31,122.38138562980204,6.608211731288214,83.75467013250217,59.60226300903376,31.727427161068864,1.6910763472007415,32.63173785559744,27.58277251508641,0.0,0.47,2.54,331740.6518784233,12928.272773766172,126.0,20118.236387070563,12.137743616251823,DHS Ghana 2003 (regional) + WHO GHO (national),WHO Global TB Programme (national 2013-2024),Ghana Statistical Service 2021 Census,"Ghana 260-district basemap (post-2018 Local Governance Act); Guan District (Oti Region) added as a 261st row sharing its parent Krachi East Municipal polygon for adjacency purposes (no distinct legacy polygon exists) -- structural-gap convention, not a distinct surveyed boundary",0.5764650165305399,3,0.08,0,Not Significant,0.0095385864527784,1,0.149,0,Not Significant,-0.514760133633495,0.08,Not Significant,7.397748326873101,1.467836831254617,0.1448441130663243,-0.2211034080984252,0.6066124738605224,0.0343928571428571,0.00083303376,4.022031057528465e-07,0.0273248152211039,0.015637777081437
GREATER ACCRA,LA-NKWANTANANG-MADINA,GREATER ACCRA,LA-NKWANTANANG-MADINA,,5.624192658333333,-0.2349828662869439,173578.5,55808.77777777778,58485.944444444445,13.344444444444443,44.00437853131034,45.18601837181763,14.32680837009723,40.93352559462979,49.57829631667767,0.9570580255348304,65.98249284508076,,2.6000000000000005,1.3999999999999997,1.981548280618878,55.5357142857143,43.53333333333333,31.47142857142857,33.33333333333334,60.04999999999998,52.97000000000001,144.0384651859599,12.35353247494442,92.37824944419664,67.95737985565589,39.42698900961371,3.3474906506070354,45.87963772048502,22.56093875901817,0.1666666666666666,0.47,2.54,326896.8439078233,13065.531462244977,126.0,19998.69140319589,11.912379698327715,DHS Ghana 2003 (regional) + WHO GHO (national),WHO Global TB Programme (national 2013-2024),Ghana Statistical Service 2021 Census,"Ghana 260-district basemap (post-2018 Local Governance Act); Guan District (Oti Region) added as a 261st row sharing its parent Krachi East Municipal polygon for adjacency purposes (no distinct legacy polygon exists) -- structural-gap convention, not a distinct surveyed boundary",0.0001774156667157,3,0.495,0,Not Significant,0.1040041646547426,1,0.046,1,High-High,-0.0133709816233068,0.495,Not Significant,7.860456030602911,2.740243999108304,0.1363105037529688,-0.6404969083218481,0.9179083767322423,0.0006666666666666,0.0045890715,1.6067994964558213e-05,0.0259329575757606,0.0078011909336782
ASHANTI,ATWIMA KWANWOMA,Ashanti,Atwima Kwanwoma,District,6.65,-1.73333,234846.0,68316.0,73750.0,13.8,43.39787949265642,50.73476808917892,12.463740690683773,19.73416834161781,61.46341771294753,0.9706020778222264,60.4932594125512,Ashanti,2.5024915511272083,1.3,1.9,56.86428571428572,29.03333333333333,22.928571428571427,33.31666666666666,72.24465929948008,43.31,112.78295066298271,13.935496374349324,88.25131717486424,56.32912815005652,35.12057689242195,1.711504645102552,36.03428925350121,26.07319848384576,0.0,0.4699999999999999,2.54,329041.5137753992,13017.480636090431,126.0,19799.280093914847,12.027519897434493,DHS Ghana 2003 (regional) + WHO GHO (national),WHO Global TB Programme (national 2013-2024),Ghana Statistical Service 2021 Census,"Ghana 260-district basemap (post-2018 Local Governance Act); Guan District (Oti Region) added as a 261st row sharing its parent Krachi East Municipal polygon for adjacency purposes (no distinct legacy polygon exists) -- structural-gap convention, not a distinct surveyed boundary",-0.0577533166440994,4,0.344,0,Not Significant,0.0059969099243311,1,0.295,0,Not Significant,-0.1948208117195269,0.34400001,Not Significant,7.196709861758225,1.4838110787112309,0.1278890819845758,-0.264069082773192,0.672171762004557,0.0146714285714285,0.00097571063,7.012262897204429e-07,0.0261173900010246,0.0104413076074063
ASHANTI,SEKYERE SOUTH,Ashanti,Sekyere South,District,6.99532965,-1.50292100938884,120076.0,33678.0,37497.0,22.6,42.93028959232386,51.99333141860171,14.472992459007504,31.19324669791351,66.11587983840856,0.9200607144880892,59.27495919251141,Ashanti,2.4790816306825936,1.3,1.9,56.864285714285714,29.03333333333333,22.928571428571427,33.31666666666666,72.89113433464868,43.31,117.3510955944098,10.583861436574272,84.70230692888319,59.31863028713278,31.87602969489084,2.1480418344634504,36.56938404490005,28.54784234324393,0.0,0.4699999999999999,2.54,329968.9765674169,12958.638157736412,126.0,19906.12326994792,11.983641302958874,DHS Ghana 2003 (regional) + WHO GHO (national),WHO Global TB Programme (national 2013-2024),Ghana Statistical Service 2021 Census,"Ghana 260-district basemap (post-2018 Local Governance Act); Guan District (Oti Region) added as a 261st row sharing its parent Krachi East Municipal polygon for adjacency purposes (no distinct legacy polygon exists) -- structural-gap convention, not a distinct surveyed boundary",0.1333732425143052,3,0.143,0,Not Significant,-0.0005237711341924,4,0.439,0,Not Significant,-0.3740475389882764,0.14300001,Not Significant,7.363756846948185,1.413491994752732,0.1547996808196711,-0.2021639732342194,0.6510685489421532,0.0398666666666666,0.0016363678,1.4691488522769963e-06,0.0277760698562862,0.0173201433571696
GREATER ACCRA,GA EAST,GREATER ACCRA,GA EAST,,5.624192658333333,-0.2349828662869439,173578.5,55808.77777777778,58485.944444444445,13.344444444444443,43.39941655920588,44.27911243208409,10.68126550559642,40.15974021667604,52.36903751321668,0.9563233097781784,65.98249284508076,,2.6,1.3999999999999997,2.010897401422487,55.5357142857143,43.53333333333333,31.47142857142857,33.33333333333334,60.05,52.97000000000001,144.0384651859599,12.35353247494442,92.37824944419664,67.95737985565589,39.42698900961371,3.3474906506070354,45.87963772048502,22.56093875901817,0.1666666666666666,0.47,2.54,331575.2189511125,12866.265554029096,126.0,20020.62624998313,11.954020764777948,DHS Ghana 2003 (regional) + WHO GHO (national),WHO Global TB Programme (national 2013-2024),Ghana Statistical Service 2021 Census,"Ghana 260-district basemap (post-2018 Local Governance Act); Guan District (Oti Region) added as a 261st row sharing its parent Krachi East Municipal polygon for adjacency purposes (no distinct legacy polygon exists) -- structural-gap convention, not a distinct surveyed boundary",0.0017381757440871,3,0.417,0,Not Significant,0.1180412703561288,1,0.031,1,High-High,-0.1305474252163796,0.417,Not Significant,7.800171154840307,2.7271773705933047,0.1297749736309623,-0.6608327510403919,0.9223685078608052,0.0006666666666666,0.0045890715,1.6067994964558213e-05,0.0259329575757606,0.0078011909336782
GREATER ACCRA,AYAWASO WEST,GREATER ACCRA,AYAWASO WEST,,5.624192658333333,-0.2349828662869439,173578.5,55808.77777777778,58485.944444444445,13.344444444444443,42.91581464147811,44.33321760151392,13.979085103842673,40.33748625564338,47.32697478355345,0.9434058915797126,65.98249284508076,,2.6,1.4,1.9829303826948537,55.5357142857143,43.53333333333333,31.47142857142857,33.33333333333336,60.04999999999998,52.97000000000001,144.0384651859599,12.35353247494442,92.37824944419664,67.95737985565589,39.42698900961371,3.3474906506070354,45.87963772048502,22.56093875901817,0.1666666666666666,0.47,2.54,329791.5857119331,13050.891456055677,126.0,19883.856951937472,12.105240241337418,DHS Ghana 2003 (regional) + WHO GHO (national),WHO Global TB Programme (national 2013-2024),Ghana Statistical Service 2021 Census,"Ghana 260-district basemap (post-2018 Local Governance Act); Guan District (Oti Region) added as a 261st row sharing its parent Krachi East Municipal polygon for adjacency purposes (no distinct legacy polygon exists) -- structural-gap convention, not a distinct surveyed boundary",-0.0013054199935532,2,0.385,0,Not Significant,0.1015298315228585,1,0.013,1,High-High,0.097955167489852,0.385,Not Significant,7.861976632503402,2.7899358903025493,0.1326618329271347,-0.6028113285222491,0.9131056038166766,0.0006666666666666,0.0045890715,1.6067994964558213e-05,0.0259329575757606,0.0078011909336782
ASHANTI,SEKYERE EAST,Ashanti,Sekyere East,District,6.77947295,-1.29935419961981,74789.0,20506.0,23780.0,17.3,42.28708119621635,53.62820601019932,19.15695305443684,22.830808880857024,61.99270532005819,0.841330155918845,59.21459038093837,Ashanti,2.504159075134003,1.3,1.9,56.864285714285714,29.03333333333333,22.928571428571427,33.31666666666666,72.53654041957324,43.31,86.09131605195617,11.064864697864994,88.1655435719122,58.546097423294334,31.664279561966737,1.857510100701652,34.11651099244265,24.448099331116044,0.0,0.47,2.54,330928.7771028432,12956.391036409876,126.0,20124.781581410563,11.894551534077785,DHS Ghana 2003 (regional) + WHO GHO (national),WHO Global TB Programme (national 2013-2024),Ghana Statistical Service 2021 Census,"Ghana 260-district basemap (post-2018 Local Governance Act); Guan District (Oti Region) added as a 261st row sharing its parent Krachi East Municipal polygon for adjacency purposes (no distinct legacy polygon exists) -- structural-gap convention, not a distinct surveyed boundary",0.1141725004118801,3,0.177,0,Not Significant,-0.005299883205226,4,0.314,0,Not Significant,-0.4330628779397144,0.177,Not Significant,6.8926604736836445,1.2505523832724148,0.1330741369579775,-0.3100628323302469,0.8010567006005045,0.0121904761904761,0.00083052326,1.6151181376567705e-07,0.0261053853103907,0.0097816365687366
GREATER ACCRA,GA SOUTH MUNICIPAL,Greater Accra,Ga South Municipal,Municipal,5.669162,-0.333376,350121.0,107044.0,111736.0,15.8,43.76920192874508,45.63389360737432,16.82978595988357,51.3461281870479,58.13463819191893,0.9415521745276104,62.48696879078947,Greater Accra,2.6000000000000005,1.3999999999999997,2.005297306768259,55.53571428571429,43.53333333333334,31.47142857142857,33.33333333333334,60.05,52.970000000000006,161.3088155527292,15.391925648539065,86.67795092929303,61.64275439200533,38.04446718458095,3.400303004357161,45.2234107660517,26.4308945543954,0.0,0.47,2.54,331944.23058587656,12924.58174834947,126.0,20085.45905662237,12.04708619649208,DHS Ghana 2003 (regional) + WHO GHO (national),WHO Global TB Programme (national 2013-2024),Ghana Statistical Service 2021 Census,"Ghana 260-district basemap (post-2018 Local Governance Act); Guan District (Oti Region) added as a 261st row sharing its parent Krachi East Municipal polygon for adjacency purposes (no distinct legacy polygon exists) -- structural-gap convention, not a distinct surveyed boundary",-0.2531062363345386,4,0.194,0,Not Significant,0.0648929449596162,1,0.173,0,Not Significant,-0.4356345809299493,0.19400001,Not Significant,7.625097312080099,2.5261256864875365,0.1216353725065987,-0.6760577397233345,0.9400363807978253,0.4046253968253969,0.85866684,0.960909260092365,0.7930358277248541,0.7543093304645099
GREATER ACCRA,GA WEST MUNICIPAL,Greater Accra,Ga West Municipal,Municipal,5.669162,-0.333376,314299.0,97011.0,99245.0,10.5,43.33528660878972,46.76448984880411,9.371088364533666,40.94801594841301,61.17251184667396,0.9820966185957968,62.44245129637702,Greater Accra,2.6,1.4,1.98962103871604,55.535714285714285,43.53333333333334,31.47142857142857,33.333333333333336,60.05,52.970000000000006,165.6150427133095,11.194063030801455,91.4119342650663,70.72733742734682,40.16023765229754,3.668775927135621,44.92051077190308,23.04898260117714,0.0,0.4699999999999999,2.54,332101.81095839123,13031.572089890711,126.0,20011.76400821868,11.994131895639615,DHS Ghana 2003 (regional) + WHO GHO (national),WHO Global TB Programme (national 2013-2024),Ghana Statistical Service 2021 Census,"Ghana 260-district basemap (post-2018 Local Governance Act); Guan District (Oti Region) added as a 261st row sharing its parent Krachi East Municipal polygon for adjacency purposes (no distinct legacy polygon exists) -- structural-gap convention, not a distinct surveyed boundary",0.0452879270015233,3,0.374,0,Not Significant,0.1353086809013603,1,0.02,1,High-High,-0.1903242756599333,0.37400001,Not Significant,7.652248635507053,2.594232626114465,0.1206550611164272,-0.7119936556225251,0.9370733673170388,0.238263492063492,0.07144069,0.026547206281027,0.0645093452672336,0.1001901832193701
ASHANTI,SEKYERE CENTRAL,Ashanti,Sekyere Central,District,7.21625465,-1.09955606489201,73228.0,20482.0,20859.0,39.8,42.36892483410929,46.45617284710283,33.95833645400949,53.01006016046584,71.18866678029491,0.9681070383560104,56.45518107827607,Ashanti,2.502330270825882,1.3,1.9,56.86428571428573,29.03333333333333,22.928571428571427,33.31666666666666,72.03927615052845,43.31,76.6585150890603,14.465527106806068,88.08767246214455,46.19976575586346,28.32239887108364,2.0638407645653314,36.83188146230831,24.34664018840432,0.0,0.47,2.54,332773.19205248106,12895.994919475716,126.0,20059.24222763531,12.00112387873318,DHS Ghana 2003 (regional) + WHO GHO (national),WHO Global TB Programme (national 2013-2024),Ghana Statistical Service 2021 Census,"Ghana 260-district basemap (post-2018 Local Governance Act); Guan District (Oti Region) added as a 261st row sharing its parent Krachi East Municipal polygon for adjacency purposes (no distinct legacy polygon exists) -- structural-gap convention, not a distinct surveyed boundary",-0.0930971154137363,4,0.315,0,Not Significant,-0.004742139589412,4,0.341,0,Not Significant,-0.232450346086571,0.315,Not Significant,7.299465435929112,0.7282793129318355,0.1890560000109184,-0.0930609116566245,0.8276286820487213,0.0658142857142857,0.01261125,3.033863908071984e-05,0.028840679683823,0.0268241386075705
GREATER ACCRA,GA CENTRAL MUNICIPAL,Greater Accra,Ga Central Municipal,Municipal,5.3203951,-2.0334832,332232.0,106324.0,113999.0,8.3,42.71839194086029,38.42235693972916,8.056850322927172,44.80845541352228,49.074467189752966,0.9471446137916854,66.31600809073178,Greater Accra,2.6,1.4,1.9934591991871504,55.535714285714285,43.53333333333334,31.47142857142857,33.33333333333334,60.05,52.970000000000006,142.47445005658682,8.105680061017127,95.09864847215376,68.83186061362805,38.35014007334302,3.621884876411829,47.595333804131336,19.453392762460656,0.0,0.4699999999999999,2.5400000000000005,331490.1762537936,12977.286524283842,126.0,19839.52643599592,11.954944190788162,DHS Ghana 2003 (regional) + WHO GHO (national),WHO Global TB Programme (national 2013-2024),Ghana Statistical Service 2021 Census,"Ghana 260-district basemap (post-2018 Local Governance Act); Guan District (Oti Region) added as a 261st row sharing its parent Krachi East Municipal polygon for adjacency purposes (no distinct legacy polygon exists) -- structural-gap convention, not a distinct surveyed boundary",-0.0314781823351537,2,0.458,0,Not Significant,0.1478310054861128,1,0.014,1,High-High,0.0342602621917181,0.458,Not Significant,7.733317510116817,2.6920574523688034,0.1226356905087775,-0.6423673145847373,0.926609882006125,0.0400333333333333,0.005483007,5.6188305758107e-06,0.0281405930798474,0.0184156380755644
ASHANTI,OFFINSO NORTH,Ashanti,Offinso North,District,7.27974815,-1.79832745610104,83440.0,22483.0,24424.0,34.3,41.959774289291744,40.49304738204835,30.69628142654108,30.892253910943303,73.29092085037165,0.9460842559626071,56.21644295302013,Ashanti,2.516875284715334,1.3,1.9,56.86428571428572,29.03333333333333,22.928571428571427,33.31666666666666,71.7795358872369,43.31,88.40703171741191,9.467513838076789,90.63907354592664,66.01229172752176,28.7148178934036,1.9671645025269815,39.21434714485994,24.440721668085384,0.0,0.4699999999999999,2.54,328126.0559038677,13001.348287308318,126.0,19961.20154683637,12.04712942203698,DHS Ghana 2003 (regional) + WHO GHO (national),WHO Global TB Programme (national 2013-2024),Ghana Statistical Service 2021 Census,"Ghana 260-district basemap (post-2018 Local Governance Act); Guan District (Oti Region) added as a 261st row sharing its parent Krachi East Municipal polygon for adjacency purposes (no distinct legacy polygon exists) -- structural-gap convention, not a distinct surveyed boundary",0.0761448924417419,3,0.358,0,Not Significant,0.0061204726226564,1,0.246,0,Not Significant,-0.1346354211163865,0.35800001,Not Significant,9.099343253262418,1.5603960528072571,0.1927361981390515,-0.1492923007474423,0.5672406734296271,0.0395285714285714,0.0042777397,1.1846908199277417e-05,0.0279037074096567,0.01793046635507
OTI,KRACHI WEST,OTI,KRACHI WEST,,7.85173986,0.288971759939309,94418.2,26298.2,26036.6,38.52,41.25910467801372,40.79250925854761,45.93202083422592,46.68902999902712,67.4779526496066,1.0189834473864705,55.580795717373135,,1.2000374710356727,0.2987146761436314,0.7514204093454747,53.15714282850795,41.46666663263623,29.342857142857145,33.33333329901113,34.41853783238078,45.20097434061106,55.08374525972313,5.0,93.42408871793806,60.72158145254648,30.469044413446035,2.735554762286726,43.27806178287706,19.921004955249245,0.0,0.4699999999999999,2.5451771456504795,329934.9063100676,13059.907336110531,126.0,20021.7901905264,12.012940000278222,DHS Ghana 2003 (regional) + WHO GHO (national),WHO Global TB Programme (national 2013-2024),Ghana Statistical Service 2021 Census,"Ghana 260-district basemap (post-2018 Local Governance Act); Guan District (Oti Region) added as a 261st row sharing its parent Krachi East Municipal polygon for adjacency purposes (no distinct legacy polygon exists) -- structural-gap convention, not a distinct surveyed boundary",1.0879214146887983,3,0.053,0,Not Significant,2.223419935934281,3,0.001,1,Low-Low,-0.7612811413131246,0.053,Not Significant,7.0549352297499865,1.5371238178120157,0.1550769365031533,-0.3370862153273143,0.95215549154049,0.0068,0.0010459801,1.5378424051135366e-06,0.0257742180465869,0.0084054340076225
ASHANTI,OFFINSO MUNICIPAL,Ashanti,Offinso Municipal,Municipal,7.05794129999999,-1.73462655987467,137272.0,38040.0,42369.0,23.5,42.45676376895931,52.81995740652522,23.52175342745239,32.40650820187102,64.34647818580791,0.8663408863424649,58.57640305379101,Ashanti,2.4960097885132555,1.3,1.9,56.864285714285714,29.03333333333333,22.928571428571427,33.31666666666666,71.63919202819972,43.31,138.8683602594558,9.129517170237712,98.0,82.55416154668227,41.99555075820619,3.697335835088878,45.82596911624413,22.488533312770077,0.0,0.47,2.54,330556.0658464409,12884.255576918607,126.0,20094.68183643744,11.996153713220906,DHS Ghana 2003 (regional) + WHO GHO (national),WHO Global TB Programme (national 2013-2024),Ghana Statistical Service 2021 Census,"Ghana 260-district basemap (post-2018 Local Governance Act); Guan District (Oti Region) added as a 261st row sharing its parent Krachi East Municipal polygon for adjacency purposes (no distinct legacy polygon exists) -- structural-gap convention, not a distinct surveyed boundary",0.2745742494944071,3,0.155,0,Not Significant,-0.0091486952740305,4,0.191,0,Not Significant,-0.4310170238411335,0.155,Not Significant,8.347416965344358,1.5728760959243864,0.1729613260445928,-0.1434165099271585,0.5398018483588759,0.0093333333333333,0.0018341474,1.6942140274496404e-06,0.026136345795859,0.0093263801800398
ASHANTI,OBUASI MUNICIPAL,Ashanti,Obuasi Municipal,Municipal,6.211542,-1.6894045,104297.0,33517.0,34084.0,11.1,42.58824839022672,48.50841785473363,9.577440969892953,15.189299278424972,51.548669051490535,0.9721271607559516,64.81586239297391,Ashanti,2.481856071959543,1.3,1.9,56.864285714285714,29.03333333333333,22.928571428571427,33.31666666666666,72.62015064565234,43.31,118.28222863587962,9.120788076633158,98.0,78.71351773241469,39.74887833451309,3.7455542629578815,46.76713928839749,17.098456928015413,0.0,0.47,2.54,331264.67275136604,12947.086508233457,126.0,20020.75730312229,11.932444411702908,DHS Ghana 2003 (regional) + WHO GHO (national),WHO Global TB Programme (national 2013-2024),Ghana Statistical Service 2021 Census,"Ghana 260-district basemap (post-2018 Local Governance Act); Guan District (Oti Region) added as a 261st row sharing its parent Krachi East Municipal polygon for adjacency purposes (no distinct legacy polygon exists) -- structural-gap convention, not a distinct surveyed boundary",0.2572661539634692,3,0.211,0,Not Significant,-0.0107498886190293,4,0.186,0,Not Significant,-0.4029494455170834,0.211,Not Significant,6.976230127233119,1.395458559827785,0.1206037873238484,-0.4032812004584227,0.8910391671175998,0.0026666666666666,0.00086114637,1.277728375496389e-07,0.0257406660897311,0.0073171517250289
OTI,KRACHI NCHUMURU,Oti,Krachi Nchumuru,District,8.1892008,-0.0866133771431008,79934.0,21445.0,21370.0,47.2,40.50783330027579,37.63264392929257,49.08070790069869,60.37187848327153,72.67028939160177,1.006671057320747,53.56293942502565,Volta (pre 2022),1.1946191222440687,0.2994837962159759,0.7514780107141183,53.15714282561829,41.46666673265034,29.342857142857145,33.333333394245464,34.556729662432275,45.33071352635055,40.0,5.0,91.3094519638999,59.1069901791856,25.556396328276037,2.0798408065153517,42.1793784301287,16.958392112152143,0.0,0.47,2.514908450964376,330219.43975262,13079.204987600006,126.0,20112.34344372297,11.899636334312731,DHS Ghana 2003 (regional) + WHO GHO (national),WHO Global TB Programme (national 2013-2024),Ghana Statistical Service 2021 Census,"Ghana 260-district basemap (post-2018 Local Governance Act); Guan District (Oti Region) added as a 261st row sharing its parent Krachi East Municipal polygon for adjacency purposes (no distinct legacy polygon exists) -- structural-gap convention, not a distinct surveyed boundary",0.8431159124371266,3,0.051,0,Not Significant,1.9273466295653388,3,0.001,1,Low-Low,-0.5912327392200613,0.051,Not Significant,7.267942529028982,1.608927710944137,0.1683883552865378,-0.3927966852643854,0.9396185206646244,0.1060761904761904,0.033324134,0.0001096548014794,0.0335959445980447,0.0432764808701199
ASHANTI,KWABRE EAST,Ashanti,Kwabre East,Municipal,6.7897864,-1.53792852576917,296814.0,85713.0,93804.0,10.6,43.77812417331479,49.32740492167424,9.542591116009303,26.425957467760693,60.98008350512663,0.910168971137684,60.481311528431945,Ashanti,2.4821267392711803,1.3,1.9,56.86428571428572,29.03333333333333,22.928571428571427,33.31666666666666,72.47557496812271,43.31,167.3437566640633,7.955716230796908,95.75759219375136,72.76027048323604,43.277380886454914,3.4552025573239917,46.50377649903468,23.48348570293498,0.0,0.47,2.54,329771.5774253374,12968.610198961802,126.0,20144.55454849992,12.007596855737974,DHS Ghana 2003 (regional) + WHO GHO (national),WHO Global TB Programme (national 2013-2024),Ghana Statistical Service 2021 Census,"Ghana 260-district basemap (post-2018 Local Governance Act); Guan District (Oti Region) added as a 261st row sharing its parent Krachi East Municipal polygon for adjacency purposes (no distinct legacy polygon exists) -- structural-gap convention, not a distinct surveyed boundary",0.4116372086601053,3,0.118,0,Not Significant,0.0083753834245621,1,0.195,0,Not Significant,-0.4772866897648098,0.118,Not Significant,7.141562552686085,1.406791111991188,0.1376975915753586,-0.2584863258549701,0.666382626689341,0.0720777777777777,0.013984611,3.616188080076391e-05,0.0288068601993136,0.0287263527789507
VOLTA,AGOTIME ZIOPE,VOLTA,AGOTIME ZIOPE,,6.470662885714283,0.5501216246101069,82802.78571428571,23423.92857142857,26152.35714285714,29.307142857142857,44.7679489196924,53.23787559290787,29.500460090909776,30.2811333436837,56.113597496792536,0.9302130816959138,59.23168337696861,,1.1999999999999995,0.2999999999999999,0.7486835566139093,53.1029222446469,41.46666666666668,29.34285714285715,33.33333333333333,34.39999999999999,45.56,81.46977866097879,5.779046806604607,87.98502955496129,59.41628112226838,32.87215417296165,2.222009344871663,37.69241023489102,27.770435240749286,0.0,0.4699999999999999,2.529582160280233,330635.4405312688,13125.450808093536,126.0,20128.626010138047,11.95400530383668,DHS Ghana 2003 (regional) + WHO GHO (national),WHO Global TB Programme (national 2013-2024),Ghana Statistical Service 2021 Census,"Ghana 260-district basemap (post-2018 Local Governance Act); Guan District (Oti Region) added as a 261st row sharing its parent Krachi East Municipal polygon for adjacency purposes (no distinct legacy polygon exists) -- structural-gap convention, not a distinct surveyed boundary",1.7028395112586971,3,0.001,1,Low-Low,1.880589611879673,3,0.002,1,Low-Low,-1.325479859964739,0.001,Not Significant,5.688706739182549,0.4622510506560949,0.1344362395497225,0.0230792525226816,0.940556510143076,0.0,0.0018915155,1.452694343232805e-06,0.025572542502855,0.0068663776619375
VOLTA,ADAKLU,Volta,Adaklu,District,6.4470511,0.6286474,38649.0,10721.0,11393.0,33.2,43.77877106042661,48.57545755876843,32.6002261267767,25.037066159450365,58.1940088440747,0.9778969939162911,57.21752179875288,Volta (pre 2022),1.2,0.3,0.7444699386805237,52.85316026327562,41.46666666666667,29.342857142857145,33.333333333333336,34.4,45.56,78.94035620423666,5.0,84.95365996563261,55.8953282299272,30.091781014062573,2.119409900520578,34.72574916239841,28.210109412773345,0.0,0.47,2.528766978032245,334086.5611128294,13061.87978115766,126.0,20190.688036670592,11.927327614726416,DHS Ghana 2003 (regional) + WHO GHO (national),WHO Global TB Programme (national 2013-2024),Ghana Statistical Service 2021 Census,"Ghana 260-district basemap (post-2018 Local Governance Act); Guan District (Oti Region) added as a 261st row sharing its parent Krachi East Municipal polygon for adjacency purposes (no distinct legacy polygon exists) -- structural-gap convention, not a distinct surveyed boundary",2.016263765687601,3,0.001,1,Low-Low,1.5838786459772325,3,0.017,1,Low-Low,-1.4061323882445471,0.001,Not Significant,5.59809969573663,0.3414728325377179,0.1423700494115192,-0.1929539112116258,0.9427904965354597,0.0046142857142857,0.0011107271,3.132467684588582e-07,0.0259258433428566,0.007912792346945
ASHANTI,EJURA-SEKYEDUMASE,ASHANTI,EJURA-SEKYEDUMASE,,6.648968471212119,-1.5710996271278177,121878.81818181818,36505.0,37998.333333333336,21.23333333333333,42.60100202479445,47.81646221718175,19.6980966455669,36.19433314709719,57.45655294999753,0.9287642660717808,60.40712501501989,,2.478354553665301,1.2999999999999998,1.9,56.86428571428571,29.03333333333333,22.928571428571427,33.316666666666656,72.48283735524983,43.31,115.5257832149487,10.538249727084729,90.77941777709772,65.48132841962365,34.71769297793984,2.64667986240882,40.68058247570054,23.965784469313288,0.0303030303030303,0.47,2.5400000000000005,327591.5921620433,12874.320019755232,126.0,20060.54167827257,11.950250413171185,DHS Ghana 2003 (regional) + WHO GHO (national),WHO Global TB Programme (national 2013-2024),Ghana Statistical Service 2021 Census,"Ghana 260-district basemap (post-2018 Local Governance Act); Guan District (Oti Region) added as a 261st row sharing its parent Krachi East Municipal polygon for adjacency purposes (no distinct legacy polygon exists) -- structural-gap convention, not a distinct surveyed boundary",0.0309157140817216,3,0.416,0,Not Significant,-0.006799223549181,4,0.194,0,Not Significant,-0.0857050966360985,0.41600001,Not Significant,8.396277421123155,1.2791569666591345,0.2091488386498629,0.0065844796474946,0.7058476761050525,0.0,0.000768791,7.703545722415979e-07,0.0255161418576258,0.0065714258058167
ASHANTI,ATWIMA NWABIAGYA SOUTH,ASHANTI,ATWIMA NWABIAGYA SOUTH,,6.648968471212119,-1.5710996271278177,121878.81818181818,36505.0,37998.333333333336,21.23333333333333,43.00088124992772,47.57528099215377,19.472984948405024,33.14246437169861,61.32722749605981,1.007132087621874,60.40712501501989,,2.4831054261368872,1.2999999999999998,1.9,56.8642857142857,29.03333333333333,22.928571428571427,33.316666666666656,72.68068109762281,43.31,115.5257832149487,10.538249727084729,90.77941777709772,65.48132841962365,34.71769297793984,2.64667986240882,40.68058247570054,23.965784469313288,0.0303030303030303,0.4699999999999998,2.5400000000000005,329392.4804585624,13032.295643301786,126.0,19990.020481321284,11.907691314373608,DHS Ghana 2003 (regional) + WHO GHO (national),WHO Global TB Programme (national 2013-2024),Ghana Statistical Service 2021 Census,"Ghana 260-district basemap (post-2018 Local Governance Act); Guan District (Oti Region) added as a 261st row sharing its parent Krachi East Municipal polygon for adjacency purposes (no distinct legacy polygon exists) -- structural-gap convention, not a distinct surveyed boundary",0.1522775531552791,3,0.128,0,Not Significant,-0.0026214159353609,4,0.378,0,Not Significant,-0.4166061864411645,0.12800001,Not Significant,7.240686120695962,1.4869736990378009,0.1314379047819107,-0.2303305270621143,0.5945081548533339,0.0,0.000768791,7.703545722415979e-07,0.0255161418576258,0.0065714258058167
VOLTA,AKATSI SOUTH,VOLTA,AKATSI SOUTH,,6.470662885714283,0.5501216246101069,82802.78571428571,23423.92857142857,26152.35714285714,29.307142857142857,43.70293410457283,52.12834476943811,23.630052604926515,29.90575756795512,57.740335927101285,0.8899366725767445,59.23168337696861,,1.1999999999999995,0.2999999999999999,0.7553339137755609,53.31679561573152,41.46666666666668,29.34285714285715,33.33333333333333,34.39999999999999,45.56,81.46977866097879,5.779046806604607,87.98502955496129,59.41628112226838,32.87215417296165,2.222009344871663,37.69241023489102,27.770435240749286,0.0,0.4699999999999999,2.52300096455991,331771.67333866155,13039.450238304084,126.0,20081.48812907144,11.98007537853342,DHS Ghana 2003 (regional) + WHO GHO (national),WHO Global TB Programme (national 2013-2024),Ghana Statistical Service 2021 Census,"Ghana 260-district basemap (post-2018 Local Governance Act); Guan District (Oti Region) added as a 261st row sharing its parent Krachi East Municipal polygon for adjacency purposes (no distinct legacy polygon exists) -- structural-gap convention, not a distinct surveyed boundary",1.548070578130096,3,0.001,1,Low-Low,1.480880165396625,3,0.004,1,Low-Low,-1.2054623930342967,0.001,Not Significant,5.796402887498044,0.8816455267752376,0.1128554059483337,-0.2884534316346665,0.9220877094889391,0.0,0.0018915155,1.452694343232805e-06,0.025572542502855,0.0068663776619375
ASHANTI,ATWIMA MPONUA,Ashanti,Atwima Mponua,District,6.5558963,-2.17659077213842,155254.0,47076.0,43265.0,25.1,42.42629230003778,41.43112229090023,30.659409350093583,24.81742050959165,71.02312013611662,1.1236157564549398,58.18916098780063,Ashanti,2.5051337007551595,1.3,1.9,56.86428571428572,29.03333333333333,22.928571428571427,33.31666666666666,72.22708632914686,43.31,100.57773630765504,5.764671336292899,88.22000667861393,65.01226564094634,28.67741833415316,2.228779590943109,35.27122597616819,28.32710403420082,0.0,0.4699999999999999,2.54,328381.0583292092,12997.307205069104,126.0,19950.58769744069,11.978858242810324,DHS Ghana 2003 (regional) + WHO GHO (national),WHO Global TB Programme (national 2013-2024),Ghana Statistical Service 2021 Census,"Ghana 260-district basemap (post-2018 Local Governance Act); Guan District (Oti Region) added as a 261st row sharing its parent Krachi East Municipal polygon for adjacency purposes (no distinct legacy polygon exists) -- structural-gap convention, not a distinct surveyed boundary",-0.2317409982091208,2,0.293,0,Not Significant,-0.0087619736899126,4,0.142,0,Not Significant,0.1743179181152872,0.29300001,Not Significant,7.1730393490454105,1.342916771445129,0.1197857967030699,-0.3137653253066987,0.6358961897938706,0.0408523809523809,0.0008942129,2.020102539453758e-07,0.0277828468568833,0.0173824106850506
VOLTA,AKATSI NORTH,Volta,Akatsi North,District,6.3108306,0.876439062223793,32755.0,8505.0,10014.0,39.3,44.39526460106604,49.47786561545649,35.42523291417016,48.49087367022376,67.60317464777529,0.8796020338617141,56.53793313997863,Volta (pre 2022),1.2,0.3,0.7520080754361778,53.43465238950532,41.46666666666667,29.342857142857145,33.333333333333336,34.4,45.56,48.02210467268611,7.539216650486849,87.73886179559585,46.05768591290245,26.546882118470894,1.665801179979736,36.64417708611692,32.180391788431685,0.0,0.47,2.5423024608072207,328892.8082141874,12984.311143162417,126.0,20132.47156125585,11.9996122383223,DHS Ghana 2003 (regional) + WHO GHO (national),WHO Global TB Programme (national 2013-2024),Ghana Statistical Service 2021 Census,"Ghana 260-district basemap (post-2018 Local Governance Act); Guan District (Oti Region) added as a 261st row sharing its parent Krachi East Municipal polygon for adjacency purposes (no distinct legacy polygon exists) -- structural-gap convention, not a distinct surveyed boundary",1.2302653777129735,3,0.002,1,Low-Low,1.5905040840027276,3,0.014,1,Low-Low,-1.2996687111213747,0.002,Not Significant,5.70020548326592,0.6765224671278867,0.1209834696712359,-0.0636795314873882,0.9270450965454002,0.0871666666666667,0.0025401758,1.526593191706767e-07,0.0315088703894946,0.0303039663796215
VOLTA,HO MUNICIPAL,Volta,Ho Municipal,Municipal,6.6126598,0.4688932,180142.0,55464.0,63965.0,12.5,41.53842326219618,53.034148810061815,10.951827113187516,14.047570120794395,39.91399686617927,0.8982074183419773,66.29714336467897,Volta (pre 2022),1.2,0.3,0.7517074053481826,53.14509159620126,41.46666666666667,29.342857142857145,33.333333333333336,34.4,45.56,80.71245324231582,5.0,98.0,75.77711976406003,41.983848483301664,3.692886524049976,50.28358621778655,15.717899503600224,0.0,0.47,2.5471137403746247,329913.1051627473,12976.949173347415,126.0,20057.911313777106,12.070521477341249,DHS Ghana 2003 (regional) + WHO GHO (national),WHO Global TB Programme (national 2013-2024),Ghana Statistical Service 2021 Census,"Ghana 260-district basemap (post-2018 Local Governance Act); Guan District (Oti Region) added as a 261st row sharing its parent Krachi East Municipal polygon for adjacency purposes (no distinct legacy polygon exists) -- structural-gap convention, not a distinct surveyed boundary",1.9797118077342872,3,0.014,1,Low-Low,1.6421900204123456,3,0.035,1,Low-Low,-1.38074242769969,0.014,Not Significant,5.764491557679508,0.3253952215194411,0.1477064066724747,0.1283230988811302,0.9542581876877448,0.0407862193362193,0.0009743279,1.6279039003659585e-07,0.028585387575117,0.0175865244024059
ASHANTI,ADANSI SOUTH,Ashanti,Adansi South,District,6.00427495,-1.39314032189093,85200.0,24648.0,25348.0,35.0,42.701858278380016,44.92105367884993,23.235469710866184,50.32063945825672,60.103831438987534,0.9428723228312348,58.68075117370892,Ashanti,2.500077704551237,1.3,1.9,56.864285714285714,29.03333333333333,22.928571428571427,33.31666666666666,72.92311832286059,43.31,101.18491769178831,14.112902491701744,88.438127441857,56.454977854250416,31.039101418842368,2.0822667939714887,36.96747284257894,27.800974503439857,0.0,0.4699999999999999,2.54,328989.2239432727,13036.041525569011,126.0,19865.421277184527,12.102713499335032,DHS Ghana 2003 (regional) + WHO GHO (national),WHO Global TB Programme (national 2013-2024),Ghana Statistical Service 2021 Census,"Ghana 260-district basemap (post-2018 Local Governance Act); Guan District (Oti Region) added as a 261st row sharing its parent Krachi East Municipal polygon for adjacency purposes (no distinct legacy polygon exists) -- structural-gap convention, not a distinct surveyed boundary",-0.1966433937870722,4,0.112,0,Not Significant,-0.024725528119277,4,0.02,1,High-Low,-0.5959628348283598,0.112,Not Significant,6.716805704162376,1.291711904568498,0.0969831603642552,-0.7213246787431604,0.9741156423612056,0.0131333333333333,0.003994628,1.3899185861707788e-05,0.0262644762616849,0.0108515841591495
VOLTA,HOHOE MUNICIPAL,Volta,Hohoe Municipal,Municipal,7.153187,0.477735,114472.0,33152.0,36705.0,18.8,42.90269947076568,51.23512682984584,12.96183618819252,23.71073510331293,55.24420596983498,0.9175386720353116,61.0254035921448,Volta (pre 2022),1.2,0.3,0.7499485550728229,53.238935485151096,41.46666666666667,29.342857142857145,33.333333333333336,34.4,45.56,99.536727528985,5.0,98.0,72.2419071523847,39.01529126892058,3.4142177076269644,46.22868766928392,19.470999156997443,0.0,0.47,2.522986918455697,329209.6875400959,12911.761160742706,126.0,19861.940748123383,12.10364576238222,DHS Ghana 2003 (regional) + WHO GHO (national),WHO Global TB Programme (national 2013-2024),Ghana Statistical Service 2021 Census,"Ghana 260-district basemap (post-2018 Local Governance Act); Guan District (Oti Region) added as a 261st row sharing its parent Krachi East Municipal polygon for adjacency purposes (no distinct legacy polygon exists) -- structural-gap convention, not a distinct surveyed boundary",2.089367681594229,3,0.001,1,Low-Low,2.542441436293398,3,0.001,1,Low-Low,-1.4569123093342613,0.001,Not Significant,6.259560862840766,0.5168827061209246,0.1167038580218431,-0.0068055059869802,0.9624404499521474,0.0023333333333333,0.0008267053,1.2362871392266234e-07,0.0259290819153913,0.0072723110457025
ASHANTI,ADANSI ASOKWA,Ashanti,Adansi Asokwa,District,6.2467263,-1.50841,71844.0,20664.0,21335.0,32.4,42.7977589890829,48.77351841804411,24.347051065482905,48.09149886681864,59.99575715967512,0.9327648991532304,58.45860475474639,Ashanti,2.5246039558193614,1.3,1.9,56.864285714285714,29.03333333333333,22.928571428571427,33.31666666666666,72.31564501916313,43.31,119.81310535940496,11.856425099294055,82.60203305941513,53.451267860253104,28.55757277286005,2.116996853510831,36.44911735174171,27.939901433937017,0.0,0.47,2.54,329149.4959453958,12977.468334124002,126.0,20082.205293218303,12.096819694242912,DHS Ghana 2003 (regional) + WHO GHO (national),WHO Global TB Programme (national 2013-2024),Ghana Statistical Service 2021 Census,"Ghana 260-district basemap (post-2018 Local Governance Act); Guan District (Oti Region) added as a 261st row sharing its parent Krachi East Municipal polygon for adjacency purposes (no distinct legacy polygon exists) -- structural-gap convention, not a distinct surveyed boundary",0.0401301203926592,3,0.186,0,Not Significant,-0.0156157885993758,4,0.057,0,Not Significant,-0.3648061969966177,0.186,Not Significant,6.765587439920777,1.3436278713336367,0.1033373868910271,-0.5734236116296354,0.9405301662913942,0.0632333333333333,0.006081441,3.5442714791509535e-05,0.0292321871285173,0.0246456010320793
VOLTA,HO WEST,Volta,Ho West,District,6.590707,0.46714,83172.0,23357.0,25820.0,27.9,41.95553648718893,49.42323558667171,19.990680404484408,33.58458065806658,51.68640119908842,0.9133183212512224,59.12686961958351,Volta (pre 2022),1.2,0.3,0.744695026544556,53.49578089709369,41.46666666666667,29.342857142857145,33.333333333333336,34.4,45.56,50.43830065451137,5.0,89.55860579646779,56.14093973956841,29.55013639595848,2.027489910593102,37.32406308570446,24.001023481056,0.0,0.47,2.5119287094882408,331612.47630737285,12961.006281969225,126.0,19899.968127258435,11.848650679191891,DHS Ghana 2003 (regional) + WHO GHO (national),WHO Global TB Programme (national 2013-2024),Ghana Statistical Service 2021 Census,"Ghana 260-district basemap (post-2018 Local Governance Act); Guan District (Oti Region) added as a 261st row sharing its parent Krachi East Municipal polygon for adjacency purposes (no distinct legacy polygon exists) -- structural-gap convention, not a distinct surveyed boundary",-0.0,3,0.001,1,Low-Low,-0.0,3,0.001,1,Low-Low,,0.001,Not Significant,5.546338634726954,0.0678555795246148,0.1622991318931061,-0.2324859031926403,0.9557529262334536,0.0025,0.0007631417,1.059676883980757e-07,0.0259197530078947,0.0072957501750824
ASHANTI,BOSOME FREHO,Ashanti,Bosome Freho,District,6.3681227,-1.36632312680072,62259.0,17554.0,17537.0,31.3,40.89341575949948,39.53265230705121,25.82339877354025,50.96323292638719,67.46793247597867,1.0588667416335715,56.36293547920782,Ashanti,2.4910036073287585,1.3,1.9,56.864285714285714,29.03333333333333,22.928571428571427,33.31666666666666,72.88446621933377,43.31,62.16765339433949,10.029378059267978,91.55913865444602,59.70040332968233,29.90453714418837,2.648595018738672,35.10619859330386,19.40764272374827,0.0,0.47,2.54,329796.7957951901,13032.05914371301,126.0,19908.308850815472,11.992362908738285,DHS Ghana 2003 (regional) + WHO GHO (national),WHO Global TB Programme (national 2013-2024),Ghana Statistical Service 2021 Census,"Ghana 260-district basemap (post-2018 Local Governance Act); Guan District (Oti Region) added as a 261st row sharing its parent Krachi East Municipal polygon for adjacency purposes (no distinct legacy polygon exists) -- structural-gap convention, not a distinct surveyed boundary",0.1854398562804819,3,0.118,0,Not Significant,0.0004959165254642,1,0.49,0,Not Significant,-0.3999311803525255,0.118,Not Significant,6.797213753705129,1.3421173680299596,0.1058479366469576,-0.5054889249621862,0.92588627347303,0.0589999999999999,0.005474119,1.5949852193755436e-05,0.0287071257333254,0.0232992986417574
VOLTA,AFADZATO SOUTH,Volta,Afadzato South,District,7.0222497,0.561946,73146.0,20683.0,21229.0,32.5,44.10879770070683,54.26485230600044,23.00009516455256,31.00133640941235,62.30549186427559,0.9722695271929448,57.299100429278425,Volta (pre 2022),1.2,0.3,0.7522780011969689,53.478437950757936,41.46666666666667,29.342857142857145,33.333333333333336,34.4,45.56,50.81909400759713,5.0,88.75899171918552,57.644138770678815,28.826702170824213,2.261316298736319,33.66724311501353,27.86060627253047,0.0,0.47,2.5583327524123973,327194.06184876413,13068.116162572493,126.0,19874.08474383502,12.12256972803199,DHS Ghana 2003 (regional) + WHO GHO (national),WHO Global TB Programme (national 2013-2024),Ghana Statistical Service 2021 Census,"Ghana 260-district basemap (post-2018 Local Governance Act); Guan District (Oti Region) added as a 261st row sharing its parent Krachi East Municipal polygon for adjacency purposes (no distinct legacy polygon exists) -- structural-gap convention, not a distinct surveyed boundary",2.089367681594229,3,0.001,1,Low-Low,1.7303129260124002,3,0.006,1,Low-Low,-1.4569123093342613,0.001,Not Significant,5.985871631624519,0.3904078218064856,0.1441546467045234,0.1221447121466119,0.962576482285954,0.0093523809523809,0.001390434,2.568537675045702e-06,0.0261650139903404,0.0092275993667669
ASHANTI,AHAFO ANO SOUTH EAST,Ashanti,Ahafo Ano South East,District,6.94633355,-1.90095355028736,63468.0,17786.0,17591.0,31.8,42.36664491233109,46.950886830094944,32.94010393767699,36.76386762908859,72.3667949170383,1.006526899519369,55.73990042226004,Ashanti,2.495706900890545,1.3,1.9,56.86428571428571,29.03333333333333,22.928571428571427,33.31666666666666,72.7283405590531,43.31,92.54085901894578,11.354157621835832,92.58556258319848,57.37980011465811,28.94885605223397,2.0304877650425905,35.773709456239864,24.647934184942446,0.0,0.47,2.54,331510.1480146684,13080.895185619313,126.0,20155.270025117683,11.9165744967861,DHS Ghana 2003 (regional) + WHO GHO (national),WHO Global TB Programme (national 2013-2024),Ghana Statistical Service 2021 Census,"Ghana 260-district basemap (post-2018 Local Governance Act); Guan District (Oti Region) added as a 261st row sharing its parent Krachi East Municipal polygon for adjacency purposes (no distinct legacy polygon exists) -- structural-gap convention, not a distinct surveyed boundary",0.1484050188843747,3,0.035,1,Low-Low,-0.0129612121071412,4,0.091,0,Not Significant,-0.7145028858024531,0.035,Not Significant,7.468005385039238,1.4893857130408623,0.1349229017460427,-0.224688061243746,0.5185300244876854,0.0363238095238095,0.0036730447,1.6212149554496394e-05,0.027006204155061,0.0167548176400663
VOLTA,NORTH DAYI,Volta,North Dayi,District,6.91384645,0.22267318926127,39268.0,11277.0,11896.0,30.1,43.62721900686474,55.0032300239038,17.27949292447628,22.537160325996258,56.86154101953488,0.9778313977287738,59.01242742181929,Volta (pre 2022),1.2,0.3,0.7454523079421111,53.23793974837487,41.46666666666667,29.342857142857145,33.333333333333336,34.4,45.56,77.53660808773515,5.0,85.44281279658637,61.60232435390994,32.027846156895194,1.3272077339234114,39.14654868800415,27.95396647825178,0.0,0.47,2.545561540444763,330934.76731629344,12997.382067689146,126.0,20145.654338687404,12.021855272664656,DHS Ghana 2003 (regional) + WHO GHO (national),WHO Global TB Programme (national 2013-2024),Ghana Statistical Service 2021 Census,"Ghana 260-district basemap (post-2018 Local Governance Act); Guan District (Oti Region) added as a 261st row sharing its parent Krachi East Municipal polygon for adjacency purposes (no distinct legacy polygon exists) -- structural-gap convention, not a distinct surveyed boundary",2.0893676815942284,3,0.001,1,Low-Low,2.386996354476658,3,0.003,1,Low-Low,-1.4569123093342613,0.001,Not Significant,5.818877514565289,0.222609965363473,0.1639260953866822,-0.0412527600818423,0.965389540728135,0.0145571428571428,0.000995661,3.7089430183979017e-07,0.0267413666818645,0.0105736353622328
ASHANTI,BEKWAI MUNICIPAL,Ashanti,Bekwai Municipal,Municipal,6.43631235,-1.59282285301503,137967.0,38899.0,43202.0,19.4,43.522552787344246,48.46683562988328,17.704148583289633,26.278603346219835,53.10889080854172,0.8635088078207844,59.50770836504381,Ashanti,2.4970213226060496,1.3,1.9,56.86428571428571,29.03333333333333,22.928571428571427,33.31666666666666,72.71664527668433,43.31,152.2623474416481,11.329647803149344,91.8376393131832,70.45703886146553,40.215401438107605,3.32664732157182,48.15960489250643,24.726090744218578,0.0,0.47,2.54,328207.908052658,13044.3095407203,126.0,20059.33735143844,12.003778417797893,DHS Ghana 2003 (regional) + WHO GHO (national),WHO Global TB Programme (national 2013-2024),Ghana Statistical Service 2021 Census,"Ghana 260-district basemap (post-2018 Local Governance Act); Guan District (Oti Region) added as a 261st row sharing its parent Krachi East Municipal polygon for adjacency purposes (no distinct legacy polygon exists) -- structural-gap convention, not a distinct surveyed boundary",0.0189375968862981,3,0.414,0,Not Significant,-0.0120831056023639,4,0.112,0,Not Significant,-0.0898488455738216,0.414,Not Significant,6.970247762279453,1.4583281722060295,0.1219025369770291,-0.3359390910335044,0.8029658108436184,0.0275747474747474,0.020128977,3.91992911873681e-05,0.0280222133557575,0.0189412841688427
VOLTA,KPANDO MUNICIPAL,Volta,Kpando Municipal,Municipal,7.0000115,0.318327973849328,58552.0,18573.0,18164.0,23.4,43.78277111031812,54.98295019327221,21.86102303107075,21.32816895862524,47.88946917664971,1.0236030327990675,62.74251946987294,Volta (pre 2022),1.2,0.3,0.746645251721573,52.7415834184221,41.46666666666667,29.342857142857145,33.333333333333336,34.4,45.56000000000001,81.88664396568377,5.0,90.90429727563313,86.33501795939264,39.8813266265785,3.1698748066764924,46.73958128828481,23.85135073145709,0.0,0.47,2.536656743798334,331725.3171247547,12848.44271480892,126.0,19986.47216537446,11.981921289651831,DHS Ghana 2003 (regional) + WHO GHO (national),WHO Global TB Programme (national 2013-2024),Ghana Statistical Service 2021 Census,"Ghana 260-district basemap (post-2018 Local Governance Act); Guan District (Oti Region) added as a 261st row sharing its parent Krachi East Municipal polygon for adjacency purposes (no distinct legacy polygon exists) -- structural-gap convention, not a distinct surveyed boundary",2.089367681594229,3,0.001,1,Low-Low,2.1327118690764166,3,0.001,1,Low-Low,-1.4569123093342613,0.001,Not Significant,6.079639635776456,0.4338085826704944,0.1417762192593399,0.0257926874593544,0.9660547721927744,0.0126095238095238,0.0010744967,6.171469197972301e-07,0.0255865817605344,0.0098178048434085
ASHANTI,BOSOMTWE,ASHANTI,BOSOMTWE,,6.648968471212119,-1.5710996271278177,121878.81818181818,36505.0,37998.333333333336,21.23333333333333,42.7277047048288,48.72991044275513,19.529414037140857,30.095818020084028,59.78921727687249,0.9339276942807404,60.40712501501989,,2.494075427409621,1.2999999999999998,1.9,56.86428571428569,29.03333333333333,22.928571428571427,33.316666666666656,72.6228789839985,43.31,115.5257832149487,10.538249727084729,90.77941777709772,65.48132841962365,34.71769297793984,2.64667986240882,40.68058247570054,23.965784469313288,0.0303030303030303,0.4699999999999999,2.5400000000000005,332234.29721063614,12859.298449766377,126.0,20166.379981427694,11.863319794370426,DHS Ghana 2003 (regional) + WHO GHO (national),WHO Global TB Programme (national 2013-2024),Ghana Statistical Service 2021 Census,"Ghana 260-district basemap (post-2018 Local Governance Act); Guan District (Oti Region) added as a 261st row sharing its parent Krachi East Municipal polygon for adjacency purposes (no distinct legacy polygon exists) -- structural-gap convention, not a distinct surveyed boundary",0.1248082083508746,3,0.211,0,Not Significant,0.00198366184532,1,0.442,0,Not Significant,-0.3417091990405426,0.211,Not Significant,6.904506323714781,1.405949302455559,0.1229538426878998,-0.3334619235421536,0.8201777603456187,0.0,0.000768791,7.703545722415979e-07,0.0255161418576258,0.0065714258058167
VOLTA,NORTH TONGU,Volta,North Tongu,District,6.14399495,0.297188924896433,111410.0,29254.0,33512.0,38.4,45.169780926741,53.605841373274274,31.410021037299177,37.4667284604365,67.77811611065,0.8688772584123309,56.337851180324925,Volta (pre 2022),1.2,0.3,0.7551651239506274,53.421200468508246,41.46666666666667,29.342857142857145,33.333333333333336,34.4,45.56,108.43380836001992,6.420637714792076,81.79075500688386,49.84637806229443,28.70366830621778,1.585456693023425,32.115840663407,34.1879814640115,0.0,0.47,2.540637369558299,328024.1443596009,12906.165530841572,126.0,20096.139081548943,11.971485893771106,DHS Ghana 2003 (regional) + WHO GHO (national),WHO Global TB Programme (national 2013-2024),Ghana Statistical Service 2021 Census,"Ghana 260-district basemap (post-2018 Local Governance Act); Guan District (Oti Region) added as a 261st row sharing its parent Krachi East Municipal polygon for adjacency purposes (no distinct legacy polygon exists) -- structural-gap convention, not a distinct surveyed boundary",0.2340915411697852,3,0.358,0,Not Significant,0.3601027285328481,3,0.279,0,Not Significant,-0.2053234454701939,0.35800001,Not Significant,5.946428133777019,0.797136180433712,0.1400036461265554,-0.8585044282286907,0.9313995108237836,0.1101404761904761,0.0014297775,3.235088671461947e-07,0.0336493576280403,0.0363049837008472
VOLTA,CENTRAL TONGU,Volta,Central Tongu,District,6.16884364999999,0.611561745917151,83284.0,21648.0,25244.0,36.0,44.01798445685224,55.06000180251058,33.18757921345142,28.604425737144336,63.73725205240076,0.8644634721475525,56.30373180923106,Volta (pre 2022),1.2,0.3,0.7480802113720353,53.5500301926624,41.46666666666667,29.342857142857145,33.333333333333336,34.4,45.56,82.71346070462273,5.0,83.44757650083096,52.2894073011383,30.633737771241638,1.4098831912244203,33.64301060293735,29.922743201543085,0.0,0.47,2.5225884576058526,328058.6219106072,12907.432216264857,126.0,19803.417320312525,11.956093971677545,DHS Ghana 2003 (regional) + WHO GHO (national),WHO Global TB Programme (national 2013-2024),Ghana Statistical Service 2021 Census,"Ghana 260-district basemap (post-2018 Local Governance Act); Guan District (Oti Region) added as a 261st row sharing its parent Krachi East Municipal polygon for adjacency purposes (no distinct legacy polygon exists) -- structural-gap convention, not a distinct surveyed boundary",1.9060917742734744,3,0.001,1,Low-Low,1.2280740185077634,3,0.018,1,Low-Low,-1.3296039976525629,0.001,Not Significant,5.784782710678495,0.7939423491311719,0.1226115002019177,-0.4225964791520171,0.9265536554925335,0.0309428571428571,0.0023104413,4.2079151087560964e-07,0.0274416264236461,0.0151738364248163
ASHANTI,MAMPONG MUNICIPAL,Ashanti,Mampong Municipal,Municipal,7.056139,-1.40425,116632.0,34298.0,36738.0,22.5,42.91596868123853,54.99216916832312,22.28624211317095,36.65390096513183,58.59169301522621,0.9548198377731744,60.906097811921256,Ashanti,2.4877261275357885,1.3,1.9,56.864285714285714,29.03333333333333,22.928571428571427,33.31666666666666,72.32927881730983,43.31,132.94540533050412,10.538675488600129,97.8961805749092,76.70716206582881,37.99481686852356,3.5425564900919837,46.78592075511935,16.351005656598947,0.0,0.4699999999999999,2.54,331953.3949363849,12995.572612905342,126.0,20036.152818852912,12.06826627295377,DHS Ghana 2003 (regional) + WHO GHO (national),WHO Global TB Programme (national 2013-2024),Ghana Statistical Service 2021 Census,"Ghana 260-district basemap (post-2018 Local Governance Act); Guan District (Oti Region) added as a 261st row sharing its parent Krachi East Municipal polygon for adjacency purposes (no distinct legacy polygon exists) -- structural-gap convention, not a distinct surveyed boundary",0.0728046822816184,3,0.361,0,Not Significant,-0.0156176798048703,4,0.097,0,Not Significant,-0.1999626775277827,0.361,Not Significant,7.587258063215467,1.260904740652676,0.1752921858485516,-0.1598621838250136,0.6888758903128548,0.0414238095238095,0.0025005832,1.6621545859262233e-05,0.0293759435624472,0.0183292394542497
CENTRAL,AJUMAKO-ENYAN-ESSIAM,CENTRAL,AJUMAKO-ENYAN-ESSIAM,,5.530626336363632,-1.1449043731652988,119024.0,34953.63636363636,36926.72727272727,24.518181818181816,44.07890859777159,52.42144070521312,23.68273165736676,45.13266930527999,62.508771754097154,0.9338610302038266,59.91984740183338,,1.7,0.2999999999999998,0.9948492086159232,51.40714285714288,34.83333333333333,24.15714285714285,33.33333333333334,49.79999999999999,38.365020045914285,89.14599386570036,7.07924739649838,89.33536465091099,57.70717016102228,32.71134643203909,2.3377419041823067,38.546540685125365,26.953310958683257,0.0,0.4699999999999998,2.54,331716.67270249507,12868.49942679364,126.0,20042.379457993145,11.887283045375009,DHS Ghana 2003 (regional) + WHO GHO (national),WHO Global TB Programme (national 2013-2024),Ghana Statistical Service 2021 Census,"Ghana 260-district basemap (post-2018 Local Governance Act); Guan District (Oti Region) added as a 261st row sharing its parent Krachi East Municipal polygon for adjacency purposes (no distinct legacy polygon exists) -- structural-gap convention, not a distinct surveyed boundary",0.8643430993619571,3,0.011,1,Low-Low,1.1636959857093327,3,0.005,1,Low-Low,-0.8364369913313581,0.011,Not Significant,7.195875048399372,1.2640618285152472,0.1652404859813379,-0.5325259526166918,0.9653551506670468,0.0,0.00048430244,2.4587153485703617e-08,0.0255115743692791,0.0064989753481667
CENTRAL,GOMOA WEST,Central,Gomoa West,District,5.38725545,-0.833638570821268,129512.0,32103.0,40607.0,28.3,44.45155509635206,45.29384033910487,28.92250301287381,49.04527956225768,66.78203986311297,0.8498894296915691,56.14151584409167,Central,1.7,0.2999999999999999,0.9939089792555332,51.40714285714286,34.83333333333334,24.15714285714285,33.33333333333333,49.8,38.25909770119944,102.75469669584572,8.77166802150793,84.52244045303051,55.13757595355025,30.225560277817383,2.1662485138423158,33.256943608449255,26.92807979079093,0.0,0.4699999999999998,2.54,329307.1669168179,13013.582013110168,126.0,19894.697260226127,11.95809157618142,DHS Ghana 2003 (regional) + WHO GHO (national),WHO Global TB Programme (national 2013-2024),Ghana Statistical Service 2021 Census,"Ghana 260-district basemap (post-2018 Local Governance Act); Guan District (Oti Region) added as a 261st row sharing its parent Krachi East Municipal polygon for adjacency purposes (no distinct legacy polygon exists) -- structural-gap convention, not a distinct surveyed boundary",0.7033964752401953,3,0.004,1,Low-Low,0.8628597569087911,3,0.024,1,Low-Low,-0.9931355858675808,0.004,Not Significant,7.230236783267564,1.6306133451290492,0.1419455185146227,-0.6841658943013335,0.9547950751415124,0.0139,0.0012904026,2.1610262192934482e-07,0.0259434525358506,0.0102835178116162
CENTRAL,AGONA WEST MUNICIPAL,Central,Agona West Municipal,Municipal,4.8901537,-1.9664135,136569.0,39083.0,44191.0,21.0,43.78491642499648,47.26248293502149,20.08164220161396,32.90241595648386,55.17791567716878,0.884125855430998,60.9757704896426,Central,1.7,0.2999999999999999,0.9960595894979634,51.40714285714286,34.83333333333334,24.15714285714285,33.333333333333336,49.8,38.28072910119321,91.75100411622672,5.718693838704963,93.5823523944219,68.91341972664573,39.35102761483,3.717276699436905,46.22756273337611,22.344972779126334,0.0,0.47,2.54,332806.9876672718,13044.085632482109,126.0,19921.097626439176,11.875130273486944,DHS Ghana 2003 (regional) + WHO GHO (national),WHO Global TB Programme (national 2013-2024),Ghana Statistical Service 2021 Census,"Ghana 260-district basemap (post-2018 Local Governance Act); Guan District (Oti Region) added as a 261st row sharing its parent Krachi East Municipal polygon for adjacency purposes (no distinct legacy polygon exists) -- structural-gap convention, not a distinct surveyed boundary",1.1505670938762174,3,0.026,1,Low-Low,0.603333381722132,3,0.106,0,Not Significant,-0.8892784161968698,0.026,Not Significant,7.253540974027603,1.5729747351202323,0.1466785461730999,-0.6718172795461034,0.96463063461576,0.0137666666666666,0.0012080951,1.678069934251798e-07,0.0263200572068231,0.0103237466983246
CENTRAL,AGONA EAST,Central,Agona East,District,5.63553575,-0.654757357749996,98637.0,27957.0,31096.0,25.9,43.87571175541812,46.27826364802306,24.43954868126832,57.53860279494067,54.80557380363608,0.8875897019147271,59.86901466995144,Central,1.7,0.3,0.9944416675858404,51.40714285714286,34.83333333333334,24.15714285714285,33.33333333333334,49.8,37.93451917714688,98.31962166151898,10.735640775627406,84.39740357943664,48.39400567443297,30.832118923463,1.7805370686323685,33.20910148798959,29.622618864072045,0.0,0.4699999999999999,2.54,328706.5769872645,13018.710354428857,126.0,20111.53769934282,11.980845028574452,DHS Ghana 2003 (regional) + WHO GHO (national),WHO Global TB Programme (national 2013-2024),Ghana Statistical Service 2021 Census,"Ghana 260-district basemap (post-2018 Local Governance Act); Guan District (Oti Region) added as a 261st row sharing its parent Krachi East Municipal polygon for adjacency purposes (no distinct legacy polygon exists) -- structural-gap convention, not a distinct surveyed boundary",0.415057996224949,3,0.006,1,Low-Low,0.6871038408407361,3,0.118,0,Not Significant,-1.2653525009971245,0.006,Not Significant,7.3962607208229985,2.012487527264784,0.1337192876731227,-0.6877842999388228,0.9548537974783432,0.0190571428571428,0.0012181782,3.100215550778839e-08,0.0267299420122487,0.0117513235161579
CENTRAL,ASSIN NORTH,Central,Assin North,District,5.82545685,-1.37392719579152,80539.0,23465.0,23635.0,31.9,41.69105606478678,43.74106882111642,27.308523272979908,50.4917926273579,64.0638847835135,1.020990468273958,58.4809843678218,Central,1.7,0.3,0.992559288049762,51.40714285714286,34.83333333333333,24.15714285714285,33.333333333333336,49.8,37.942538698213816,56.65011210122774,5.0,86.02961428023099,60.05456734665734,31.256032501552493,2.056695416464576,35.981162505059395,24.52117349857943,0.0,0.47,2.54,327447.98513874004,12999.300446432477,126.0,20009.905910324527,11.928439966820942,DHS Ghana 2003 (regional) + WHO GHO (national),WHO Global TB Programme (national 2013-2024),Ghana Statistical Service 2021 Census,"Ghana 260-district basemap (post-2018 Local Governance Act); Guan District (Oti Region) added as a 261st row sharing its parent Krachi East Municipal polygon for adjacency purposes (no distinct legacy polygon exists) -- structural-gap convention, not a distinct surveyed boundary",1.1092853763595951,3,0.023,1,Low-Low,0.6892728176580218,3,0.046,1,Low-Low,-0.7761211163589534,0.023,Not Significant,6.848728823582528,1.2795864526208802,0.1172800827600148,-0.4736059652931921,0.9828038681243738,0.0106666666666666,0.00092437805,1.5867623197282626e-07,0.0263197297331142,0.0094777332818588
CENTRAL,ASSIN SOUTH,Central,Assin South,District,5.52889644999999,-1.2709401638536,105995.0,29056.0,31148.0,27.4,41.34784157043095,43.76604858782652,28.636712245462974,32.67983601823781,69.51577093477235,0.9739554163378792,56.798905608755135,Central,1.7,0.3,0.9911005680193355,51.40714285714286,34.833333333333336,24.15714285714285,33.333333333333336,49.8,37.9180846721691,40.0,5.0,95.90980779042664,57.42800620497115,28.06745114084051,2.3780408925581358,39.48039792667877,19.62093039130469,0.0,0.47,2.54,329647.3034790952,13106.879566624862,126.0,20224.85925673712,11.886862550643508,DHS Ghana 2003 (regional) + WHO GHO (national),WHO Global TB Programme (national 2013-2024),Ghana Statistical Service 2021 Census,"Ghana 260-district basemap (post-2018 Local Governance Act); Guan District (Oti Region) added as a 261st row sharing its parent Krachi East Municipal polygon for adjacency purposes (no distinct legacy polygon exists) -- structural-gap convention, not a distinct surveyed boundary",1.5040326585864083,3,0.003,1,Low-Low,0.9939575688190784,3,0.012,1,Low-Low,-1.0503230601708209,0.003,Not Significant,7.164091301449651,1.201329231673,0.16591393258547,-0.0821896665621835,0.9781389562605872,0.018,0.00037770742,2.8176693251829886e-08,0.0262956525170451,0.0111683470274825
CENTRAL,ASIKUMA-ODOBEN-BRAKWA,CENTRAL,ASIKUMA-ODOBEN-BRAKWA,,5.530626336363632,-1.1449043731652988,119024.0,34953.63636363636,36926.72727272727,24.518181818181816,43.51507541234504,51.54520739443823,24.96227773679613,42.24038860839927,61.5830791095354,0.951691769071206,59.91984740183338,,1.7,0.2999999999999999,0.9942897889980534,51.40714285714287,34.83333333333332,24.15714285714285,33.333333333333336,49.8,38.338403737372445,89.14599386570036,7.07924739649838,89.33536465091099,57.70717016102228,32.71134643203909,2.3377419041823067,38.546540685125365,26.953310958683257,0.0,0.47,2.54,327581.7915845823,12933.570822711612,126.0,19862.81433497569,12.095633464146388,DHS Ghana 2003 (regional) + WHO GHO (national),WHO Global TB Programme (national 2013-2024),Ghana Statistical Service 2021 Census,"Ghana 260-district basemap (post-2018 Local Governance Act); Guan District (Oti Region) added as a 261st row sharing its parent Krachi East Municipal polygon for adjacency purposes (no distinct legacy polygon exists) -- structural-gap convention, not a distinct surveyed boundary",1.2119214733918406,3,0.001,1,Low-Low,1.3408872211533025,3,0.002,1,Low-Low,-1.1711807828286085,0.001,Not Significant,7.174196471014225,1.203856380633865,0.1619307555756355,-0.4935888259012277,0.9769024819378526,0.0,0.00048430244,2.4587153485703617e-08,0.0255115743692791,0.0064989753481667
CENTRAL,EFFUTU MUNICIPAL,Central,Effutu Municipal,Municipal,5.38339225,-0.597395635326539,108816.0,39432.0,36492.0,21.7,44.307267007247695,64.18093521006898,20.554198646209475,30.98577351641837,38.98468155653323,1.1233942275651383,69.77282752536391,Central,1.7,0.3,0.9977360862860088,51.40714285714286,34.833333333333336,24.15714285714285,33.333333333333336,49.8,37.57492095110008,115.54504424053818,5.0,91.87495929541448,77.98985010577252,37.62356050391271,3.272169891388952,50.49519415255063,27.916070010137197,0.0,0.4699999999999999,2.54,329471.2697823562,12960.58617496072,126.0,20056.72162962411,12.064326502955923,DHS Ghana 2003 (regional) + WHO GHO (national),WHO Global TB Programme (national 2013-2024),Ghana Statistical Service 2021 Census,"Ghana 260-district basemap (post-2018 Local Governance Act); Guan District (Oti Region) added as a 261st row sharing its parent Krachi East Municipal polygon for adjacency purposes (no distinct legacy polygon exists) -- structural-gap convention, not a distinct surveyed boundary",1.8715866092757245,3,0.004,1,Low-Low,0.7967805091865973,3,0.085,0,Not Significant,-1.3056357938423693,0.004,Not Significant,7.427008291175843,2.152666942170663,0.1279142678145463,-0.6270362038924715,0.9387780177815293,0.1066301587301587,0.011300187,4.492219723324841e-05,0.0302789589690269,0.037063556630758
CENTRAL,GOMOA EAST,Central,Gomoa East,District,5.47699369999999,-0.589745989100534,308697.0,93198.0,96950.0,14.4,43.46463756042416,48.92272922055269,11.830815032909666,45.4930446437066,61.15487896340648,0.9363443597486694,61.59697049210067,Central,1.7,0.2999999999999999,1.0041565324036903,51.40714285714286,34.833333333333336,24.15714285714285,33.333333333333336,49.79999999999998,37.77958477176238,115.47606520593096,5.0,92.6949353946438,45.819303586966015,33.370895621908225,1.7488559635989758,35.560324529349366,29.51808465544522,0.0,0.4699999999999998,2.54,329359.92656720313,12897.12939604476,126.0,19878.32136620429,11.96988940470545,DHS Ghana 2003 (regional) + WHO GHO (national),WHO Global TB Programme (national 2013-2024),Ghana Statistical Service 2021 Census,"Ghana 260-district basemap (post-2018 Local Governance Act); Guan District (Oti Region) added as a 261st row sharing its parent Krachi East Municipal polygon for adjacency purposes (no distinct legacy polygon exists) -- structural-gap convention, not a distinct surveyed boundary",1.2466732996215295,3,0.007,1,Low-Low,0.6032476011456679,3,0.051,0,Not Significant,-0.8715544158668966,0.007,Not Significant,7.4517770000973345,2.1750999345133213,0.1288643300441579,-0.6320366215208895,0.9425557577223586,0.0310809523809523,0.0018936503,5.441966430968309e-07,0.028008235817732,0.0152458456675128
CENTRAL,ABURA-ASEBU-KWAMANKESE,CENTRAL,ABURA-ASEBU-KWAMANKESE,,5.530626336363632,-1.1449043731652988,119024.0,34953.63636363636,36926.72727272727,24.518181818181816,43.60352536152133,51.55203194255043,23.34202266389087,41.103214903689135,59.86795184335282,0.8987745681996818,59.91984740183338,,1.7,0.2999999999999999,0.9919847568696734,51.40714285714287,34.833333333333336,24.15714285714285,33.33333333333333,49.8,38.411418274549305,89.14599386570036,7.07924739649838,89.33536465091099,57.70717016102228,32.71134643203909,2.3377419041823067,38.546540685125365,26.953310958683257,0.0,0.4699999999999998,2.54,329293.6979689001,12868.424179531528,126.0,19989.2535159171,12.005695876563324,DHS Ghana 2003 (regional) + WHO GHO (national),WHO Global TB Programme (national 2013-2024),Ghana Statistical Service 2021 Census,"Ghana 260-district basemap (post-2018 Local Governance Act); Guan District (Oti Region) added as a 261st row sharing its parent Krachi East Municipal polygon for adjacency purposes (no distinct legacy polygon exists) -- structural-gap convention, not a distinct surveyed boundary",1.1669496267874464,3,0.001,1,Low-Low,1.3066706617942496,3,0.004,1,Low-Low,-1.1278695541452797,0.001,Not Significant,7.244316361463442,1.107746527448462,0.1844262351820907,-0.1659555543506694,0.9707026581740704,0.0,0.00048430244,2.4587153485703617e-08,0.0255115743692791,0.0064989753481667
WESTERN,JOMORO,WESTERN,JOMORO,,5.164444985714285,-1.9217231254902143,119271.42857142857,36725.0,36147.42857142857,28.4,43.36718545240735,47.00467506444936,27.09732336001467,35.66987264255387,56.15142944610582,1.0420050507270089,60.84792221998605,,3.3999999999999995,1.8000000000000007,2.6,53.73571428571428,31.466666666666665,22.82857142857143,33.333333333333336,68.51935169545264,39.97,149.59752312955783,17.93311123275499,88.44843096904042,61.85986650673571,32.44421409626732,2.3463924902945945,37.69426740562294,25.374240299663573,0.8571428571428571,0.4699999999999998,2.54,328956.2462304024,13004.074194067569,126.0,19945.35369337396,11.998284300149102,DHS Ghana 2003 (regional) + WHO GHO (national),WHO Global TB Programme (national 2013-2024),Ghana Statistical Service 2021 Census,"Ghana 260-district basemap (post-2018 Local Governance Act); Guan District (Oti Region) added as a 261st row sharing its parent Krachi East Municipal polygon for adjacency purposes (no distinct legacy polygon exists) -- structural-gap convention, not a distinct surveyed boundary",1.183900334626616,1,0.033,1,High-High,0.140690989213148,1,0.394,0,Not Significant,1.1096078660208488,0.033,Not Significant,7.2454227194238365,0.4637346552331537,0.1205166735972169,-0.9327892942655872,0.9187850898333038,0.0290484126984127,0.018268015,6.97848361708354e-05,0.0284137490559105,0.0189499904565391
WESTERN,ELLEMBELLE,Western,Ellembelle,District,5.14952214999999,-2.42142536190491,120893.0,37019.0,36768.0,33.3,42.81194850220336,54.71842146377306,29.24405073591253,32.07927780460144,57.85452010915901,1.0454654489666426,61.03496480358665,Western (pre 2022),3.4000000000000004,1.8000000000000005,2.6,53.73571428571428,31.46666666666667,22.82857142857143,33.333333333333336,69.22166846979097,39.970000000000006,123.71762626695352,19.621689240271174,95.1624695378216,69.96977066571938,28.65653461064876,2.133504140037497,37.25931174094862,25.658666526632103,1.0,0.4699999999999999,2.54,327831.38763103413,12926.782700993925,126.0,20002.112220690426,12.065395123775495,DHS Ghana 2003 (regional) + WHO GHO (national),WHO Global TB Programme (national 2013-2024),Ghana Statistical Service 2021 Census,"Ghana 260-district basemap (post-2018 Local Governance Act); Guan District (Oti Region) added as a 261st row sharing its parent Krachi East Municipal polygon for adjacency purposes (no distinct legacy polygon exists) -- structural-gap convention, not a distinct surveyed boundary",1.4892831587709934,1,0.019,1,High-High,0.7768504256575403,1,0.027,1,High-High,1.0715745883141357,0.019,Not Significant,7.19107289379042,0.5146885582396538,0.1089721433130105,-1.0977574188086112,0.9449902580392558,0.921259523809524,0.9983339,0.999975545480414,0.9525665078921696,0.9680338621366752
BONO,DORMAA MUNICIPAL,BONO,DORMAA MUNICIPAL,,7.597449616666665,-2.496888077597016,94461.88888888888,28440.0,29306.33333333333,19.58888888888889,41.90477601597856,51.49162292858323,29.32899630987061,19.432055623774243,58.75697166704418,0.971789974432941,60.47526340222542,,3.8,1.3,2.5500000000000003,55.40714285714285,26.266666666666666,21.057142857142853,33.33333333333334,68.8864476388099,41.26,120.15611098995888,13.173177057628145,92.18599144540174,72.3371285034583,32.041962333876555,2.590719021536132,42.432831776589126,21.29338836099537,0.1111111111111111,0.4699999999999998,2.54,327880.5015688874,12976.868635220357,126.0,19937.44140652268,11.868486445191913,DHS Ghana 2003 (regional) + WHO GHO (national),WHO Global TB Programme (national 2013-2024),Ghana Statistical Service 2021 Census,"Ghana 260-district basemap (post-2018 Local Governance Act); Guan District (Oti Region) added as a 261st row sharing its parent Krachi East Municipal polygon for adjacency purposes (no distinct legacy polygon exists) -- structural-gap convention, not a distinct surveyed boundary",0.0,4,0.001,1,High-Low,0.0,4,0.001,1,High-Low,,0.001,Not Significant,7.964490824385838,0.8861328321224783,0.1292148959502724,-0.5316007531100847,0.6322814739880321,0.0045666666666666,0.0015310643,5.744127505662146e-06,0.0256242872642634,0.0079319405839876
BONO,DORMAA WEST,Bono,Dormaa West,District,6.97538415,-2.9463116043167,47913.0,15341.0,13222.0,23.2,40.33893926182165,38.76785383997173,29.413833491574312,19.284443071419112,58.40061261994711,1.1587185384928338,59.61430092041826,Brong-Ahafo,3.8,1.3,2.55,55.40714285714286,26.266666666666666,21.057142857142857,33.333333333333336,69.54873271184,41.260000000000005,93.53479583967102,11.53013797095695,90.34356674786136,69.37259708292838,31.28330677531101,2.4216440533852013,40.40382706606995,23.40467748798656,0.0,0.47,2.54,327350.7259476003,13132.328673722472,126.0,19938.95957271265,12.007511225521965,DHS Ghana 2003 (regional) + WHO GHO (national),WHO Global TB Programme (national 2013-2024),Ghana Statistical Service 2021 Census,"Ghana 260-district basemap (post-2018 Local Governance Act); Guan District (Oti Region) added as a 261st row sharing its parent Krachi East Municipal polygon for adjacency purposes (no distinct legacy polygon exists) -- structural-gap convention, not a distinct surveyed boundary",-0.0578168255130556,2,0.309,0,Not Significant,0.2648351469415379,1,0.317,0,Not Significant,0.3322426538128205,0.309,Not Significant,7.850186699682389,0.6741665962422941,0.1399151940974686,-0.5531744619200533,0.6700277838631061,0.1629206349206349,0.0067878515,3.1350025698767614e-05,0.0373526898115753,0.0517731315526841
UPPER WEST,NADOWLI-KALEO,UPPER WEST,NADOWLI-KALEO,,10.331309325,-2.5010639733851683,90499.33333333331,25148.33333333333,26407.0,38.31666666666667,44.89038815796818,63.21186335329144,47.41307537837549,19.727490324909013,69.18274111705402,0.9508982389612214,55.87731189798481,,1.9833241743984305,1.60220188297707,1.793128987466772,43.15,44.77043314857704,15.28,33.333333333333336,51.239391570158745,40.92848759381549,145.7596566523359,15.920631782544984,86.14625119499793,59.41206422037907,28.11331534309116,2.0980669933216114,34.20467384990838,31.861068674087225,0.3333333333333333,0.4699999999999999,2.54,329905.70514128875,13063.2936628735,126.0,19997.168438035693,11.947869070374692,DHS Ghana 2003 (regional) + WHO GHO (national),WHO Global TB Programme (national 2013-2024),Ghana Statistical Service 2021 Census,"Ghana 260-district basemap (post-2018 Local Governance Act); Guan District (Oti Region) added as a 261st row sharing its parent Krachi East Municipal polygon for adjacency purposes (no distinct legacy polygon exists) -- structural-gap convention, not a distinct surveyed boundary",0.4167026008217251,1,0.104,0,Not Significant,-0.0970839239795423,2,0.014,1,Low-High,0.6147159418533025,0.104,Not Significant,7.76817651687031,1.214813533180262,0.2108284796779857,-0.3577809650754057,0.8235520986553314,0.0672190476190476,0.0045964285,1.3669048447008608e-05,0.029093416663209,0.0252306404526757
WESTERN,PRESTEA/HUNI VALLEY,WESTERN,PRESTEA/HUNI VALLEY,,5.164444985714285,-1.9217231254902143,119271.42857142857,36725.0,36147.42857142857,28.4,43.051758795020255,47.71442232192992,24.80622387611358,38.29790830056302,61.067909362499634,1.0509505427769767,60.84792221998605,,3.4,1.8000000000000005,2.6,53.73571428571428,31.46666666666667,22.82857142857143,33.333333333333336,69.5666236835139,39.96999999999999,149.59752312955783,17.93311123275499,88.44843096904042,61.85986650673571,32.44421409626732,2.3463924902945945,37.69426740562294,25.374240299663573,0.8571428571428571,0.4699999999999997,2.54,328604.84530599014,13094.113174046572,126.0,19990.554822003465,12.094705851328488,DHS Ghana 2003 (regional) + WHO GHO (national),WHO Global TB Programme (national 2013-2024),Ghana Statistical Service 2021 Census,"Ghana 260-district basemap (post-2018 Local Governance Act); Guan District (Oti Region) added as a 261st row sharing its parent Krachi East Municipal polygon for adjacency purposes (no distinct legacy polygon exists) -- structural-gap convention, not a distinct surveyed boundary",0.7731807742117903,1,0.034,1,High-High,0.40439501364994,1,0.108,0,Not Significant,0.7260972629565108,0.034,Not Significant,7.139147144124262,0.7607778482543048,0.1048334491391295,-0.9759718130741564,0.9652002354551478,0.0290484126984127,0.018268015,6.97848361708354e-05,0.0284137490559105,0.0189499904565391
WESTERN,AHANTA WEST MUNICIPAL,Western,Ahanta West Municipal,Municipal,4.8514282,-1.98665461803006,153140.0,45127.0,47048.0,27.2,44.63620980205612,49.46408370588497,25.66595019214344,43.01293801238815,56.99321551340639,0.9692381582565448,60.19002220190676,Western (pre 2022),3.4,1.8000000000000005,2.6,53.73571428571428,31.466666666666665,22.82857142857143,33.333333333333336,69.18643296879587,39.96999999999999,184.47093995527155,18.008011893602994,88.14552050940111,61.899054874205845,39.24618221379939,3.0880441151068245,40.846730564484325,24.723950948472503,1.0,0.4699999999999999,2.54,332527.9846741193,13002.421075289296,126.0,20172.96925016566,11.982403238459549,DHS Ghana 2003 (regional) + WHO GHO (national),WHO Global TB Programme (national 2013-2024),Ghana Statistical Service 2021 Census,"Ghana 260-district basemap (post-2018 Local Governance Act); Guan District (Oti Region) added as a 261st row sharing its parent Krachi East Municipal polygon for adjacency purposes (no distinct legacy polygon exists) -- structural-gap convention, not a distinct surveyed boundary",1.1822185719643996,1,0.003,1,High-High,0.8321893871524256,1,0.011,1,High-High,1.0933590224943963,0.003,Not Significant,7.132758882477577,0.6593326089689414,0.1184303386616149,-1.0649340885019687,0.967393734532244,0.4067976190476189,0.8441862,0.836501744589857,0.7372650382665422,0.7061876471736211
UPPER WEST,DAFFIAMA BUSSIE ISSA,Upper West,Daffiama Bussie Issa,District,10.36748405,-2.26222672458466,38754.0,10310.0,10968.0,38.7,44.389367142642406,57.79477117112068,56.78724886187469,26.39090781949368,68.62651204670425,0.9433276885237324,54.9053000980544,Upper West,1.9887368697560093,1.5878436239699474,1.805650123261046,43.15,44.38548720142079,15.279999999999998,33.333333333333336,50.96801171790673,40.91449867589585,142.97718164225284,14.297036258056728,84.31174998795088,52.39840665249271,24.999880255990576,1.747034927168451,31.323231171629217,31.315027193453947,0.0,0.47,2.54,327361.5863632828,12887.423437105765,126.0,20043.049321991,12.081231859608224,DHS Ghana 2003 (regional) + WHO GHO (national),WHO Global TB Programme (national 2013-2024),Ghana Statistical Service 2021 Census,"Ghana 260-district basemap (post-2018 Local Governance Act); Guan District (Oti Region) added as a 261st row sharing its parent Krachi East Municipal polygon for adjacency purposes (no distinct legacy polygon exists) -- structural-gap convention, not a distinct surveyed boundary",0.2642042059318381,1,0.033,1,High-High,-0.0577494222321838,2,0.044,1,Low-High,0.7250631362394016,0.033,Not Significant,7.856802439566231,1.1103089755636433,0.2090366796741932,-0.5463214398757956,0.8161889680113825,0.2645402930402931,0.08934391,0.0002404464929025,0.0498808372894541,0.101001372430536
WESTERN,NZEMA EAST,WESTERN,NZEMA EAST,,5.164444985714285,-1.9217231254902143,119271.42857142857,36725.0,36147.42857142857,28.4,43.42969465123802,46.4293404160547,21.193936183144707,41.77385103611625,59.9319554740961,1.044836444261815,60.84792221998605,,3.3999999999999995,1.8000000000000005,2.6,53.73571428571428,31.466666666666672,22.82857142857143,33.333333333333336,69.19566133064245,39.96999999999999,149.59752312955783,17.93311123275499,88.44843096904042,61.85986650673571,32.44421409626732,2.3463924902945945,37.69426740562294,25.374240299663573,0.8571428571428571,0.4699999999999998,2.54,331410.3689833723,13071.53281267089,126.0,19848.20663710148,11.923016361404535,DHS Ghana 2003 (regional) + WHO GHO (national),WHO Global TB Programme (national 2013-2024),Ghana Statistical Service 2021 Census,"Ghana 260-district basemap (post-2018 Local Governance Act); Guan District (Oti Region) added as a 261st row sharing its parent Krachi East Municipal polygon for adjacency purposes (no distinct legacy polygon exists) -- structural-gap convention, not a distinct surveyed boundary",1.2161359203783824,1,0.003,1,High-High,0.8210903379465875,1,0.014,1,High-High,1.1397079394609988,0.003,Not Significant,7.156856546440423,0.5827407614437649,0.1083523293534393,-1.1271021614463044,0.9569171144472404,0.0290484126984127,0.018268015,6.97848361708354e-05,0.0284137490559105,0.0189499904565391
UPPER WEST,LAWRA,UPPER WEST,LAWRA,,10.331309325,-2.5010639733851683,90499.33333333331,25148.33333333333,26407.0,38.31666666666667,45.43477766592835,58.52456947497074,46.33073342409392,23.42648224898528,71.18445423680087,0.9586193181118488,55.87731189798481,,1.992801043851804,1.594881385238794,1.810591899322856,43.15,44.31210826732786,15.28,33.33333333333334,51.54516907370601,40.72319420405134,145.7596566523359,15.920631782544984,86.14625119499793,59.41206422037907,28.11331534309116,2.0980669933216114,34.20467384990838,31.861068674087225,0.3333333333333333,0.4699999999999999,2.5400000000000005,327795.4574678604,13025.953419734156,126.0,19863.95418137809,12.05238710748,DHS Ghana 2003 (regional) + WHO GHO (national),WHO Global TB Programme (national 2013-2024),Ghana Statistical Service 2021 Census,"Ghana 260-district basemap (post-2018 Local Governance Act); Guan District (Oti Region) added as a 261st row sharing its parent Krachi East Municipal polygon for adjacency purposes (no distinct legacy polygon exists) -- structural-gap convention, not a distinct surveyed boundary",0.2292220867902009,1,0.264,0,Not Significant,-0.0666721027125934,2,0.096,0,Not Significant,0.339326538322305,0.264,Not Significant,7.745035804220183,1.1815114558555642,0.2108579739813818,-0.4699751284961871,0.8214221277722357,0.0672190476190476,0.0045964285,1.3669048447008608e-05,0.029093416663209,0.0252306404526757
UPPER WEST,NANDOM,Upper West,Nandom,Municipal,10.8520701,-2.760077,51328.0,15098.0,14682.0,31.8,45.33249908746674,62.53816699238488,45.71564557025988,6.530595118787452,56.0729866763536,1.0280135118073024,58.01901496259352,Upper West,1.9831252205368155,1.5944742983203757,1.8026194684279264,43.15,44.67625560072275,15.279999999999998,33.333333333333336,51.52603489674439,40.71510828902499,139.9521425152106,10.606400884048051,91.5590005846133,77.09646743934196,32.58176183171523,3.533020740660574,41.46776359934912,25.35858903797517,0.0,0.47,2.54,327064.06758962496,13107.050362809434,126.0,20018.1429311034,12.0724230145497,DHS Ghana 2003 (regional) + WHO GHO (national),WHO Global TB Programme (national 2013-2024),Ghana Statistical Service 2021 Census,"Ghana 260-district basemap (post-2018 Local Governance Act); Guan District (Oti Region) added as a 261st row sharing its parent Krachi East Municipal polygon for adjacency purposes (no distinct legacy polygon exists) -- structural-gap convention, not a distinct surveyed boundary",-0.2409302437771389,2,0.167,0,Not Significant,-0.0721793472095401,2,0.131,0,Not Significant,0.6801985915093893,0.167,Not Significant,7.791719515864277,1.1278098845404547,0.2103915236126955,-0.5775244769315301,0.818726850700258,0.0947357142857143,0.017286822,6.517266254932644e-05,0.0306111409850698,0.0356747125332887
WESTERN,TARKWA NSUAEM,WESTERN,TARKWA NSUAEM,,5.164444985714285,-1.9217231254902143,119271.42857142857,36725.0,36147.42857142857,28.4,43.34982561806802,49.24484410635763,24.859298675919568,41.06466899483838,60.54874291894557,1.01247569389619,60.84792221998605,,3.3999999999999995,1.8000000000000005,2.6,53.73571428571428,31.46666666666667,22.82857142857143,33.333333333333336,68.35927004964047,39.97,149.59752312955783,17.93311123275499,88.44843096904042,61.85986650673571,32.44421409626732,2.3463924902945945,37.69426740562294,25.374240299663573,0.8571428571428571,0.4699999999999998,2.54,331430.7152775872,12930.9863646542,126.0,19990.492911102097,11.95474025237037,DHS Ghana 2003 (regional) + WHO GHO (national),WHO Global TB Programme (national 2013-2024),Ghana Statistical Service 2021 Census,"Ghana 260-district basemap (post-2018 Local Governance Act); Guan District (Oti Region) added as a 261st row sharing its parent Krachi East Municipal polygon for adjacency purposes (no distinct legacy polygon exists) -- structural-gap convention, not a distinct surveyed boundary",1.3246772954284425,1,0.001,1,High-High,0.7798589436493333,1,0.016,1,High-High,1.2410587691142978,0.001,Not Significant,7.126445981791208,0.6741897757436895,0.1106162098326645,-1.0745160902319937,0.9663897342036484,0.0290484126984127,0.018268015,6.97848361708354e-05,0.0284137490559105,0.0189499904565391
UPPER EAST,TALENSI,Upper East,Talensi,District,10.6451057499999,-0.62587443176215,87021.0,25355.0,24262.0,56.2,48.57248950234052,67.88199766382736,36.62165599044924,20.94195262812172,67.24812879920938,1.0276391503529627,57.0172716930396,Upper East,0.8,2.189977863325019,1.4943586757549066,52.12857142857143,37.96695322024289,20.716666666666665,33.33333333333334,39.42788234371428,39.48791731025903,179.28521567459208,15.515549538304407,75.321747141149,42.4560402950351,28.962996576364997,0.8434553438509562,26.584978540890383,45.59646934685207,0.0,0.4699999999999999,2.54,329539.57789996045,13067.322254347591,126.0,20014.53827764269,11.966935166911329,DHS Ghana 2003 (regional) + WHO GHO (national),WHO Global TB Programme (national 2013-2024),Ghana Statistical Service 2021 Census,"Ghana 260-district basemap (post-2018 Local Governance Act); Guan District (Oti Region) added as a 261st row sharing its parent Krachi East Municipal polygon for adjacency purposes (no distinct legacy polygon exists) -- structural-gap convention, not a distinct surveyed boundary",0.0647054826871147,1,0.369,0,Not Significant,-0.4092722735184885,2,0.007,1,Low-High,0.109788892018985,0.369,Not Significant,7.906560018100615,1.16444437876713,0.2077686650975923,-0.751354441326815,0.8186950201795443,0.319947619047619,0.04177682,4.871415553681266e-05,0.0522821727295055,0.1035138317374816
WESTERN NORTH,SEFWI AKONTOMBRA,Western North,Sefwi Akontombra,District,6.0425529,-2.8760069,66689.0,20785.0,18801.0,24.5,42.1620523892138,38.849924974485134,51.864560645639614,27.38760482224958,61.01752844851261,1.096495661166806,59.35911469657664,Western (pre 2022),3.3789484406236308,1.8,2.570386756432636,53.73571428571428,31.46666666666667,22.82857142857143,33.09658211477126,69.12946468633434,39.80696426595233,115.9302492166694,17.78994862671866,88.7398967958067,63.13416598050025,26.216027712862463,2.320125202276765,38.09803612467973,21.759686096142023,1.0,0.4738427715448198,2.555893234142268,326551.6660502544,13157.226292726786,126.0,20115.693309063616,12.026894976719268,DHS Ghana 2003 (regional) + WHO GHO (national),WHO Global TB Programme (national 2013-2024),Ghana Statistical Service 2021 Census,"Ghana 260-district basemap (post-2018 Local Governance Act); Guan District (Oti Region) added as a 261st row sharing its parent Krachi East Municipal polygon for adjacency purposes (no distinct legacy polygon exists) -- structural-gap convention, not a distinct surveyed boundary",1.1120769856220196,1,0.003,1,High-High,-0.2561564895455627,4,0.236,0,Not Significant,1.0700063218700528,0.003,Not Significant,7.304714764597258,0.6001272466380171,0.1612132509630421,-0.3052303086609723,0.8014579712388707,0.8707738095238096,0.9925678,0.9998745159307708,0.9535383188437832,0.9541886054830078
WESTERN,EFFIA KWESIMINTSIM MUNICIPAL,Western,Effia Kwesimintsim Municipal,Municipal,4.96766095,-1.80360599719917,173975.0,56495.0,57599.0,9.3,42.335705323718905,45.98011301850477,6.389749821942674,21.24454738048698,46.2665126806406,1.0018396646562242,65.58068688029888,Western (pre 2022),3.4,1.8,2.6,53.73571428571428,31.46666666666667,22.82857142857143,33.333333333333336,68.56082940787005,39.96999999999999,170.45072164141652,14.431237805062196,94.85682419333476,77.8222067875674,43.00026543524788,3.4387660130192885,45.08218861766089,15.0,0.0,0.4699999999999999,2.54,328275.25591721747,12849.51201694981,126.0,19995.25664064737,11.981540503004268,DHS Ghana 2003 (regional) + WHO GHO (national),WHO Global TB Programme (national 2013-2024),Ghana Statistical Service 2021 Census,"Ghana 260-district basemap (post-2018 Local Governance Act); Guan District (Oti Region) added as a 261st row sharing its parent Krachi East Municipal polygon for adjacency purposes (no distinct legacy polygon exists) -- structural-gap convention, not a distinct surveyed boundary",0.5195885461806429,1,0.01,1,High-High,1.000344783856509,1,0.01,1,High-High,1.329662540432922,0.01,Not Significant,7.125223241732534,0.764896707609013,0.1288789635395111,-0.8770065284792948,0.9708521582312664,0.2495714285714286,0.092443876,0.000136304735233,0.051983863919157,0.0985338682985687
UPPER EAST,NABDAM,Upper East,Nabdam,District,10.8469045,-0.661562047243897,53039.0,15580.0,16128.0,68.6,50.41521369106595,83.68237112791513,47.19785023846157,22.442192740424343,62.922988025496046,0.9752303207527396,59.78242425385094,Upper East,0.8,2.216619072032526,1.5102823252867987,52.12857142857143,37.78476611695974,20.716666666666665,33.333333333333336,39.53066622572148,39.581240240664165,188.29809782314345,21.85381879620075,68.74029022651189,40.04940109392076,22.996465159733287,0.3614757874469065,25.615803734298304,51.04553503219857,1.0,0.47,2.54,329045.8091513572,12906.580645323133,126.0,19929.57736794721,12.089698501361864,DHS Ghana 2003 (regional) + WHO GHO (national),WHO Global TB Programme (national 2013-2024),Ghana Statistical Service 2021 Census,"Ghana 260-district basemap (post-2018 Local Governance Act); Guan District (Oti Region) added as a 261st row sharing its parent Krachi East Municipal polygon for adjacency purposes (no distinct legacy polygon exists) -- structural-gap convention, not a distinct surveyed boundary",1.2793946933708282,1,0.078,0,Not Significant,-0.6205827908973753,2,0.001,1,Low-High,0.7081829700863294,0.078,Not Significant,7.911401529314302,1.1537266939748,0.2078105141779903,-0.7880803060141947,0.8191967344304555,0.886058547008547,0.9925275,0.999981403356641,0.9575517728516764,0.959029802027666
UPPER EAST,BUILSA SOUTH,Upper East,Builsa South,District,10.53032385,-1.26246582508358,36575.0,10496.0,10263.0,55.1,46.51394953455357,71.31551613583974,46.92031090961902,22.618502931916048,67.97759825334865,0.9893604352930756,56.75734791524265,Upper East,0.8,2.193680879549951,1.4896471043222397,52.12857142857144,37.732091029808345,20.716666666666665,33.33333333333334,39.71697001509101,39.34112959260447,145.82270874207293,14.958795857395389,77.44757334488965,51.09308394117464,22.73389967147301,1.333230965826986,27.915328689192474,40.4431405563348,0.0,0.4699999999999999,2.54,330590.615796571,13066.72117583679,126.0,19976.67158253624,11.888602693202392,DHS Ghana 2003 (regional) + WHO GHO (national),WHO Global TB Programme (national 2013-2024),Ghana Statistical Service 2021 Census,"Ghana 260-district basemap (post-2018 Local Governance Act); Guan District (Oti Region) added as a 261st row sharing its parent Krachi East Municipal polygon for adjacency purposes (no distinct legacy polygon exists) -- structural-gap convention, not a distinct surveyed boundary",0.1380469801616229,1,0.26,0,Not Significant,-0.134997501183798,2,0.225,0,Not Significant,0.2814401008330181,0.26,Not Significant,8.01683399469348,1.082578648396541,0.2094253340558188,-0.7252288743299657,0.8124155128446742,0.2609656898656899,0.064248204,9.185761635557752e-05,0.044990647061451,0.0925740996936896
UPPER EAST,BUILSA NORTH,UPPER EAST,BUILSA NORTH,,10.85427183749998,-0.5820401901139932,92161.33333333331,24398.33333333333,26712.916666666668,47.40833333333334,47.28028626865805,69.38005298762081,49.722401149058975,15.742702920148192,64.0912736782719,0.901106000961639,55.30773879385512,,0.8,2.204116540650656,1.50402628297469,52.128571428571405,37.91530754166798,20.716666666666665,33.333333333333336,39.39223030706643,39.69815633181695,157.38734438951963,14.279432474725231,77.40664019220861,52.83442751360704,26.789891289181824,1.477891489773608,30.83278525040626,39.38790920687923,0.25,0.47,2.54,326801.4146773785,12962.080417458814,126.0,20128.796238154075,12.026020107625998,DHS Ghana 2003 (regional) + WHO GHO (national),WHO Global TB Programme (national 2013-2024),Ghana Statistical Service 2021 Census,"Ghana 260-district basemap (post-2018 Local Governance Act); Guan District (Oti Region) added as a 261st row sharing its parent Krachi East Municipal polygon for adjacency purposes (no distinct legacy polygon exists) -- structural-gap convention, not a distinct surveyed boundary",0.1548032508628206,1,0.274,0,Not Significant,-0.4279398644021838,2,0.077,0,Not Significant,0.4294158337418275,0.274,Not Significant,8.012849253774968,1.0893710806570345,0.2096181612015198,-0.7515690651935517,0.814162925913827,0.0690238095238095,0.009638795,4.804447013730567e-06,0.0280785422365213,0.0266864877262914
UPPER EAST,BINDURI,Upper East,Binduri,District,10.9694889,-0.3062234,76679.0,19298.0,21406.0,53.8,47.37885693321604,65.49858937009525,53.98010760630763,15.899892246650836,70.67003671850827,0.8506640686768754,53.08363437186192,Upper East,0.7999999999999999,2.213118528227315,1.5092774895070902,52.12857142857144,37.88612931109491,20.716666666666665,33.333333333333336,39.39056629348663,39.51423160610771,147.03814921829863,13.46489798483342,79.50947641018966,48.63760730850679,24.097224618160897,1.066455194039593,28.24535620155691,37.69386657805303,0.0,0.47,2.54,330506.879893065,12879.594248031372,126.0,20180.710166242086,11.956099809049327,DHS Ghana 2003 (regional) + WHO GHO (national),WHO Global TB Programme (national 2013-2024),Ghana Statistical Service 2021 Census,"Ghana 260-district basemap (post-2018 Local Governance Act); Guan District (Oti Region) added as a 261st row sharing its parent Krachi East Municipal polygon for adjacency purposes (no distinct legacy polygon exists) -- structural-gap convention, not a distinct surveyed boundary",0.0114508959450952,1,0.448,0,Not Significant,-0.5334583724101901,2,0.01,1,Low-High,0.0571593392811943,0.44800001,Not Significant,7.8172683438749155,1.166178251750862,0.2067353983383397,-0.8464910018369897,0.8196889311320598,0.1560420634920635,0.033535752,3.7264308739000566e-05,0.0356526395484337,0.0563169299486739
UPPER EAST,PUSIGA,Upper East,Pusiga,District,11.0854045,-0.1276855,80533.0,19362.0,22108.0,40.8,46.08530880508579,63.20767153662945,59.5731787522646,8.500307567662889,77.13763466275643,0.8908603169990389,51.4944184371624,Upper East,0.8000000000000002,2.2061896999662367,1.49417996703457,52.12857142857144,37.63898712246561,20.716666666666665,33.333333333333336,39.11267040752174,39.6102163981745,127.45315417950172,12.95708385847422,82.8324544484504,56.55597570181039,25.080910681464267,1.5522277821776087,30.99186356756734,34.417992082486975,0.0,0.47,2.54,329675.2856599004,13049.724197871778,126.0,19972.00952207204,12.0287601687452,DHS Ghana 2003 (regional) + WHO GHO (national),WHO Global TB Programme (national 2013-2024),Ghana Statistical Service 2021 Census,"Ghana 260-district basemap (post-2018 Local Governance Act); Guan District (Oti Region) added as a 261st row sharing its parent Krachi East Municipal polygon for adjacency purposes (no distinct legacy polygon exists) -- structural-gap convention, not a distinct surveyed boundary",-0.0177389336578388,4,0.437,0,Not Significant,-0.531720098279311,2,0.031,1,Low-High,-0.169800291929894,0.43700001,Not Significant,7.746986459203191,1.1912198134429968,0.2052230616098103,-0.8546653480191245,0.8233939074944554,0.0787809523809523,0.016743165,7.2408957246748e-06,0.0295755687169529,0.0312767316257912
UPPER EAST,BAWKU MUNICIPAL,Upper East,Bawku Municipal,Municipal,11.0607602,-0.2422876,119458.0,32217.0,34839.0,23.6,44.04331590162478,57.49288490801695,43.07562910205042,7.656626473726142,64.08330687907839,0.8994295687785115,56.13353647307003,Upper East,0.8,2.20372645483319,1.4899301117372226,52.12857142857144,38.35940027487776,20.716666666666665,33.33333333333334,39.3099074978001,39.58862761850407,150.5668034490221,7.469208232710139,82.3648340209254,75.93442844879921,35.583977814264074,3.280707617233973,47.56032758543557,26.731907790117763,0.0,0.47,2.54,329100.94026287104,12912.16399203236,126.0,19884.39826493437,11.986584990207172,DHS Ghana 2003 (regional) + WHO GHO (national),WHO Global TB Programme (national 2013-2024),Ghana Statistical Service 2021 Census,"Ghana 260-district basemap (post-2018 Local Governance Act); Guan District (Oti Region) added as a 261st row sharing its parent Krachi East Municipal polygon for adjacency purposes (no distinct legacy polygon exists) -- structural-gap convention, not a distinct surveyed boundary",-0.4175485143042527,2,0.19,0,Not Significant,-0.427414601082393,2,0.021,1,Low-High,0.4299480925301106,0.19,Not Significant,7.797156169170225,1.1724294701982327,0.2062625936476181,-0.8549149221039454,0.8211428795961173,0.1222444444444444,0.004025607,1.382615167178238e-06,0.0364251630550645,0.0406741492547137
SAVANNAH,NORTH GONJA,Savannah,North Gonja,District,8.98787705,-0.403868101269744,61443.0,15763.0,15868.0,58.4,47.59995553247733,63.3783204984708,60.80965754319548,55.01664163492102,99.79682609362138,1.0013230953836858,51.480233712546585,Northern (pre 2022),0.7,0.8,0.7506398713973138,35.45,19.27619252096046,15.114285714285714,33.18697095934927,30.55,38.55367139070218,125.03639539240358,14.876156532856472,77.27057326453993,39.9616961255901,26.637059540678894,1.6925598868146416,31.03590635998022,39.85622953367535,0.0,0.47,2.5400000000000005,331149.05339335994,12996.553922809968,126.0,19945.449550717345,11.943873599486636,DHS Ghana 2003 (regional) + WHO GHO (national),WHO Global TB Programme (national 2013-2024),Ghana Statistical Service 2021 Census,"Ghana 260-district basemap (post-2018 Local Governance Act); Guan District (Oti Region) added as a 261st row sharing its parent Krachi East Municipal polygon for adjacency purposes (no distinct legacy polygon exists) -- structural-gap convention, not a distinct surveyed boundary",0.0798124265637114,1,0.321,0,Not Significant,0.5726520970670671,3,0.132,0,Not Significant,0.168892691044283,0.32100001,Not Significant,7.916399490307918,1.1735410139882525,0.2073395422131431,-0.2509430386773789,0.8080412091433424,0.2174722222222222,0.039188858,0.0002542627957137,0.0416102987094934,0.0746314104622657
SAVANNAH,WEST GONJA,Savannah,West Gonja,Municipal,9.5267018,-1.5071681,63449.0,18794.0,18196.0,39.7,44.86870007505568,74.1721121193035,34.553288203859125,19.33978219997254,62.290690763087134,1.0068251741638097,58.29879115510095,Northern (pre 2022),0.7,0.8,0.749030451457655,35.45000000000001,19.1948494822748,15.114285714285714,33.396277351862324,30.55,38.69415848101252,99.0693645180406,5.0,88.04940452266047,79.11815003261178,33.62866085885189,3.3497535935256844,46.73761604355744,26.58470482523977,0.0,0.47,2.54,327436.37286458164,12878.431152436991,126.0,19991.19851274287,11.875710063594154,DHS Ghana 2003 (regional) + WHO GHO (national),WHO Global TB Programme (national 2013-2024),Ghana Statistical Service 2021 Census,"Ghana 260-district basemap (post-2018 Local Governance Act); Guan District (Oti Region) added as a 261st row sharing its parent Krachi East Municipal polygon for adjacency purposes (no distinct legacy polygon exists) -- structural-gap convention, not a distinct surveyed boundary",0.5793699967220225,3,0.217,0,Not Significant,0.4899419558376799,3,0.226,0,Not Significant,-0.4080278230175754,0.217,Not Significant,7.542647443086958,1.6001115166799995,0.2153938102038813,0.5945866151420722,0.8419401155951096,0.0348563492063492,0.0024171073,4.089884158712486e-07,0.0271443543632166,0.0161045549758795
NORTHERN,MION,Northern,Mion,District,9.45284905,-0.335525511842833,94930.0,22749.0,24286.0,53.4,43.32006501171277,48.35021076281163,61.57095243706239,48.07627437501334,97.00008691239842,0.9132024890250676,49.547034657115766,Northern (pre 2022),0.6931763214427871,0.7970792982246817,0.7546813574991941,35.59722111579069,19.218652764822,15.114285714285714,33.260253374167206,30.759445914695863,38.759574782887086,94.26449531351848,11.841561633269214,85.55315196307615,54.1054317348885,20.73095908962592,1.6243533444427702,33.751825591991725,32.23448860400427,0.0,0.4682691063137293,2.516901705974186,330451.35688298097,13004.027348379575,126.0,19790.68770431419,12.061223298036404,DHS Ghana 2003 (regional) + WHO GHO (national),WHO Global TB Programme (national 2013-2024),Ghana Statistical Service 2021 Census,"Ghana 260-district basemap (post-2018 Local Governance Act); Guan District (Oti Region) added as a 261st row sharing its parent Krachi East Municipal polygon for adjacency purposes (no distinct legacy polygon exists) -- structural-gap convention, not a distinct surveyed boundary",0.0453941659570761,3,0.124,0,Not Significant,0.8486102892361054,3,0.039,1,Low-Low,-0.402059307591124,0.124,Not Significant,7.560893360336023,1.5046914920070311,0.2044553854903598,-0.4652511967049109,0.8413159255400666,0.0884857142857142,0.017844526,6.95126293870999e-05,0.0308200390930591,0.0343049480263347
NORTHERN,YENDI MUNICIPAL,Northern,Yendi Municipal,Municipal,9.4739214,0.022769270127783,154421.0,39806.0,42284.0,38.3,46.214630583775225,62.74955788002325,44.99857862411707,27.06561561651265,84.29105012588883,0.925732325093842,53.159868152647626,Northern (pre 2022),0.6946637857772611,0.7975813035090857,0.7563586824658297,35.1084294082715,19.064145992099736,15.114285714285714,33.57793227317868,30.25953733705179,38.81022083497745,134.65032516809976,5.0,89.82885507884129,72.8457288949295,31.128257007489523,3.0013299018236634,43.55744590140196,26.99965910745195,0.0,0.474152644006278,2.548238901780108,328564.60018041375,12996.495267045526,126.0,19868.5536988773,12.094234228436914,DHS Ghana 2003 (regional) + WHO GHO (national),WHO Global TB Programme (national 2013-2024),Ghana Statistical Service 2021 Census,"Ghana 260-district basemap (post-2018 Local Governance Act); Guan District (Oti Region) added as a 261st row sharing its parent Krachi East Municipal polygon for adjacency purposes (no distinct legacy polygon exists) -- structural-gap convention, not a distinct surveyed boundary",1.0077744503285928,3,0.11,0,Not Significant,1.2355699273159604,3,0.052,0,Not Significant,-0.7056089317561209,0.11,Not Significant,7.434223681753967,1.4751864369012155,0.2012747345496649,-0.6317065714230874,0.8462004253290062,0.0232333333333333,0.002492615,6.549543103259722e-07,0.0278117001045908,0.0133845758534999
NORTHERN,TOLON,Northern,Tolon,District,9.555956,-1.19792230212529,118090.0,29223.0,31525.0,57.5,46.5848940715129,69.9030416707184,54.95697148090365,49.91195650557934,84.94651076051288,0.9147857436167002,51.44212041663139,Northern (pre 2022),0.6940710136608748,0.7976258341149137,0.750025703759953,35.225454133923726,19.22683952036248,15.114285714285714,33.067958754674805,30.413891070816,38.85491881985319,131.63501412752632,17.98406295398882,81.23901948649925,36.78457657656836,28.46679849677244,1.4937799991742928,29.482959380408087,35.849811029234026,1.0,0.471114967930644,2.534837967339269,332229.8135032296,13029.011541240916,126.0,20033.86814167586,11.931990086464316,DHS Ghana 2003 (regional) + WHO GHO (national),WHO Global TB Programme (national 2013-2024),Ghana Statistical Service 2021 Census,"Ghana 260-district basemap (post-2018 Local Governance Act); Guan District (Oti Region) added as a 261st row sharing its parent Krachi East Municipal polygon for adjacency purposes (no distinct legacy polygon exists) -- structural-gap convention, not a distinct surveyed boundary",-0.2975771307976024,4,0.292,0,Not Significant,0.4062150842612883,3,0.236,0,Not Significant,-0.2711537393491689,0.292,Not Significant,7.886231298279474,1.3223077374114411,0.2097198914313474,-0.0436223494773735,0.8075710309086942,0.2154198412698412,0.013234629,0.0001956383102027,0.0390379344989097,0.0669720108436799
NORTHERN,KUMBUNGU,Northern,Kumbungu,District,9.5591282,-0.9467086,110586.0,26963.0,28760.0,45.0,47.510882810965846,71.65464070271446,49.759711626240616,41.25181252394384,91.08931760370274,0.9247656525808434,50.38883764671839,Northern (pre 2022),0.698362988873626,0.8072547588126143,0.7426339984529711,35.77145343800651,19.084167800972057,15.114285714285714,33.17581790794124,30.36722266602806,38.920750072380336,120.46261804169856,9.263925078055856,80.31355367835448,46.27535856363546,28.756162543135595,1.657674581059244,29.812414795765463,38.66173501216032,0.0,0.4704384677694034,2.5321995555688543,332197.9459355349,12930.675680546456,126.0,20010.46362907801,12.076840461570692,DHS Ghana 2003 (regional) + WHO GHO (national),WHO Global TB Programme (national 2013-2024),Ghana Statistical Service 2021 Census,"Ghana 260-district basemap (post-2018 Local Governance Act); Guan District (Oti Region) added as a 261st row sharing its parent Krachi East Municipal polygon for adjacency purposes (no distinct legacy polygon exists) -- structural-gap convention, not a distinct surveyed boundary",-0.0499368695851895,2,0.405,0,Not Significant,0.5719842579404051,3,0.131,0,Not Significant,0.0788850492889028,0.405,Not Significant,7.9134338832989215,1.2508294530440007,0.2087326230440124,-0.3593701824907411,0.8097467660935042,0.0615507936507936,0.0016941048,6.58361961207871e-08,0.0290415077093681,0.0230716179867496
NORTHERN EAST,WEST MAMPRUSI MUNICIPAL,North East,West Mamprusi Municipal,Municipal,10.29738455,-0.764055036110824,175755.0,43613.0,48368.0,41.5,46.48051645488566,66.32638099557234,44.65058267742966,18.174664957503285,92.59959846827782,0.9032329273338736,52.33478421666524,Northern (pre 2022),0.6999999999999998,0.8,0.755450709672659,35.45,19.427310686980626,15.114285714285714,33.113733951003624,30.48871781079979,38.61933251372905,134.4847741069724,10.434553523564224,87.03745920542828,68.09860687754863,33.487619157327565,3.10730651797442,41.4823577334303,30.086366993488603,0.0,0.47,2.54,331305.42150007305,12975.931937460606,126.0,20149.125809034034,11.938094403631,DHS Ghana 2003 (regional) + WHO GHO (national),WHO Global TB Programme (national 2013-2024),Ghana Statistical Service 2021 Census,"Ghana 260-district basemap (post-2018 Local Governance Act); Guan District (Oti Region) added as a 261st row sharing its parent Krachi East Municipal polygon for adjacency purposes (no distinct legacy polygon exists) -- structural-gap convention, not a distinct surveyed boundary",-0.036408596339584,2,0.38,0,Not Significant,0.0016520636818643,3,0.486,0,Not Significant,0.092604429975484,0.38,Not Significant,7.886176846312348,1.1954034451670146,0.2076832129720429,-0.6571633551043448,0.8173437816821753,0.0275666666666666,0.0015923823,4.181368698251398e-07,0.026761799206515,0.013980316583262
NORTHERN EAST,MAMPRUGU MOAGDURI,North East,Mamprugu Moagduri,District,10.23964,-1.27428,68746.0,16808.0,17970.0,44.5,42.74336932416745,44.98864642538615,60.18577556704503,54.70530336264002,92.49868909604731,0.9129346857402046,50.589125185465335,Northern (pre 2022),0.7,0.8,0.7546154179819236,35.45,19.245323091557964,15.114285714285714,33.51585042795712,30.45822668920021,38.779339840938256,56.15958989385084,14.368833120581272,91.60685607748032,46.81282698081455,24.682082299782405,1.9926891549829235,39.58746823248946,26.22667382267779,0.0,0.47,2.54,331642.3125251079,13012.253841685628,126.0,20046.606560096552,12.063872877119609,DHS Ghana 2003 (regional) + WHO GHO (national),WHO Global TB Programme (national 2013-2024),Ghana Statistical Service 2021 Census,"Ghana 260-district basemap (post-2018 Local Governance Act); Guan District (Oti Region) added as a 261st row sharing its parent Krachi East Municipal polygon for adjacency purposes (no distinct legacy polygon exists) -- structural-gap convention, not a distinct surveyed boundary",0.1751722363890174,1,0.128,0,Not Significant,-0.5503223604094467,2,0.14,0,Not Significant,0.4635730040912523,0.12800001,Not Significant,7.989657181882612,1.1119699034652697,0.2088142219018955,-0.6285817291314884,0.8112853425782983,0.0775769841269841,0.016921053,2.1052206945426677e-05,0.0299436774048747,0.0311156916120065
NORTHERN,ZABZUGU,Northern,Zabzugu,District,9.294058,0.367064,82846.0,19446.0,21673.0,42.7,43.318702711645045,55.28797935297755,54.64510818940507,45.2062282426299,95.80550035389992,0.9062307905507953,49.63305410037901,Northern (pre 2022),0.6973163220989645,0.8033758633165387,0.754458323049665,35.756704991995065,19.080677376452872,15.114285714285714,33.306719657621855,30.84400651723648,38.35696166293092,80.68124814383631,5.0,89.51308413956573,54.9678115090702,24.84672423779013,2.2988363639174545,38.18575809262484,23.5784237696258,0.0,0.4664119853970269,2.5540833132935417,327524.42899600853,12937.885783066924,126.0,20122.87819282056,11.969782985482365,DHS Ghana 2003 (regional) + WHO GHO (national),WHO Global TB Programme (national 2013-2024),Ghana Statistical Service 2021 Census,"Ghana 260-district basemap (post-2018 Local Governance Act); Guan District (Oti Region) added as a 261st row sharing its parent Krachi East Municipal polygon for adjacency purposes (no distinct legacy polygon exists) -- structural-gap convention, not a distinct surveyed boundary",1.278172758145002,3,0.03,1,Low-Low,1.10394839893139,3,0.039,1,Low-Low,-0.8934347761506558,0.03,Not Significant,7.556813778627491,1.53001792641053,0.197246281544286,-0.6969654251036294,0.8649177443253838,0.0071285714285714,0.0073928037,1.9289246181146843e-05,0.0258849377947653,0.0101064005355547
NORTHERN,TATALE SANGULI,Northern,Tatale Sanguli,District,9.34906725,0.514632473680653,74805.0,17913.0,19322.0,52.4,42.81667464985736,44.79048695694576,56.14304191254489,45.50846981419726,94.29456302105729,0.9339409529304632,49.77608448633113,Northern (pre 2022),0.7027368234625806,0.8001063260315514,0.7462518178032188,35.51870441437248,19.28500159680635,15.114285714285714,33.66337799129474,30.31271674358872,38.61381219123098,69.81517393377169,9.51125495687874,88.49487847661527,53.55707100396116,22.769831035437107,1.8314296555454035,35.30788026972663,27.6519870631138,0.0,0.4709697013041088,2.560957402314719,328383.2380370044,12979.15567224881,126.0,19877.628275915155,12.11169243573918,DHS Ghana 2003 (regional) + WHO GHO (national),WHO Global TB Programme (national 2013-2024),Ghana Statistical Service 2021 Census,"Ghana 260-district basemap (post-2018 Local Governance Act); Guan District (Oti Region) added as a 261st row sharing its parent Krachi East Municipal polygon for adjacency purposes (no distinct legacy polygon exists) -- structural-gap convention, not a distinct surveyed boundary",0.819391088897401,3,0.118,0,Not Significant,1.2905539126919,3,0.164,0,Not Significant,-1.4485436637530258,0.001,Not Significant,7.474998434811512,1.5057408842032038,0.1974227135828789,-0.7498857262434839,0.861226672179427,0.0507428571428571,0.024276052,5.516117487113868e-05,0.0286477648011796,0.0259304586973052
BONO EAST,SENE EAST,Bono East,Sene East,District,7.6658435,-0.182426172494555,72081.0,21108.0,18084.0,49.5,41.61653943481675,45.93506658012541,49.16747627594745,43.45703279489943,79.78295002476429,1.1870207874201322,54.37216464810422,Brong-Ahafo,3.8,1.2999999999999998,2.55,55.40714285714285,26.26666666666667,21.057142857142857,33.333333333333336,69.36059660319992,41.260000000000005,104.7739765058468,19.214176715616265,90.06115786976486,59.80573977813337,27.162740089729336,1.941431816641614,38.29945584865727,21.447289334665964,1.0,0.47,2.54,330930.9383682004,13032.827768323255,126.0,19950.11889624569,11.882401483930634,DHS Ghana 2003 (regional) + WHO GHO (national),WHO Global TB Programme (national 2013-2024),Ghana Statistical Service 2021 Census,"Ghana 260-district basemap (post-2018 Local Governance Act); Guan District (Oti Region) added as a 261st row sharing its parent Krachi East Municipal polygon for adjacency purposes (no distinct legacy polygon exists) -- structural-gap convention, not a distinct surveyed boundary",-1.0937207730681149,4,0.009,1,High-Low,-1.2794696855090066,4,0.001,1,High-Low,-0.824504599639115,0.009,Not Significant,6.711569309352177,1.1322850137989835,0.1560487813280429,-0.2027093253518586,0.961737714479011,0.6121158730158733,0.7617034,0.9128538597659556,0.675305181710184,0.7404945716234153
WESTERN NORTH,BIBIANI-ANHWIASO-BEKWAI MUNICIPAL,WESTERN NORTH,BIBIANI-ANHWIASO-BEKWAI MUNICIPAL,,6.353218683333331,-2.942471394054138,71412.16666666667,22590.166666666668,20511.33333333333,26.15,41.66962440504884,44.736500603522245,36.71443715685996,38.25678127219601,60.73885635520584,1.1345643057258086,60.56995134332232,,3.3718203874188606,1.8,2.5833627817982507,53.73571428571429,31.46666666666667,22.82857142857144,33.25383194119976,68.42025132652932,40.29079476800403,104.00500925197906,16.701601627556496,91.00068045894648,60.70111842538984,27.28148946422797,2.181839323909185,37.62333534642918,21.606138357334384,0.8333333333333334,0.4717418523265569,2.521939812511747,332758.65262659243,13147.33696125586,126.0,19985.17549126996,11.905905355433308,DHS Ghana 2003 (regional) + WHO GHO (national),WHO Global TB Programme (national 2013-2024),Ghana Statistical Service 2021 Census,"Ghana 260-district basemap (post-2018 Local Governance Act); Guan District (Oti Region) added as a 261st row sharing its parent Krachi East Municipal polygon for adjacency purposes (no distinct legacy polygon exists) -- structural-gap convention, not a distinct surveyed boundary",0.1904451726792257,1,0.264,0,Not Significant,-0.0874784825466531,4,0.41,0,Not Significant,0.2320075489195875,0.264,Not Significant,7.341326822797635,0.9934431707540224,0.1382061131338212,-0.3195588379400117,0.7853097008768509,0.1575126984126984,0.063033834,0.0001548328255785,0.035776608406255,0.0641194934360754
BONO EAST,SENE WEST,Bono East,Sene West,District,7.74897775,-0.618112944814146,70104.0,20496.0,19425.0,26.8,41.00559425070404,35.159799203881626,48.72528289717916,27.87141722063115,68.8046309471684,1.0075053937348175,56.94539541252996,Brong-Ahafo,3.8,1.3,2.55,55.40714285714286,26.266666666666666,21.057142857142857,33.33333333333334,69.78879373439,41.260000000000005,86.9771659652652,13.532632461708785,90.966170447349,65.94811426709805,26.875418558764498,2.644683856867404,39.024766537903545,20.23129101656736,0.0,0.47,2.54,329350.3166002835,13052.958418711583,126.0,20162.49774131389,11.966558011576383,DHS Ghana 2003 (regional) + WHO GHO (national),WHO Global TB Programme (national 2013-2024),Ghana Statistical Service 2021 Census,"Ghana 260-district basemap (post-2018 Local Governance Act); Guan District (Oti Region) added as a 261st row sharing its parent Krachi East Municipal polygon for adjacency purposes (no distinct legacy polygon exists) -- structural-gap convention, not a distinct surveyed boundary",0.1234562820562804,1,0.096,0,Not Significant,-0.4021568847142133,4,0.126,0,Not Significant,0.5716026863176461,0.096,Not Significant,7.23289256326728,1.3048953865895685,0.2022694086670488,0.0917204868680368,0.9426613221526492,0.2672992063492062,0.024044588,9.921421620179872e-05,0.0425581216085351,0.0835002825955354
CENTRAL,UPPER DENKYIRA EAST MUNICIPAL,Central,Upper Denkyira East Municipal,Municipal,5.83523424999999,-1.73920835777296,110141.0,33371.0,33259.0,24.3,43.84817966453463,50.46391642511005,17.90920833465641,27.23939740411309,58.377919158539314,1.0201166113797682,60.4951834466729,Central,1.7,0.2999999999999998,0.9983641697577336,51.40714285714285,34.83333333333334,24.15714285714285,33.333333333333336,49.79999999999999,37.7271991073476,108.1883921612137,5.0,97.32163079541148,82.02007492465178,40.97803948487055,3.1404908099950446,43.99342729916789,22.35611625374981,0.0,0.47,2.54,332104.6875879033,12908.195417905608,126.0,20136.46362684016,12.102425205519676,DHS Ghana 2003 (regional) + WHO GHO (national),WHO Global TB Programme (national 2013-2024),Ghana Statistical Service 2021 Census,"Ghana 260-district basemap (post-2018 Local Governance Act); Guan District (Oti Region) added as a 261st row sharing its parent Krachi East Municipal polygon for adjacency purposes (no distinct legacy polygon exists) -- structural-gap convention, not a distinct surveyed boundary",0.7367450774284973,3,0.144,0,Not Significant,0.7201631625786937,3,0.063,0,Not Significant,-0.5173447327980213,0.144,Not Significant,7.008833486782355,1.2542281281285717,0.116849051856939,-0.4781688268818526,0.966084361216662,0.0153428571428571,0.00065852795,1.0462409411376694e-07,0.0260902704483244,0.0105229400408094
AHAFO,ASUTIFI NORTH,Ahafo,Asutifi North,District,7.07651835,-2.52531850396715,73556.0,23097.0,21584.0,26.6,43.07470123015487,48.7860467369791,25.56511718078228,19.39933205960564,56.560454487558815,1.0703988740430592,60.74419489912448,Brong-Ahafo,3.8,1.2923540520887666,2.55,55.40714285714286,26.266666666666666,21.057142857142857,33.25801073440065,69.41466391835608,41.26,131.04070056821868,11.834262096163917,91.28755507743612,59.66093145102761,31.6816537737472,1.98614207240262,33.08213255424224,26.82798104841161,0.0,0.47,2.54,327968.24527554814,12981.208098391007,126.0,20085.41790424104,11.879391757011016,DHS Ghana 2003 (regional) + WHO GHO (national),WHO Global TB Programme (national 2013-2024),Ghana Statistical Service 2021 Census,"Ghana 260-district basemap (post-2018 Local Governance Act); Guan District (Oti Region) added as a 261st row sharing its parent Krachi East Municipal polygon for adjacency purposes (no distinct legacy polygon exists) -- structural-gap convention, not a distinct surveyed boundary",0.0147521754212987,3,0.4,0,Not Significant,0.3792920550471928,1,0.112,0,Not Significant,-0.1293388301998097,0.4,Not Significant,7.497117492619164,0.9871200253908472,0.1190002963070639,-0.4759903259818831,0.5866220838190024,0.1935468253968253,0.0051968447,6.196839396550238e-05,0.0377045942199772,0.0591275581760103
ASHANTI,AHAFO ANO NORTH,ASHANTI,AHAFO ANO NORTH,,6.648968471212119,-1.5710996271278177,121878.81818181818,36505.0,37998.333333333336,21.23333333333333,42.74299520403826,48.85129002520305,22.515050667693668,23.396032285032824,61.79445801065601,0.9649517564731817,60.40712501501989,,2.505974878776258,1.2999999999999998,1.9,56.86428571428571,29.03333333333333,22.928571428571427,33.316666666666656,71.97663092393739,43.31,115.5257832149487,10.538249727084729,90.77941777709772,65.48132841962365,34.71769297793984,2.64667986240882,40.68058247570054,23.965784469313288,0.0303030303030303,0.47,2.5400000000000005,327445.1010364014,13073.826878368029,126.0,19842.98985987092,12.075126582091167,DHS Ghana 2003 (regional) + WHO GHO (national),WHO Global TB Programme (national 2013-2024),Ghana Statistical Service 2021 Census,"Ghana 260-district basemap (post-2018 Local Governance Act); Guan District (Oti Region) added as a 261st row sharing its parent Krachi East Municipal polygon for adjacency purposes (no distinct legacy polygon exists) -- structural-gap convention, not a distinct surveyed boundary",0.0099567741815513,3,0.485,0,Not Significant,-0.0006186108750245,4,0.465,0,Not Significant,-0.0285591592717043,0.48500001,Not Significant,7.127558779681195,1.259914040068118,0.1083967025077895,-0.3943942288580221,0.5327534985294604,0.0,0.000768791,7.703545722415979e-07,0.0255161418576258,0.0065714258058167
ASHANTI,AMANSIE CENTRAL,Ashanti,Amansie Central,District,6.20744165,-1.82814118592735,93052.0,29576.0,26490.0,28.6,43.17786370116905,41.97452107135315,33.076796277283805,39.04513023046926,57.336677423166,1.0800771511066998,60.25233202940291,Ashanti,2.4946908244948705,1.3,1.9,56.86428571428572,29.03333333333333,22.928571428571427,33.31666666666666,72.85274222791132,43.31,103.40257708596604,12.843644761667695,87.66987098835449,55.65673880896553,28.82725134857837,1.964773578650195,38.159276186265885,26.26820328805145,0.0,0.4699999999999999,2.54,328841.78606114216,12924.451732446914,126.0,19859.545957983355,12.00334012201466,DHS Ghana 2003 (regional) + WHO GHO (national),WHO Global TB Programme (national 2013-2024),Ghana Statistical Service 2021 Census,"Ghana 260-district basemap (post-2018 Local Governance Act); Guan District (Oti Region) added as a 261st row sharing its parent Krachi East Municipal polygon for adjacency purposes (no distinct legacy polygon exists) -- structural-gap convention, not a distinct surveyed boundary",-0.0184034445358871,4,0.28,0,Not Significant,-0.0027979587938882,4,0.376,0,Not Significant,-0.2237570011113204,0.28,Not Significant,7.073440195996099,1.395569686476755,0.1208223236611573,-0.3858721158837491,0.858976892614223,0.1244238095238095,0.0037583692,1.1423722051339896e-05,0.0328240391028807,0.0402544103988098
ASHANTI,AMANSIE WEST,Ashanti,Amansie West,District,6.43975084999999,-1.85237045719587,112627.0,35110.0,32074.0,31.0,44.42828499228243,53.57884630567993,28.314259899737213,48.01895552276818,58.70188906968097,1.0834120787948276,59.65177088975112,Ashanti,2.4950128989851312,1.3,1.9,56.86428571428571,29.03333333333333,22.928571428571427,33.31666666666666,73.1734607626129,43.31000000000001,136.00889738747037,15.685891289569648,87.1776879922269,48.18838273567078,24.36888204547419,1.6976878916341402,33.56880172285626,31.71296499460842,1.0,0.4699999999999999,2.54,327630.44691200217,13044.014285711091,126.0,19883.85799342356,11.948364297002229,DHS Ghana 2003 (regional) + WHO GHO (national),WHO Global TB Programme (national 2013-2024),Ghana Statistical Service 2021 Census,"Ghana 260-district basemap (post-2018 Local Governance Act); Guan District (Oti Region) added as a 261st row sharing its parent Krachi East Municipal polygon for adjacency purposes (no distinct legacy polygon exists) -- structural-gap convention, not a distinct surveyed boundary",-0.1057352308092484,4,0.346,0,Not Significant,-0.0024924868388534,4,0.413,0,Not Significant,-0.1640178649452082,0.346,Not Significant,7.159695159927469,1.4771386836162916,0.1218762455357593,-0.2893005410977273,0.7134814260814722,0.7280641025641027,0.9924758,0.9997905074555103,0.9401141992689366,0.9151111542388322
AHAFO,ASUTIFI SOUTH,Ahafo,Asutifi South,District,6.84924284999999,-2.46125343688365,67334.0,20319.0,19574.0,23.2,42.42077600161939,47.49276800054504,28.725244284833128,14.316104510379908,63.19095750368747,1.0345239990602777,59.24644310452371,Brong-Ahafo,3.8,1.2898937980330254,2.55,55.40714285714286,26.26666666666667,21.057142857142857,33.1038621162231,69.69663718641785,41.260000000000005,128.0184304339778,13.396028185676922,92.15801900725108,56.21280809067616,26.46960106755381,2.325972958110184,36.35739864544681,26.192911095494907,0.0,0.47,2.54,329706.86605101626,13056.160121497103,126.0,19864.37776701582,11.958758416193406,DHS Ghana 2003 (regional) + WHO GHO (national),WHO Global TB Programme (national 2013-2024),Ghana Statistical Service 2021 Census,"Ghana 260-district basemap (post-2018 Local Governance Act); Guan District (Oti Region) added as a 261st row sharing its parent Krachi East Municipal polygon for adjacency purposes (no distinct legacy polygon exists) -- structural-gap convention, not a distinct surveyed boundary",-0.0885406580600269,4,0.119,0,Not Significant,-0.0490323989729173,4,0.432,0,Not Significant,-0.4660121970860558,0.119,Not Significant,7.244480828999515,1.0104401023564011,0.1193092408296786,-0.4555334614463848,0.5882037213381176,0.1452801587301587,0.021095734,7.466467790931109e-05,0.0333602250230847,0.0499526956301914
BONO EAST,TECHIMAN MUNICIPAL,Bono East,Techiman Municipal,Municipal,7.5279454,-1.97466940505838,243335.0,71814.0,77235.0,9.8,41.33563135884758,43.48539089237357,21.851328640308417,10.03321194363738,62.051535374107765,0.9489153511744508,61.25259416031397,Brong-Ahafo,3.8,1.2999999999999998,2.55,55.40714285714286,26.266666666666666,21.057142857142857,33.333333333333336,69.11623592763964,41.260000000000005,154.49044674364336,8.592567050695457,98.0,85.90452132503523,38.41027084035809,3.7072162189950535,48.238940638310986,19.593136138015964,0.0,0.47,2.54,331717.51631454827,13001.28540046921,126.0,19839.096255474626,11.963034674043143,DHS Ghana 2003 (regional) + WHO GHO (national),WHO Global TB Programme (national 2013-2024),Ghana Statistical Service 2021 Census,"Ghana 260-district basemap (post-2018 Local Governance Act); Guan District (Oti Region) added as a 261st row sharing its parent Krachi East Municipal polygon for adjacency purposes (no distinct legacy polygon exists) -- structural-gap convention, not a distinct surveyed boundary",0.0097434122583969,3,0.497,0,Not Significant,-0.0912436449864306,4,0.402,0,Not Significant,-0.0159501045857284,0.49700001,Not Significant,9.678814824612672,1.7224802133390482,0.2033500596902387,-0.1272335475464573,0.6581497185422034,0.0468842712842712,0.019733166,0.0001023539090943,0.0305056046541454,0.0243063490424058
CENTRAL,UPPER DENKYIRA WEST,Central,Upper Denkyira West,District,6.10783305,-2.06931071266353,91025.0,30896.0,25738.0,24.5,43.68692301869179,43.527450961570125,29.5339659892242,47.69459089033835,53.64842194115074,1.2645492276819867,62.218071958253226,Central,1.7,0.3,0.9982389474330536,51.40714285714286,34.83333333333334,24.15714285714285,33.33333333333334,49.8,37.79734077653108,77.84008955608817,8.473556588588485,85.34163640164081,52.60094512273849,27.389776371066645,2.141742958168626,37.62392443875623,24.270110434299,0.0,0.4699999999999998,2.54,326969.23507290945,12904.198345847231,126.0,19902.277915517585,11.908273876352297,DHS Ghana 2003 (regional) + WHO GHO (national),WHO Global TB Programme (national 2013-2024),Ghana Statistical Service 2021 Census,"Ghana 260-district basemap (post-2018 Local Governance Act); Guan District (Oti Region) added as a 261st row sharing its parent Krachi East Municipal polygon for adjacency purposes (no distinct legacy polygon exists) -- structural-gap convention, not a distinct surveyed boundary",-0.0868738170927789,2,0.379,0,Not Significant,0.1224628520375265,3,0.386,0,Not Significant,0.1101427202279991,0.37900001,Not Significant,7.307417418953071,1.2687535825404477,0.1107133543836957,-0.5217597661055259,0.8677346982493508,0.0976333333333333,0.0011886978,5.397807192339282e-07,0.03105074359638,0.0324683286173736
BONO EAST,TECHIMAN NORTH,Bono East,Techiman North,District,7.70365499999999,-1.98577027897075,102529.0,30106.0,31934.0,15.0,41.71980526869941,47.57546367012539,28.465288311211765,10.831297208425784,56.60384725983687,0.9546060458173292,60.5097094480586,Brong-Ahafo,3.8,1.3,2.55,55.40714285714286,26.266666666666666,21.057142857142857,33.333333333333336,68.78141069545417,41.260000000000005,127.67434991184552,11.957961583559875,95.29865641000144,68.47158175520146,30.837334588316963,2.078546131393948,39.29837047314696,24.17220724182988,0.0,0.47,2.54,327948.31719495624,12936.260801666487,126.0,19851.508273250027,12.040864153624897,DHS Ghana 2003 (regional) + WHO GHO (national),WHO Global TB Programme (national 2013-2024),Ghana Statistical Service 2021 Census,"Ghana 260-district basemap (post-2018 Local Governance Act); Guan District (Oti Region) added as a 261st row sharing its parent Krachi East Municipal polygon for adjacency purposes (no distinct legacy polygon exists) -- structural-gap convention, not a distinct surveyed boundary",0.0158484083553304,3,0.388,0,Not Significant,0.1538288162491027,1,0.347,0,Not Significant,-0.1757430144311403,0.38800001,Not Significant,9.015087358045491,1.8047569443847016,0.1911171165061212,-0.0956634900083866,0.724093530230385,0.0212142857142857,0.0036606183,1.5719934698375824e-05,0.0260429360479892,0.0127333900061328
CENTRAL,CAPE COAST METROPOLITAN,CENTRAL,CAPE COAST METROPOLITAN,,5.530626336363632,-1.1449043731652988,119024.0,34953.63636363636,36926.72727272727,24.518181818181816,43.429994381436266,48.35684382942628,20.53786210434697,48.06788025016401,57.913142660993735,1.0256857447447407,59.91984740183338,,1.7,0.2999999999999998,1.006517633193797,51.40714285714287,34.83333333333332,24.15714285714285,33.33333333333333,49.79999999999999,37.74671684633035,89.14599386570036,7.07924739649838,89.33536465091099,57.70717016102228,32.71134643203909,2.3377419041823067,38.546540685125365,26.953310958683257,0.0,0.4699999999999997,2.54,329493.83614190604,13131.42402179745,126.0,19981.68815873628,11.91182190095522,DHS Ghana 2003 (regional) + WHO GHO (national),WHO Global TB Programme (national 2013-2024),Ghana Statistical Service 2021 Census,"Ghana 260-district basemap (post-2018 Local Governance Act); Guan District (Oti Region) added as a 261st row sharing its parent Krachi East Municipal polygon for adjacency purposes (no distinct legacy polygon exists) -- structural-gap convention, not a distinct surveyed boundary",1.0826788688377058,3,0.026,1,Low-Low,0.9939575688190784,3,0.044,1,Low-Low,-1.0467105548054134,0.026,Not Significant,7.215017824037242,1.0294525609481076,0.180204578030257,-0.2169004875421109,0.9721880048132788,0.0,0.00048430244,2.4587153485703617e-08,0.0255115743692791,0.0064989753481667
CENTRAL,KOMENDA-EDINA-EGUAFO-ABIREM MUNICIPAL,CENTRAL,KOMENDA-EDINA-EGUAFO-ABIREM MUNICIPAL,,5.530626336363632,-1.1449043731652988,119024.0,34953.63636363636,36926.72727272727,24.518181818181816,43.51656743387028,50.39787560153023,20.930332357749634,43.76554610189309,56.64563364671494,0.9416853934727338,59.91984740183338,,1.7,0.2999999999999999,0.9950233638083786,51.40714285714287,34.833333333333336,24.15714285714285,33.333333333333336,49.79999999999999,38.23968533698128,89.14599386570036,7.07924739649838,89.33536465091099,57.70717016102228,32.71134643203909,2.3377419041823067,38.546540685125365,26.953310958683257,0.0,0.4699999999999999,2.54,332332.51564278593,12889.41039385445,126.0,19939.6008101408,11.9526766495476,DHS Ghana 2003 (regional) + WHO GHO (national),WHO Global TB Programme (national 2013-2024),Ghana Statistical Service 2021 Census,"Ghana 260-district basemap (post-2018 Local Governance Act); Guan District (Oti Region) added as a 261st row sharing its parent Krachi East Municipal polygon for adjacency purposes (no distinct legacy polygon exists) -- structural-gap convention, not a distinct surveyed boundary",0.077928109659913,3,0.455,0,Not Significant,0.2257948944770897,3,0.329,0,Not Significant,-0.0790609431871762,0.45500001,Not Significant,7.162003596528318,0.94420316760488,0.1608660772628997,-0.4157398349080763,0.973750434871446,0.0,0.00048430244,2.4587153485703617e-08,0.0255115743692791,0.0064989753481667
BONO,BANDA,Bono,Banda,District,8.1645269,-2.3569966,28179.0,8765.0,7659.0,35.7,43.85481039759252,56.62755883475074,45.93050092741814,25.734371800568127,65.85257559254585,1.1336128264342342,58.28453813123248,Brong-Ahafo,3.8,1.3,2.55,55.40714285714286,26.26666666666667,21.057142857142857,33.333333333333336,69.31210195910232,41.260000000000005,97.19139465918018,16.879147882883892,83.65189947808854,65.82988651026946,27.207784783552626,1.7690969574040531,41.55777106188442,27.392059652399706,1.0,0.4699999999999999,2.54,329800.2828705311,13014.487254570458,126.0,19932.93125750861,11.974688962273584,DHS Ghana 2003 (regional) + WHO GHO (national),WHO Global TB Programme (national 2013-2024),Ghana Statistical Service 2021 Census,"Ghana 260-district basemap (post-2018 Local Governance Act); Guan District (Oti Region) added as a 261st row sharing its parent Krachi East Municipal polygon for adjacency purposes (no distinct legacy polygon exists) -- structural-gap convention, not a distinct surveyed boundary",-0.0947838531082091,4,0.422,0,Not Significant,-0.0033588746370926,4,0.498,0,Not Significant,-0.1060046219494998,0.422,Not Significant,7.676520164332447,1.965249491246675,0.1625452797996503,0.1524154609894423,0.8387968062558856,0.4463420634920636,0.83661455,0.7946241044962375,0.6944732735132342,0.6930134976653848
WESTERN NORTH,SEFWI-WIAWSO,WESTERN NORTH,SEFWI-WIAWSO,,6.353218683333331,-2.942471394054138,71412.16666666667,22590.166666666668,20511.33333333333,26.15,41.74295026185796,48.87309938137153,44.46918086365371,34.182246875762715,58.2992458360108,1.071513138004306,60.56995134332232,,3.401357313528854,1.8,2.611672764506773,53.73571428571429,31.466666666666672,22.82857142857144,33.43550316877642,68.75321450086848,39.94966033069455,104.00500925197906,16.701601627556496,91.00068045894648,60.70111842538984,27.28148946422797,2.181839323909185,37.62333534642918,21.606138357334384,0.8333333333333334,0.4653478717116253,2.550563305629741,325911.15722109063,13053.551924191806,126.0,20020.870224792467,12.032380464517992,DHS Ghana 2003 (regional) + WHO GHO (national),WHO Global TB Programme (national 2013-2024),Ghana Statistical Service 2021 Census,"Ghana 260-district basemap (post-2018 Local Governance Act); Guan District (Oti Region) added as a 261st row sharing its parent Krachi East Municipal polygon for adjacency purposes (no distinct legacy polygon exists) -- structural-gap convention, not a distinct surveyed boundary",0.4581957749961032,1,0.053,0,Not Significant,0.0277220765911397,1,0.472,0,Not Significant,0.5536784386883085,0.053,Not Significant,7.241418507976678,0.6816589097097894,0.1560972752620042,-0.3077136565663458,0.7719717468214058,0.1575126984126984,0.063033834,0.0001548328255785,0.035776608406255,0.0641194934360754
BONO,JAMAN NORTH,Bono,Jaman North,District,7.9132614,-2.69723280400663,116529.0,34679.0,35066.0,14.5,42.10155397313155,52.23496468456306,28.83167554600309,8.150415690998228,58.51803731589739,1.0035094293728182,59.85205399514284,Brong-Ahafo,3.8,1.3,2.55,55.40714285714286,26.266666666666666,21.057142857142857,33.333333333333336,69.76615277894723,41.260000000000005,132.72136918697527,12.81240550740828,92.6092197390341,70.84099834914832,30.89549110034185,2.105731875109269,34.53894804350467,22.30778450522195,0.0,0.47,2.54,331619.44144403574,12932.048566334306,126.0,20124.0383704216,12.105435691174726,DHS Ghana 2003 (regional) + WHO GHO (national),WHO Global TB Programme (national 2013-2024),Ghana Statistical Service 2021 Census,"Ghana 260-district basemap (post-2018 Local Governance Act); Guan District (Oti Region) added as a 261st row sharing its parent Krachi East Municipal polygon for adjacency purposes (no distinct legacy polygon exists) -- structural-gap convention, not a distinct surveyed boundary",0.0229839419317016,1,0.277,0,Not Significant,0.0237887636879096,1,0.499,0,Not Significant,0.302523125867223,0.27700001,Not Significant,7.637632884023991,1.7033814566327787,0.1196809756588549,-0.2902901598792942,0.7360376281941847,0.0643571428571428,0.0066875685,1.697448349699752e-05,0.0294789590909871,0.0251351612330662
AHAFO,ASUNAFO SOUTH,Ahafo,Asunafo South,District,6.56280465,-2.53279356335542,91693.0,27748.0,26493.0,26.2,42.98316984216391,43.04621082873218,27.679186546745434,37.95565568516474,63.14748708947748,1.0551577692233705,59.15500637998539,Brong-Ahafo,3.8,1.291313647127522,2.55,55.40714285714286,26.266666666666666,21.057142857142857,33.17252254915232,68.60156249335066,41.260000000000005,121.69191589466658,11.635564891435756,90.64517832618372,57.20648450094773,31.46408175703348,2.0626466593266617,37.92954826463728,25.442362935930475,0.0,0.4699999999999999,2.5400000000000005,330934.7242252674,12998.903758363898,126.0,19928.06283632748,12.107316538932835,DHS Ghana 2003 (regional) + WHO GHO (national),WHO Global TB Programme (national 2013-2024),Ghana Statistical Service 2021 Census,"Ghana 260-district basemap (post-2018 Local Governance Act); Guan District (Oti Region) added as a 261st row sharing its parent Krachi East Municipal polygon for adjacency purposes (no distinct legacy polygon exists) -- structural-gap convention, not a distinct surveyed boundary",-0.019894294115366,2,0.357,0,Not Significant,-0.0133008252794625,4,0.492,0,Not Significant,0.1293190105162285,0.357,Not Significant,7.325250693736968,0.7556663829718014,0.1468128406000745,-0.3949904215138399,0.7078389855249417,0.1329634920634921,0.013457262,3.954121988090104e-05,0.0346013866832516,0.0452654204809631
BONO,TAIN,Bono,Tain,District,7.9614185,-2.1422727,115568.0,34230.0,33737.0,21.5,41.69218176397855,47.16588905134552,34.89229176940947,15.752104415048352,61.745648355171646,1.0850448805607604,58.81126263325488,Brong-Ahafo,3.8,1.3,2.55,55.40714285714286,26.266666666666666,21.057142857142857,33.333333333333336,69.95355169967675,41.260000000000005,125.81108001699926,13.730016441006075,87.4388290809404,63.98444123009244,27.86022968773576,2.4344138404284856,40.43865708308589,21.718846956609845,0.0,0.47,2.54,327484.1982606897,12879.333377204532,126.0,19939.128954912125,11.981620887947766,DHS Ghana 2003 (regional) + WHO GHO (national),WHO Global TB Programme (national 2013-2024),Ghana Statistical Service 2021 Census,"Ghana 260-district basemap (post-2018 Local Governance Act); Guan District (Oti Region) added as a 261st row sharing its parent Krachi East Municipal polygon for adjacency purposes (no distinct legacy polygon exists) -- structural-gap convention, not a distinct surveyed boundary",0.0785951117202252,1,0.221,0,Not Significant,0.1702976669272974,1,0.298,0,Not Significant,0.3095265591806102,0.221,Not Significant,8.007969631890976,1.710587331414574,0.1357148442125335,-0.2618009325530915,0.7196874068924688,0.0467285714285714,0.002654266,8.674980358726948e-06,0.0283491792685338,0.0194351729388722
BONO EAST,NKORANZA SOUTH,BONO EAST,NKORANZA SOUTH,,7.81781426111111,-1.3484530639301169,104867.88888888888,30459.0,30664.0,27.73333333333333,41.95661143783753,45.90445878386543,41.00275717930275,25.03594545270369,66.48629080450903,1.072149359139102,57.55202953208017,,3.8,1.3000000000000005,2.55,55.40714285714286,26.266666666666666,21.057142857142857,33.333333333333336,68.88853720816651,41.260000000000005,115.85320508826418,14.46607830070406,93.30111644617844,68.274315495994,29.36766495582812,2.499976320251037,41.28176640975189,21.79558112577937,0.4444444444444444,0.4699999999999999,2.54,330932.0747459564,12947.6614688545,126.0,20190.54217961981,11.923735445364832,DHS Ghana 2003 (regional) + WHO GHO (national),WHO Global TB Programme (national 2013-2024),Ghana Statistical Service 2021 Census,"Ghana 260-district basemap (post-2018 Local Governance Act); Guan District (Oti Region) added as a 261st row sharing its parent Krachi East Municipal polygon for adjacency purposes (no distinct legacy polygon exists) -- structural-gap convention, not a distinct surveyed boundary",-0.2147251358241672,4,0.158,0,Not Significant,-0.1215205545066921,4,0.366,0,Not Significant,-0.5379930149738337,0.15800001,Not Significant,10.15378547370532,1.804443963360443,0.2403294091667855,0.0407052052275111,0.6709191550368434,0.2199785714285713,0.030790394,0.0001218048229024,0.0441700258787108,0.0737651990755642
ASHANTI,SEKYERE KUMAWU,Ashanti,Sekyere Kumawu,District,6.9098849,-1.23942940155571,64396.0,17308.0,19228.0,23.9,43.23031678409213,50.25029267708916,18.375311992818897,39.13105745667974,64.5551219584567,0.888072158288046,56.73644325734518,Ashanti,2.4846521344657653,1.3,1.9,56.86428571428571,29.03333333333333,22.928571428571427,33.31666666666666,72.84590441371819,43.31,91.54847083577164,10.023162361753355,87.66015611499992,50.33538371490883,31.280127542986516,1.662092062276145,38.31866660291653,27.774231566049124,0.0,0.47,2.54,331858.548204633,13122.47067468458,126.0,20148.42534793433,11.906941966448844,DHS Ghana 2003 (regional) + WHO GHO (national),WHO Global TB Programme (national 2013-2024),Ghana Statistical Service 2021 Census,"Ghana 260-district basemap (post-2018 Local Governance Act); Guan District (Oti Region) added as a 261st row sharing its parent Krachi East Municipal polygon for adjacency purposes (no distinct legacy polygon exists) -- structural-gap convention, not a distinct surveyed boundary",0.1031482656015465,3,0.297,0,Not Significant,-0.0101222262912281,4,0.143,0,Not Significant,-0.2226829243771061,0.297,Not Significant,7.0330137236903605,1.1148819588498398,0.1501561578859819,-0.2423721761282636,0.832247060360213,0.0216904761904761,0.001120532,4.859940808676286e-07,0.026530486549859,0.0123354951955877
SAVANNAH,BOLE,Savannah,Bole,District,8.69166865,-2.17855621492469,115800.0,36043.0,32286.0,37.2,45.21819575022469,61.668487241513375,49.17120750346646,8.890198287936219,57.82759889613273,1.102332671805272,59.00604490500864,Northern (pre 2022),0.7,0.8,0.7505879016740122,35.45,19.31278448956592,15.114285714285714,33.39107675886977,30.55,38.95023788622714,93.48605907068752,5.282870672710874,84.5170012986267,63.93876690447295,22.905438443788224,1.581676988484138,29.611564839143966,33.33988754498283,0.0,0.47,2.54,332343.79971929966,12895.311402464758,126.0,19936.026882297872,12.059064346552075,DHS Ghana 2003 (regional) + WHO GHO (national),WHO Global TB Programme (national 2013-2024),Ghana Statistical Service 2021 Census,"Ghana 260-district basemap (post-2018 Local Governance Act); Guan District (Oti Region) added as a 261st row sharing its parent Krachi East Municipal polygon for adjacency purposes (no distinct legacy polygon exists) -- structural-gap convention, not a distinct surveyed boundary",-0.0781576976067165,2,0.433,0,Not Significant,0.3303194671108081,3,0.251,0,Not Significant,0.0510567472223316,0.433,Not Significant,7.57510841985514,1.938142247879996,0.1935407858778791,0.4523704889334171,0.8704703024568069,0.0935944444444444,0.013750977,2.670155325287848e-05,0.0297275845665156,0.0342749268617719
ASHANTI,SEKYERE AFRAM PLAINS NORTH,ASHANTI,SEKYERE AFRAM PLAINS NORTH,,6.648968471212119,-1.5710996271278177,121878.81818181818,36505.0,37998.333333333336,21.23333333333333,43.09903741221524,49.34426134013936,15.788789269892751,30.59478027081513,55.85023314868717,1.0218827342543078,60.40712501501989,,2.490609230426572,1.2999999999999998,1.9,56.8642857142857,29.03333333333333,22.928571428571427,33.316666666666656,72.78714191531888,43.31,115.5257832149487,10.538249727084729,90.77941777709772,65.48132841962365,34.71769297793984,2.64667986240882,40.68058247570054,23.965784469313288,0.0303030303030303,0.47,2.5400000000000005,328700.64203481324,13139.395152122284,126.0,20221.47042939298,12.001440354601849,DHS Ghana 2003 (regional) + WHO GHO (national),WHO Global TB Programme (national 2013-2024),Ghana Statistical Service 2021 Census,"Ghana 260-district basemap (post-2018 Local Governance Act); Guan District (Oti Region) added as a 261st row sharing its parent Krachi East Municipal polygon for adjacency purposes (no distinct legacy polygon exists) -- structural-gap convention, not a distinct surveyed boundary",-0.0917897013308146,2,0.244,0,Not Significant,-0.0169489293312686,4,0.061,0,Not Significant,0.2488593430176365,0.244,Not Significant,6.9107715882049,-0.1175516962666578,0.2177976016333826,0.1186414063712218,0.926653196975848,0.0,0.000768791,7.703545722415979e-07,0.0255161418576258,0.0065714258058167
ASHANTI,ASANTE AKIM NORTH,ASHANTI,ASANTE AKIM NORTH,,6.648968471212119,-1.5710996271278177,121878.81818181818,36505.0,37998.333333333336,21.23333333333333,43.174926662763134,46.102734528869085,20.88382429898659,30.199270009765858,60.93060987084832,1.0238622716361836,60.40712501501989,,2.50140699620761,1.2999999999999998,1.9,56.86428571428571,29.03333333333333,22.928571428571427,33.316666666666656,71.87818713345811,43.31,115.5257832149487,10.538249727084729,90.77941777709772,65.48132841962365,34.71769297793984,2.64667986240882,40.68058247570054,23.965784469313288,0.0303030303030303,0.4699999999999999,2.5400000000000005,329173.396270544,12907.656125648871,126.0,19932.0362131484,12.086150518423963,DHS Ghana 2003 (regional) + WHO GHO (national),WHO Global TB Programme (national 2013-2024),Ghana Statistical Service 2021 Census,"Ghana 260-district basemap (post-2018 Local Governance Act); Guan District (Oti Region) added as a 261st row sharing its parent Krachi East Municipal polygon for adjacency purposes (no distinct legacy polygon exists) -- structural-gap convention, not a distinct surveyed boundary",0.1806101436355008,3,0.162,0,Not Significant,-0.0118225692377864,4,0.14,0,Not Significant,-0.4938568703338475,0.162,Not Significant,7.068393895044958,0.8151422315291823,0.171348322074494,-0.1323153985326649,0.9110309298049968,0.0,0.000768791,7.703545722415979e-07,0.0255161418576258,0.0065714258058167
ASHANTI,ASANTE AKIM CENTRAL MUNICIPAL,Ashanti,Asante Akim Central Municipal,Municipal,6.56465915,-1.25347851347396,91673.0,27013.0,29228.0,16.9,42.23991103340841,50.6431132467858,14.632770764593912,17.40437738629452,55.295332538977554,0.8836236313565468,61.349579483599314,Ashanti,2.4910492013933703,1.3,1.9,56.864285714285714,29.03333333333333,22.928571428571427,33.31666666666666,72.91414497402273,43.31,117.1058523147362,7.3057550206928035,93.151605265061,81.46552320476549,41.69163974275537,3.639247614826541,48.93548211402957,17.792719321223395,0.0,0.47,2.54,330511.42430906434,13014.404498484724,126.0,20053.52978343584,11.894617460436727,DHS Ghana 2003 (regional) + WHO GHO (national),WHO Global TB Programme (national 2013-2024),Ghana Statistical Service 2021 Census,"Ghana 260-district basemap (post-2018 Local Governance Act); Guan District (Oti Region) added as a 261st row sharing its parent Krachi East Municipal polygon for adjacency purposes (no distinct legacy polygon exists) -- structural-gap convention, not a distinct surveyed boundary",0.3623122746956852,3,0.198,0,Not Significant,-0.0089279818269943,4,0.187,0,Not Significant,-0.368158170056637,0.198,Not Significant,6.829351017536684,1.2503205205359258,0.1192712034425822,-0.4049026745572572,0.887643593359675,0.0011428571428571,0.0011451785,9.988588057381018e-07,0.0255594644314949,0.0069621247213229
BONO EAST,KINTAMPO NORTH MUNICIPAL,Bono East,Kintampo North Municipal,Municipal,8.053714,-1.728919,140250.0,39911.0,40681.0,28.1,42.92968986222285,53.30486884709952,43.6038497001583,28.31869573730684,64.33566519448804,0.9836296251294232,57.46310160427808,Brong-Ahafo,3.8,1.2999999999999996,2.55,55.40714285714286,26.266666666666666,21.057142857142857,33.333333333333336,69.28877930916191,41.260000000000005,157.849025094677,20.659273989461777,94.3359050785009,75.9822392967082,35.89396129692405,3.2172045820039106,46.83266901199573,22.120650265364592,1.0,0.47,2.5400000000000005,328211.396136877,13007.618066335875,126.0,20109.742562428244,12.076310721115332,DHS Ghana 2003 (regional) + WHO GHO (national),WHO Global TB Programme (national 2013-2024),Ghana Statistical Service 2021 Census,"Ghana 260-district basemap (post-2018 Local Governance Act); Guan District (Oti Region) added as a 261st row sharing its parent Krachi East Municipal polygon for adjacency purposes (no distinct legacy polygon exists) -- structural-gap convention, not a distinct surveyed boundary",-0.6130191223718231,4,0.217,0,Not Significant,-0.5112647294261772,4,0.081,0,Not Significant,-0.3778279704157887,0.217,Not Significant,7.881902079436379,1.9685787114252165,0.2233139944154178,0.8883090600952583,0.8726022826064512,0.7672095238095236,0.9878043,0.9998518735987736,0.9418774169341608,0.9241857769937412
ASHANTI,ASOKORE MAMPONG MUNICIPAL,Ashanti,Asokore Mampong Municipal,Municipal,6.7077852,-1.5665013,191402.0,58782.0,62187.0,11.3,43.10193492684695,49.85158904213544,24.516311367401347,22.15872047529495,50.066551776030096,0.9702884922037308,63.20153394426391,Ashanti,2.51523932701637,1.3,1.9,56.864285714285714,29.03333333333333,22.928571428571427,33.31666666666666,71.61698784112549,43.31,139.6736951498169,11.696751796755184,93.1661022470116,83.42603785615741,36.7210880356417,3.336819068267205,47.17118204489834,22.07466965463452,0.0,0.47,2.54,329270.3366168902,12995.576251415448,126.0,19959.34202449613,12.128922379647426,DHS Ghana 2003 (regional) + WHO GHO (national),WHO Global TB Programme (national 2013-2024),Ghana Statistical Service 2021 Census,"Ghana 260-district basemap (post-2018 Local Governance Act); Guan District (Oti Region) added as a 261st row sharing its parent Krachi East Municipal polygon for adjacency purposes (no distinct legacy polygon exists) -- structural-gap convention, not a distinct surveyed boundary",0.0852310972087734,3,0.096,0,Not Significant,0.0169994405112137,1,0.054,0,Not Significant,-0.6040504585092211,0.096,Not Significant,7.1483688689215565,1.4292234428639403,0.1332622623957517,-0.2668110784029556,0.6757041063056087,0.0016,0.0014484567,7.832127773438218e-07,0.025768885904642,0.0072045314452644
BONO EAST,ATEBUBU AMANTIN,BONO EAST,ATEBUBU AMANTIN,,7.81781426111111,-1.3484530639301169,104867.88888888888,30459.0,30664.0,27.73333333333333,41.72996342179124,44.74960918570972,36.6334241533422,21.765398705192275,68.1253647432594,1.04802344548043,57.55202953208017,,3.8,1.3000000000000005,2.55,55.40714285714286,26.266666666666666,21.057142857142857,33.333333333333336,68.88575707280799,41.260000000000005,115.85320508826418,14.46607830070406,93.30111644617844,68.274315495994,29.36766495582812,2.499976320251037,41.28176640975189,21.79558112577937,0.4444444444444444,0.47,2.54,331140.7606156251,13016.270130312254,126.0,19933.03231436301,11.932534125803524,DHS Ghana 2003 (regional) + WHO GHO (national),WHO Global TB Programme (national 2013-2024),Ghana Statistical Service 2021 Census,"Ghana 260-district basemap (post-2018 Local Governance Act); Guan District (Oti Region) added as a 261st row sharing its parent Krachi East Municipal polygon for adjacency purposes (no distinct legacy polygon exists) -- structural-gap convention, not a distinct surveyed boundary",0.0656915273948728,1,0.306,0,Not Significant,-0.4924073276242159,4,0.059,0,Not Significant,0.1665901265006458,0.306,Not Significant,7.8919372045642255,1.1520160359156926,0.2431070800292343,0.554261126000215,0.8672731592951396,0.2199785714285713,0.030790394,0.0001218048229024,0.0441700258787108,0.0737651990755642
ASHANTI,KWADASO MUNICIPAL,Ashanti,Kwadaso Municipal,Municipal,6.68059249999999,-1.67467000057054,154526.0,50312.0,52889.0,9.5,42.45023316696911,48.74898688940673,9.393834528014716,20.095799905270862,43.98741011105876,0.9889382207667674,66.78552476605878,Ashanti,2.5218636130007512,1.3,1.9,56.864285714285714,29.03333333333333,22.928571428571427,33.31666666666666,72.22931127255168,43.31,121.2405860826351,8.987652362591614,95.40688845834858,76.37881045026975,42.88412258657726,3.6085843603319616,51.17282473227167,20.859675743168268,0.0,0.4699999999999999,2.54,332126.0658747161,12941.440387188526,126.0,20116.0666301207,12.007721922230791,DHS Ghana 2003 (regional) + WHO GHO (national),WHO Global TB Programme (national 2013-2024),Ghana Statistical Service 2021 Census,"Ghana 260-district basemap (post-2018 Local Governance Act); Guan District (Oti Region) added as a 261st row sharing its parent Krachi East Municipal polygon for adjacency purposes (no distinct legacy polygon exists) -- structural-gap convention, not a distinct surveyed boundary",0.2305696732976498,3,0.235,0,Not Significant,-0.000593454483912,4,0.483,0,Not Significant,-0.3476008152141444,0.235,Not Significant,7.233513569833772,1.4673335530834997,0.1316934133366132,-0.2571436472293511,0.6527972126896345,0.0109619047619047,0.0009945504,4.203690393658637e-08,0.0257677836192645,0.0094310702078813
NORTHERN,KPANDAI,Northern,Kpandai,District,8.4635789,-0.0119853,126213.0,32983.0,33691.0,48.6,42.65131484449504,36.51321825125607,50.565202756719856,57.37585550184007,84.20002774761238,0.9836418808349516,52.826570955448325,Northern (pre 2022),0.6990144542046794,0.8054755626767637,0.7537977823111268,35.78249643898729,19.08968515575605,15.114285714285714,33.200603532916766,30.73367605383084,38.718659932455225,66.68308996488086,10.432753373182369,88.27097389517436,53.87387117297882,22.387831023581604,2.249497795678927,37.48640620630601,25.422007957091758,0.0,0.4677718015640289,2.5599615278928463,332374.28094205726,13126.262223110596,126.0,19878.959353607228,11.920352995516348,DHS Ghana 2003 (regional) + WHO GHO (national),WHO Global TB Programme (national 2013-2024),Ghana Statistical Service 2021 Census,"Ghana 260-district basemap (post-2018 Local Governance Act); Guan District (Oti Region) added as a 261st row sharing its parent Krachi East Municipal polygon for adjacency purposes (no distinct legacy polygon exists) -- structural-gap convention, not a distinct surveyed boundary",0.3890609179730476,3,0.004,1,Low-Low,2.3776373997383584,3,0.001,1,Low-Low,-1.0060609642170064,0.004,Not Significant,7.535509936201601,1.6389130510354448,0.1792033067209828,-0.4929575316604775,0.925382668341274,0.1126404761904761,0.087549135,0.0005097426233407,0.0358268745307671,0.0591315571083761
ASHANTI,EJISU MUNICIPAL,Ashanti,Ejisu Municipal,Municipal,6.7139918,-1.4665782,180723.0,53047.0,57696.0,13.5,43.44727861754962,50.5903866612187,16.912784979145425,16.411413967820767,61.25164897560705,0.9276391587583034,61.2777565666794,Ashanti,2.5201261275357885,1.3,1.9,56.864285714285714,29.03333333333333,22.928571428571427,33.31666666666666,72.01179049097534,43.31,147.74188411500845,8.590391324133565,92.987918575202,79.32345569744989,41.8570473285299,3.301918701534254,47.590043732344434,22.224833078934715,0.0,0.4699999999999999,2.54,332614.4820180217,12939.869730051074,126.0,20046.187554416767,12.043959525572207,DHS Ghana 2003 (regional) + WHO GHO (national),WHO Global TB Programme (national 2013-2024),Ghana Statistical Service 2021 Census,"Ghana 260-district basemap (post-2018 Local Governance Act); Guan District (Oti Region) added as a 261st row sharing its parent Krachi East Municipal polygon for adjacency purposes (no distinct legacy polygon exists) -- structural-gap convention, not a distinct surveyed boundary",0.3577649645804671,3,0.106,0,Not Significant,0.0036104459177658,1,0.359,0,Not Significant,-0.4828294123199456,0.106,Not Significant,6.8752346263957165,1.355369434327219,0.1247191160658288,-0.3331674305775111,0.8077309130891509,0.004,0.0025558064,2.2743534056873232e-06,0.0255522380936739,0.0080275797174214
OTI,NKWANTA NORTH,OTI,NKWANTA NORTH,,7.85173986,0.288971759939309,94418.2,26298.2,26036.6,38.52,41.47828866654639,41.32303856368424,34.99184383393745,45.66781908578334,71.56881841635766,1.018734122463105,55.580795717373135,,1.2064354151316483,0.3011977491602021,0.7455195822082415,53.15714285309095,41.46666670038191,29.342857142857145,33.33333328152812,34.171495219827555,45.649327657748685,55.08374525972313,5.0,93.42408871793806,60.72158145254648,30.469044413446035,2.735554762286726,43.27806178287706,19.921004955249245,0.0,0.4699999999999999,2.530587392549471,328085.9301412063,13141.517218547138,126.0,19995.94359639344,11.901543907136553,DHS Ghana 2003 (regional) + WHO GHO (national),WHO Global TB Programme (national 2013-2024),Ghana Statistical Service 2021 Census,"Ghana 260-district basemap (post-2018 Local Governance Act); Guan District (Oti Region) added as a 261st row sharing its parent Krachi East Municipal polygon for adjacency purposes (no distinct legacy polygon exists) -- structural-gap convention, not a distinct surveyed boundary",1.5795709115316792,3,0.021,1,Low-Low,2.1657882439391174,3,0.004,1,Low-Low,-1.102793936405619,0.021,Not Significant,7.567735742060682,1.608478670378929,0.1765994385566401,-0.6035058013224439,0.9129412660329498,0.0068,0.0010459801,1.5378424051135366e-06,0.0257742180465869,0.0084054340076225
OTI,BIAKOYE,Oti,Biakoye,District,7.39217985,0.262973639210098,71827.0,20259.0,20321.0,34.2,42.7273741802953,41.44824898522198,26.89205489076869,41.25668269567562,63.239257073536045,0.9893682099898362,56.496860512063705,Volta (pre 2022),1.2084799457479976,0.2991026006017468,0.744934023682833,53.15714285784456,41.46666671347084,29.342857142857145,33.333333304038014,34.23769756115622,45.75279568565456,44.917218040546,5.0,94.10400717481082,56.78826443346906,30.46595399653071,2.0633888858816345,35.906020512365124,24.62769836271622,0.0,0.47,2.5147816507758134,329262.59961651976,13109.075935129767,126.0,19982.05411823089,12.000578433887233,DHS Ghana 2003 (regional) + WHO GHO (national),WHO Global TB Programme (national 2013-2024),Ghana Statistical Service 2021 Census,"Ghana 260-district basemap (post-2018 Local Governance Act); Guan District (Oti Region) added as a 261st row sharing its parent Krachi East Municipal polygon for adjacency purposes (no distinct legacy polygon exists) -- structural-gap convention, not a distinct surveyed boundary",1.5171126719339827,3,0.002,1,Low-Low,1.9983054469610508,3,0.001,1,Low-Low,-1.059408784750754,0.002,Not Significant,6.384399633871519,0.5531279318525524,0.1142770790165279,-0.1454203875079945,0.9645474944389024,0.0092142857142857,0.0012091162,3.78123886955445e-07,0.0257857113894188,0.0090523728547986
WESTERN,WASSA AMENFI EAST,WESTERN,WASSA AMENFI EAST,,5.164444985714285,-1.9217231254902143,119271.42857142857,36725.0,36147.42857142857,28.4,43.46935952173349,46.88337981245673,27.15628832297859,41.59500234709726,56.29377619011924,0.9772414710286954,60.84792221998605,,3.3999999999999995,1.8000000000000005,2.6,53.73571428571428,31.466666666666665,22.82857142857143,33.333333333333336,68.51263733061116,39.96999999999999,149.59752312955783,17.93311123275499,88.44843096904042,61.85986650673571,32.44421409626732,2.3463924902945945,37.69426740562294,25.374240299663573,0.8571428571428571,0.4699999999999997,2.54,328370.87899700913,12983.904963223576,126.0,20228.519268914886,12.00807112713524,DHS Ghana 2003 (regional) + WHO GHO (national),WHO Global TB Programme (national 2013-2024),Ghana Statistical Service 2021 Census,"Ghana 260-district basemap (post-2018 Local Governance Act); Guan District (Oti Region) added as a 261st row sharing its parent Krachi East Municipal polygon for adjacency purposes (no distinct legacy polygon exists) -- structural-gap convention, not a distinct surveyed boundary",-0.0571920984111923,4,0.466,0,Not Significant,-0.1822117216360588,4,0.29,0,Not Significant,-0.0492658603051779,0.466,Not Significant,7.265200371006399,1.0652818201677852,0.0995886215182594,-0.7574715493751704,0.9435281731616992,0.0290484126984127,0.018268015,6.97848361708354e-05,0.0284137490559105,0.0189499904565391
SAVANNAH,CENTRAL GONJA,Savannah,Central Gonja,District,8.93715119999999,-1.10983922943129,142762.0,36113.0,37012.0,61.8,45.89722668910939,71.2447692257155,58.456155406681766,54.63102266918384,92.5826784465974,0.9644948064738044,51.22161359465404,Northern (pre 2022),0.7,0.8,0.741648301727009,35.45,19.394900207981184,15.114285714285714,33.365011991710055,30.55,38.61337838477361,115.70581981278008,11.547679405788488,77.94685971418714,44.93818314527615,23.81630457672673,1.4207362663088328,31.188230806444945,36.4716272926769,0.0,0.47,2.54,328444.4592480508,12938.132341636992,126.0,19979.040736547824,12.14086509304069,DHS Ghana 2003 (regional) + WHO GHO (national),WHO Global TB Programme (national 2013-2024),Ghana Statistical Service 2021 Census,"Ghana 260-district basemap (post-2018 Local Governance Act); Guan District (Oti Region) added as a 261st row sharing its parent Krachi East Municipal polygon for adjacency purposes (no distinct legacy polygon exists) -- structural-gap convention, not a distinct surveyed boundary",0.031060356769219,3,0.319,0,Not Significant,0.5968761731534676,3,0.118,0,Not Significant,-0.1830892715568038,0.31900001,Not Significant,7.69118045878048,1.7745855317251704,0.2250289165193536,0.8726948373297564,0.8529639991050623,0.2018507936507937,0.12102123,6.364267394621779e-05,0.0413190710277545,0.0910636852128861
GREATER ACCRA,TEMA WEST MUNICIPAL,Greater Accra,Tema West Municipal,Municipal,5.65076355,-0.0688760444019398,196224.0,66160.0,67893.0,8.2,42.22384328354045,43.4927052697123,4.787911700778911,41.68700071059185,37.32166707152871,0.9697725965269736,68.31631196999348,Greater Accra,2.6000000000000005,1.4,1.9849076106038408,55.53571428571429,43.53333333333334,31.47142857142857,33.33333333333333,60.05,52.970000000000006,138.81100892016008,8.120494985885111,98.0,69.62436225113535,42.24573493352494,3.7801503904973552,50.13972905154122,15.36271937046306,0.0,0.47,2.5400000000000005,326605.23102245654,12945.482251383588,126.0,19995.521169758067,11.973516350589067,DHS Ghana 2003 (regional) + WHO GHO (national),WHO Global TB Programme (national 2013-2024),Ghana Statistical Service 2021 Census,"Ghana 260-district basemap (post-2018 Local Governance Act); Guan District (Oti Region) added as a 261st row sharing its parent Krachi East Municipal polygon for adjacency purposes (no distinct legacy polygon exists) -- structural-gap convention, not a distinct surveyed boundary",0.011158342715411,3,0.486,0,Not Significant,0.1040041646547426,1,0.336,0,Not Significant,-0.016564239316884,0.486,Not Significant,8.054965056441457,2.7804130942845204,0.1518987496979068,-0.4575294160761148,0.9035863388397952,0.2295584415584415,0.10209009,0.002000918523045,0.0466281921022204,0.095069410674234
GREATER ACCRA,ASHAIMAN MUNICIPAL,Greater Accra,Ashaiman Municipal,Municipal,5.6993574,-0.0348533202566188,208060.0,68910.0,70025.0,7.5,43.7137418546867,39.050060515780736,8.976424653630064,36.43312505112773,44.337400506373264,0.9966199412201372,66.77641065077381,Greater Accra,2.6,1.4,2.0175183172381925,55.53571428571428,43.53333333333334,31.47142857142857,33.333333333333336,60.05,52.970000000000006,146.52703778643323,10.52904237445781,93.64852717635011,71.6085392850816,38.634716727324616,3.5680948700588573,47.57082957979148,22.43297730633073,0.0,0.4699999999999999,2.5400000000000005,331738.0832363785,13025.710800970915,126.0,20035.83849477952,11.947304115776417,DHS Ghana 2003 (regional) + WHO GHO (national),WHO Global TB Programme (national 2013-2024),Ghana Statistical Service 2021 Census,"Ghana 260-district basemap (post-2018 Local Governance Act); Guan District (Oti Region) added as a 261st row sharing its parent Krachi East Municipal polygon for adjacency purposes (no distinct legacy polygon exists) -- structural-gap convention, not a distinct surveyed boundary",0.0049103273752209,3,0.461,0,Not Significant,0.1040041646547426,1,0.334,0,Not Significant,-0.0147415006433274,0.486,Not Significant,8.094584829513659,2.7577300131682314,0.1568371833528949,-0.4337254397663467,0.902693203726801,0.0651023809523809,0.0099298395,8.33923289547723e-05,0.0288046054979749,0.0259800545752392
BONO EAST,PRU EAST,Bono East,Pru East,District,7.9636217,-0.9549861,100840.0,28721.0,28766.0,30.3,41.37868982709211,48.03086279006416,41.115510916084325,37.850842590976015,73.96559469937988,0.9696547225585456,57.00813169377231,Brong-Ahafo,3.8,1.3,2.55,55.40714285714286,26.266666666666666,21.057142857142857,33.333333333333336,69.43806185173187,41.260000000000005,102.62116570676224,16.21666192550451,90.82504392345392,68.26159743764633,26.268758803629712,2.6582692093364626,38.19974101914573,21.105034835061367,1.0,0.47,2.54,328965.9893116407,12896.387332987282,126.0,20128.767239442728,12.026237716606587,DHS Ghana 2003 (regional) + WHO GHO (national),WHO Global TB Programme (national 2013-2024),Ghana Statistical Service 2021 Census,"Ghana 260-district basemap (post-2018 Local Governance Act); Guan District (Oti Region) added as a 261st row sharing its parent Krachi East Municipal polygon for adjacency purposes (no distinct legacy polygon exists) -- structural-gap convention, not a distinct surveyed boundary",0.1513075915012163,1,0.284,0,Not Significant,-0.6597850178970011,4,0.04,1,High-Low,0.2077948136283071,0.28400001,Not Significant,8.04849722742137,1.8482570870678807,0.2424442454652004,0.776315749087721,0.911138562130782,0.8980023809523812,0.9952609,0.9998443416177728,0.9580876233029558,0.962798810042916
GREATER ACCRA,KPONE KATAMANSO,GREATER ACCRA,KPONE KATAMANSO,,5.624192658333333,-0.2349828662869439,173578.5,55808.77777777778,58485.944444444445,13.344444444444443,43.030596545068,46.02031283294085,8.905131500181566,36.649555855392606,39.634194685642335,0.9568173025476022,65.98249284508076,,2.6,1.3999999999999997,1.996182255845781,55.53571428571429,43.53333333333333,31.47142857142857,33.333333333333336,60.04999999999999,52.97000000000001,144.0384651859599,12.35353247494442,92.37824944419664,67.95737985565589,39.42698900961371,3.3474906506070354,45.87963772048502,22.56093875901817,0.1666666666666666,0.4699999999999999,2.5400000000000005,327532.4042556975,13112.86213941751,126.0,19946.77525889828,12.05534060823686,DHS Ghana 2003 (regional) + WHO GHO (national),WHO Global TB Programme (national 2013-2024),Ghana Statistical Service 2021 Census,"Ghana 260-district basemap (post-2018 Local Governance Act); Guan District (Oti Region) added as a 261st row sharing its parent Krachi East Municipal polygon for adjacency purposes (no distinct legacy polygon exists) -- structural-gap convention, not a distinct surveyed boundary",0.0011239980084168,3,0.449,0,Not Significant,0.1061928969905544,1,0.034,1,High-High,-0.0844370948438188,0.449,Not Significant,8.039519530794127,2.730092139873244,0.1535134810741457,-0.4931975846876058,0.9076398105447804,0.0006666666666666,0.0045890715,1.6067994964558213e-05,0.0259329575757606,0.0078011909336782
NORTHERN,SAVELUGU,NORTHERN,SAVELUGU,,9.373536909090909,-0.2253629781244969,102630.90909090907,25133.0,27125.090909090908,47.32727272727273,44.94851761200168,49.82321792698645,54.5348351124592,32.298121907279985,93.14197482886608,0.9162171628467848,50.71755224866092,,0.695459844858211,0.8037367160930705,0.7524514379000764,35.836432559489545,19.1108951593848,15.114285714285716,33.32693911243256,30.690327537010887,38.50021078423988,95.51841001423044,9.684657481160729,84.96003306783635,53.16703835104302,25.069892446248392,1.8733801613503849,34.36916470198193,30.744014448432328,0.0909090909090909,0.4658875919442335,2.5650170802171544,332112.1856820192,12924.552337108897,126.0,19862.363259770987,12.005276707301956,DHS Ghana 2003 (regional) + WHO GHO (national),WHO Global TB Programme (national 2013-2024),Ghana Statistical Service 2021 Census,"Ghana 260-district basemap (post-2018 Local Governance Act); Guan District (Oti Region) added as a 261st row sharing its parent Krachi East Municipal polygon for adjacency purposes (no distinct legacy polygon exists) -- structural-gap convention, not a distinct surveyed boundary",0.1085755350181914,3,0.336,0,Not Significant,0.3011270555380347,3,0.3,0,Not Significant,-0.2058318619712616,0.336,Not Significant,7.844889633382723,1.2715899024282238,0.2078771088414463,-0.4680579141212451,0.8127298444580026,0.0043,0.0065173847,3.0053412842060705e-06,0.0259525632119196,0.0091932383050383
NORTHERN,TAMALE METROPOLITAN,NORTHERN,TAMALE METROPOLITAN,,9.373536909090909,-0.2253629781244969,102630.90909090907,25133.0,27125.090909090908,47.32727272727273,43.822241174333726,54.508968352419984,52.41662926989417,46.094590406697804,89.69522272978735,0.92578578029006,50.71755224866092,,0.6984097010519449,0.809624266153746,0.7541804988901749,35.71510288720733,19.121248343715983,15.114285714285716,33.49116668763887,30.71925862056549,38.45824534794434,95.51841001423044,9.684657481160729,84.96003306783635,53.16703835104302,25.069892446248392,1.8733801613503849,34.36916470198193,30.744014448432328,0.0909090909090909,0.4702132363185671,2.553139075153408,330507.4029939311,12918.146752610515,126.0,19789.22326051668,12.081003005764163,DHS Ghana 2003 (regional) + WHO GHO (national),WHO Global TB Programme (national 2013-2024),Ghana Statistical Service 2021 Census,"Ghana 260-district basemap (post-2018 Local Governance Act); Guan District (Oti Region) added as a 261st row sharing its parent Krachi East Municipal polygon for adjacency purposes (no distinct legacy polygon exists) -- structural-gap convention, not a distinct surveyed boundary",-0.0948379789638419,2,0.316,0,Not Significant,0.6831733852924495,3,0.104,0,Not Significant,0.1759454691090139,0.31600001,Not Significant,7.787429451669364,1.5164331264513546,0.2105144879935853,-0.0658501314452091,0.8227817990246478,0.0043,0.0065173847,3.0053412842060705e-06,0.0259525632119196,0.0091932383050383
NORTHERN,SAGNERIGU,NORTHERN,SAGNERIGU,,9.373536909090909,-0.2253629781244969,102630.90909090907,25133.0,27125.090909090908,47.32727272727273,44.71905916031774,54.31240480426355,53.53376314763702,34.755947849427834,90.73043883336184,0.93020127809956,50.71755224866092,,0.7059173861094542,0.8073598879117836,0.7434766977063613,35.69624042542375,19.262234545590296,15.114285714285716,32.95600575393259,30.42109164129996,39.12846008418325,95.51841001423044,9.684657481160729,84.96003306783635,53.16703835104302,25.069892446248392,1.8733801613503849,34.36916470198193,30.744014448432328,0.0909090909090909,0.4749154725528581,2.5302698785161737,330196.7518952824,12991.82606061794,126.0,20149.723988044843,11.893597093936656,DHS Ghana 2003 (regional) + WHO GHO (national),WHO Global TB Programme (national 2013-2024),Ghana Statistical Service 2021 Census,"Ghana 260-district basemap (post-2018 Local Governance Act); Guan District (Oti Region) added as a 261st row sharing its parent Krachi East Municipal polygon for adjacency purposes (no distinct legacy polygon exists) -- structural-gap convention, not a distinct surveyed boundary",0.0594842990694835,3,0.418,0,Not Significant,0.4443789502113458,3,0.22,0,Not Significant,-0.113694812308056,0.41800001,Not Significant,7.776175255125223,1.4567014527215476,0.2102442020264879,-0.0789312372132567,0.8184296083490846,0.0043,0.0065173847,3.0053412842060705e-06,0.0259525632119196,0.0091932383050383
NORTHERN,KARAGA,Northern,Karaga,District,9.9267799,-0.4316607,114225.0,25893.0,30391.0,50.5,46.41979785443823,62.68526840740338,59.41005694738769,41.47171264079737,97.05508546764398,0.8404312312628034,49.27467717224776,Northern (pre 2022),0.6995503021387334,0.8055470062216401,0.7554476223501388,35.55767285993722,19.06163955670616,15.114285714285714,33.18690730220021,30.819785433597385,38.79812693362101,110.19491464987723,14.870017064221594,75.64358769424217,47.917519287577015,21.86933711693574,1.1619105322927326,34.01480435128866,38.17241297017213,0.0,0.4671632382098052,2.511105254184279,332166.5420553115,13108.438009062833,126.0,19876.70407286461,11.893927219470228,DHS Ghana 2003 (regional) + WHO GHO (national),WHO Global TB Programme (national 2013-2024),Ghana Statistical Service 2021 Census,"Ghana 260-district basemap (post-2018 Local Governance Act); Guan District (Oti Region) added as a 261st row sharing its parent Krachi East Municipal polygon for adjacency purposes (no distinct legacy polygon exists) -- structural-gap convention, not a distinct surveyed boundary",-0.1541456387846837,4,0.231,0,Not Significant,0.6821782421745753,3,0.104,0,Not Significant,-0.3216124435971302,0.23100001,Not Significant,7.642508602034288,1.3029197650167368,0.2053609220022322,-0.6203767935595721,0.8186568397028746,0.1056126984126984,0.045273863,0.000113481731138,0.0338306819882226,0.0462076812277998
SAVANNAH,NORTH EAST GONJA,Savannah,North East Gonja,District,8.98787705,-0.403868101269744,39404.0,9775.0,9966.0,60.4,45.4067243511804,59.02081943095286,54.7303281414986,61.19290747057638,96.37744282579922,0.9999093313400234,50.09897472337834,Northern (pre 2022),0.7,0.8,0.7452017233802074,35.45,19.18365605027128,15.114285714285714,33.137611813644696,30.55,38.819618060512326,80.46661665139317,16.32660949838496,80.33362795275046,41.02653844080669,21.77298121028078,1.9576559736046888,31.61704248117398,29.97469833635169,1.0,0.4699999999999999,2.54,331217.779911833,13113.26537538859,126.0,20129.57408521233,11.890173101462237,DHS Ghana 2003 (regional) + WHO GHO (national),WHO Global TB Programme (national 2013-2024),Ghana Statistical Service 2021 Census,"Ghana 260-district basemap (post-2018 Local Governance Act); Guan District (Oti Region) added as a 261st row sharing its parent Krachi East Municipal polygon for adjacency purposes (no distinct legacy polygon exists) -- structural-gap convention, not a distinct surveyed boundary",-0.2561822265497395,4,0.125,0,Not Significant,1.451479732988754,3,0.001,1,Low-Low,-0.334326154418244,0.125,Not Significant,7.895820091254825,1.7777453602253086,0.2068887100627665,-0.078446892641056,0.8863447212443656,0.6015579365079368,0.9684332,0.9996839798624916,0.9258137566503304,0.8738722185834443
VOLTA,SOUTH DAYI,Volta,South Dayi,District,6.5449087,0.240546020283373,57518.0,17376.0,17233.0,29.0,44.92102869179403,57.195586793778034,16.482373232086708,20.611711501838368,54.30987636898651,1.0094208014894208,60.17072916304461,Volta (pre 2022),1.2,0.3,0.7461991770559384,53.62248994088249,41.46666666666667,29.342857142857145,33.333333333333336,34.4,45.56,53.2351177370395,5.0,86.555928495123,54.75298784058256,31.513851394543224,2.135282522701284,32.71907405055315,30.036066102725684,0.0,0.47,2.5361181732165963,327650.53703175625,12942.227774403957,126.0,20128.194862919943,11.847441002137174,DHS Ghana 2003 (regional) + WHO GHO (national),WHO Global TB Programme (national 2013-2024),Ghana Statistical Service 2021 Census,"Ghana 260-district basemap (post-2018 Local Governance Act); Guan District (Oti Region) added as a 261st row sharing its parent Krachi East Municipal polygon for adjacency purposes (no distinct legacy polygon exists) -- structural-gap convention, not a distinct surveyed boundary",2.089367681594229,3,0.01,1,Low-Low,2.2971867250452487,3,0.005,1,Low-Low,-1.4569123093342613,0.001,Not Significant,5.44525321926244,-0.1797296885431491,0.1802928563301135,-0.445847503090836,0.9616448679500672,0.0179285714285714,0.0010430908,1.681142086692435e-06,0.02657336336599,0.0113866766915684
UPPER EAST,TEMPANE,Upper East,Tempane,District,10.9030714,-0.0914351270233069,86993.0,20421.0,24065.0,50.7,47.48224989200814,67.33942242168025,52.25757255560247,22.162330491502285,81.75214062517173,0.813073586022715,51.137447840630855,Upper East,0.8000000000000002,2.219627491692653,1.5043085181826532,52.12857142857144,38.04437964290173,20.716666666666665,33.333333333333336,38.8603256900089,39.377780268699226,167.78417595520563,15.626837503709377,70.41258227527015,48.81909070908077,20.438172573012,0.7516015967996554,26.0917135814473,46.69388440563063,0.0,0.47,2.54,329250.0906706498,12974.537372676426,126.0,20125.14705738976,12.034206331726804,DHS Ghana 2003 (regional) + WHO GHO (national),WHO Global TB Programme (national 2013-2024),Ghana Statistical Service 2021 Census,"Ghana 260-district basemap (post-2018 Local Governance Act); Guan District (Oti Region) added as a 261st row sharing its parent Krachi East Municipal polygon for adjacency purposes (no distinct legacy polygon exists) -- structural-gap convention, not a distinct surveyed boundary",-0.0125527313060892,4,0.494,0,Not Significant,-0.3694327749106255,2,0.066,0,Not Significant,-0.0177235373702601,0.494,Not Significant,7.689988001117409,1.2156682580607732,0.2042593674595368,-0.8369526613148905,0.8248263885609365,0.233165873015873,0.094427295,0.0003336327538693,0.0498867235885464,0.094453381096863
UPPER EAST,BOLGA  EAST,UPPER EAST,BOLGA  EAST,,10.85427183749998,-0.5820401901139932,92161.33333333331,24398.33333333333,26712.916666666668,47.40833333333334,47.88079774033006,69.44118435047926,47.050128949404574,14.37401828764363,67.16576341734853,0.9540481129042564,55.30773879385512,,0.8000000000000004,2.1845636362956187,1.493527016421192,52.12857142857141,38.250856906550496,20.716666666666665,33.333333333333336,39.06939610533328,40.05806864049718,157.38734438951963,14.279432474725231,77.40664019220861,52.83442751360704,26.789891289181824,1.477891489773608,30.83278525040626,39.38790920687923,0.25,0.4699999999999999,2.54,329275.9490185947,13074.335230248324,126.0,19947.944216928,12.065231980622167,DHS Ghana 2003 (regional) + WHO GHO (national),WHO Global TB Programme (national 2013-2024),Ghana Statistical Service 2021 Census,"Ghana 260-district basemap (post-2018 Local Governance Act); Guan District (Oti Region) added as a 261st row sharing its parent Krachi East Municipal polygon for adjacency purposes (no distinct legacy polygon exists) -- structural-gap convention, not a distinct surveyed boundary",0.2338559231032478,1,0.079,0,Not Significant,-0.6905251837987127,2,0.001,1,Low-High,0.6479929516650137,0.079,Not Significant,7.922959586329726,1.1549940079423466,0.2080383452268984,-0.7552805380948155,0.8195090692558432,0.0690238095238095,0.009638795,4.804447013730567e-06,0.0280785422365213,0.0266864877262914
NORTHERN EAST,YUNYOO-NASUAN,NORTHERN EAST,YUNYOO-NASUAN,,10.337121987499977,-0.5026164675557578,103515.25,26045.25,28102.25,44.525,45.03940082077577,57.430894742214754,55.1141253429972,31.01441273050624,76.80055747081448,0.9351204638284688,52.2743475582883,,0.7,0.8,0.7542732630864896,35.45,19.22724207107484,15.114285714285714,33.312261305381995,30.65141086393492,39.07479803817654,97.95036834219786,10.298149841257697,85.28659844551746,58.78335443054871,27.35203524965041,2.0462808129107874,37.53780794278279,30.898409806107125,0.0,0.47,2.54,331916.96258732403,13121.347026936292,126.0,20052.999025209818,12.10990382547804,DHS Ghana 2003 (regional) + WHO GHO (national),WHO Global TB Programme (national 2013-2024),Ghana Statistical Service 2021 Census,"Ghana 260-district basemap (post-2018 Local Governance Act); Guan District (Oti Region) added as a 261st row sharing its parent Krachi East Municipal polygon for adjacency purposes (no distinct legacy polygon exists) -- structural-gap convention, not a distinct surveyed boundary",0.3245262072898712,3,0.085,0,Not Significant,0.6995824131193011,3,0.18,0,Not Significant,-0.786454486769524,0.085,Not Significant,7.532345896051885,1.2793759257111437,0.2025137189309078,-0.784795148300898,0.8264158763310355,0.0004,0.0011926378,3.237680549929159e-07,0.0255788354781885,0.0067929492704682
NORTHERN,NANTON,Northern,Nanton,District,9.55848269999999,-0.710728600167338,50767.0,12111.0,13374.0,39.9,45.19558347441505,51.73122988218672,55.50376291380442,43.93566046143734,90.59025936420916,0.9041257874852184,50.19993302736029,Northern (pre 2022),0.696347988102613,0.7926051405221114,0.7565888615685529,35.66212082375755,19.060356885030814,15.114285714285714,33.12332533881087,30.864367520275422,38.85066560749364,104.43801317685497,12.627657233171403,82.2582372783024,51.7989755458967,22.98984563453888,1.581417379729313,31.80341411567113,33.82226252873115,0.0,0.4662110299134696,2.5594533743616066,328941.30899444764,13075.862210516692,126.0,20093.697760633346,11.894285206447558,DHS Ghana 2003 (regional) + WHO GHO (national),WHO Global TB Programme (national 2013-2024),Ghana Statistical Service 2021 Census,"Ghana 260-district basemap (post-2018 Local Governance Act); Guan District (Oti Region) added as a 261st row sharing its parent Krachi East Municipal polygon for adjacency purposes (no distinct legacy polygon exists) -- structural-gap convention, not a distinct surveyed boundary",-0.0099010983429752,4,0.315,0,Not Significant,0.9066574687985942,3,0.07,0,Not Significant,-0.2469558743177203,0.315,Not Significant,7.705568293777034,1.4350509777752116,0.208100757203272,-0.2730974359550768,0.8216839763985425,0.0511309523809523,0.011039538,1.5271377569399323e-05,0.0290832666299584,0.0228172571743645
CENTRAL,ASSIN FOSU,CENTRAL,ASSIN FOSU,,5.530626336363632,-1.1449043731652988,119024.0,34953.63636363636,36926.72727272727,24.518181818181816,43.77518347822421,48.485455249891686,24.172532984592703,38.1952736610783,60.97836393872146,0.9208691044529452,59.91984740183338,,1.7,0.2999999999999999,0.9980489464541722,51.40714285714287,34.83333333333332,24.15714285714285,33.333333333333314,49.8,37.9742946294132,89.14599386570036,7.07924739649838,89.33536465091099,57.70717016102228,32.71134643203909,2.3377419041823067,38.546540685125365,26.953310958683257,0.0,0.4699999999999997,2.54,331385.92852355033,12880.814266943213,126.0,19918.15835368823,11.918288102292344,DHS Ghana 2003 (regional) + WHO GHO (national),WHO Global TB Programme (national 2013-2024),Ghana Statistical Service 2021 Census,"Ghana 260-district basemap (post-2018 Local Governance Act); Guan District (Oti Region) added as a 261st row sharing its parent Krachi East Municipal polygon for adjacency purposes (no distinct legacy polygon exists) -- structural-gap convention, not a distinct surveyed boundary",1.2933557637120572,3,0.002,1,Low-Low,1.6433106858394593,3,0.002,1,Low-Low,-1.2496080531550795,0.002,Not Significant,7.005813476635978,1.26029118809819,0.1400743434670506,-0.2597123758655568,0.9826085660411616,0.0,0.00048430244,2.4587153485703617e-08,0.0255115743692791,0.0064989753481667
CENTRAL,GOMOA CENTRAL,Central,Gomoa Central,District,5.47699369999999,-0.589745989100534,82592.0,21856.0,26134.0,18.8,44.38615471773512,44.045166334043294,22.661279636078525,41.2940923486652,62.49330704120941,0.8757054064712225,58.10490120108484,Central,1.7,0.3,0.999602674988631,51.40714285714286,34.833333333333336,24.15714285714285,33.333333333333336,49.8,38.09746209543622,81.40893211958515,5.241581068359217,87.7193605147449,46.44174520464489,31.913891704974613,1.9073489100158452,35.13270299814528,30.94324051046074,0.0,0.4699999999999998,2.54,331543.539095425,13050.691107335795,126.0,20135.25567444001,12.01018843197266,DHS Ghana 2003 (regional) + WHO GHO (national),WHO Global TB Programme (national 2013-2024),Ghana Statistical Service 2021 Census,"Ghana 260-district basemap (post-2018 Local Governance Act); Guan District (Oti Region) added as a 261st row sharing its parent Krachi East Municipal polygon for adjacency purposes (no distinct legacy polygon exists) -- structural-gap convention, not a distinct surveyed boundary",1.6789551691010345,3,0.01,1,Low-Low,0.2904513870990115,3,0.305,0,Not Significant,-1.2105701094025416,0.01,Not Significant,7.3020940753093075,1.8755369958925925,0.1331573695766468,-0.6681720965852633,0.9457694556823898,0.0281833333333333,0.0010981315,5.526768001880997e-08,0.0269131329852296,0.0140486632785918
BONO EAST,PRU WEST,Bono East,Pru West,District,8.03487795,-1.31329234137589,69820.0,20066.0,19335.0,38.3,41.06836552450778,41.24499929963776,47.77581447385624,47.76439769189636,71.23163090125082,1.032300250136721,56.43225436837582,Brong-Ahafo,3.8,1.2999999999999998,2.55,55.40714285714286,26.266666666666666,21.057142857142857,33.333333333333336,68.87272922576915,41.260000000000005,100.50845446063072,17.58121149372679,91.46920729080342,58.82362337948152,26.378014195780533,2.110591840843099,42.237207880156745,19.99678592247942,1.0,0.47,2.54,328708.1554834967,12920.383855072268,126.0,19955.05889500472,12.001734367816688,DHS Ghana 2003 (regional) + WHO GHO (national),WHO Global TB Programme (national 2013-2024),Ghana Statistical Service 2021 Census,"Ghana 260-district basemap (post-2018 Local Governance Act); Guan District (Oti Region) added as a 261st row sharing its parent Krachi East Municipal polygon for adjacency purposes (no distinct legacy polygon exists) -- structural-gap convention, not a distinct surveyed boundary",0.1536150729862,1,0.324,0,Not Significant,-0.2259778810377047,4,0.241,0,Not Significant,0.157051926786138,0.324,Not Significant,8.484073705183233,1.8263491193123944,0.2507487960610576,0.7741002113832306,0.8452181108686659,0.7724626984126985,0.99306667,0.9999463848275548,0.941644890740042,0.9267801606226832
BONO,BEREKUM WEST,Bono,Berekum West,District,7.47199419999999,-2.71078914019081,49464.0,14064.0,15958.0,14.8,42.08868786000579,50.36022664765592,18.733890745975447,10.369365340066963,57.63747004846541,0.9608359931737992,60.69464661167719,Brong-Ahafo,3.8,1.2999999999999998,2.55,55.40714285714286,26.266666666666666,21.057142857142857,33.333333333333336,68.54257931522076,41.260000000000005,91.49278465294236,12.39466873005206,91.3933860446807,67.57725995605783,30.754283556120583,2.137634067536122,37.292813022376535,19.10812066049405,0.0,0.4699999999999999,2.54,326935.90533005464,13086.324437046502,126.0,20053.513298154787,11.86302761568699,DHS Ghana 2003 (regional) + WHO GHO (national),WHO Global TB Programme (national 2013-2024),Ghana Statistical Service 2021 Census,"Ghana 260-district basemap (post-2018 Local Governance Act); Guan District (Oti Region) added as a 261st row sharing its parent Krachi East Municipal polygon for adjacency purposes (no distinct legacy polygon exists) -- structural-gap convention, not a distinct surveyed boundary",-0.0006445608894785,2,0.417,0,Not Significant,0.0834491608134346,1,0.426,0,Not Significant,0.1214066724150072,0.417,Not Significant,7.739505050798854,1.217347133603456,0.1144637587112143,-0.4814521834288922,0.6188884000973945,0.0450523809523809,0.0019847995,2.50849762581986e-06,0.0274449335134965,0.0186211556192741
ASHANTI,AHAFO ANO SOUTH WEST,Ashanti,Ahafo Ano South West,District,6.8289788,-2.00038660056909,65770.0,19422.0,18720.0,31.9,41.8581545509753,45.31506209598738,31.83438423068196,42.13552159699591,65.15829473525027,0.9993781885333346,57.993005929755206,Ashanti,2.4801531281610933,1.3,1.9,56.864285714285714,29.03333333333333,22.928571428571427,33.31666666666666,72.87671076041433,43.31,61.606569224378376,9.048573308374523,90.9184782044619,60.65661824762876,31.50974499489169,2.0904582386940747,36.83066746793128,22.79329332306954,0.0,0.47,2.54,330988.2266654872,12954.21916586408,126.0,19989.99213896238,12.040377720978643,DHS Ghana 2003 (regional) + WHO GHO (national),WHO Global TB Programme (national 2013-2024),Ghana Statistical Service 2021 Census,"Ghana 260-district basemap (post-2018 Local Governance Act); Guan District (Oti Region) added as a 261st row sharing its parent Krachi East Municipal polygon for adjacency purposes (no distinct legacy polygon exists) -- structural-gap convention, not a distinct surveyed boundary",0.1003435990819488,3,0.383,0,Not Significant,-0.0030252145882604,4,0.385,0,Not Significant,-0.1553909039473033,0.383,Not Significant,7.120967704930566,1.4328590784165898,0.1144554924704363,-0.2929729725639867,0.5086651983764823,0.0232380952380952,0.0044675507,5.167105010878054e-06,0.026598979169327,0.0135774480443933
ASHANTI,AMANSIE SOUTH,Ashanti,Amansie South,District,6.30802585,-2.01186652006877,113155.0,38951.0,33050.0,30.3,44.59124433890157,47.69254871790721,32.281563455432334,44.23681436070071,49.501023006503495,1.17264338405053,63.63041845256506,Ashanti,2.475771646462709,1.3,1.9,56.864285714285714,29.03333333333333,22.928571428571427,33.31666666666666,72.03355153687512,43.31,118.51362393581331,14.995432022809954,85.1425505539999,53.86825235242036,30.963076491155935,1.869509615208337,31.93163255611384,30.715885061378643,0.0,0.47,2.54,333401.9326223749,13060.13878640392,126.0,19940.688096640923,11.969285087133564,DHS Ghana 2003 (regional) + WHO GHO (national),WHO Global TB Programme (national 2013-2024),Ghana Statistical Service 2021 Census,"Ghana 260-district basemap (post-2018 Local Governance Act); Guan District (Oti Region) added as a 261st row sharing its parent Krachi East Municipal polygon for adjacency purposes (no distinct legacy polygon exists) -- structural-gap convention, not a distinct surveyed boundary",-0.051544626755917,4,0.445,0,Not Significant,-0.0124378788721983,4,0.137,0,Not Significant,-0.1009624348699651,0.445,Not Significant,7.2900904685809955,1.3839465871082286,0.116280212373821,-0.389293227029062,0.7796346213729878,0.1464190476190476,0.010956899,0.0001205062376515,0.0354155350518298,0.0482279970428734
ASHANTI,ATWIMA NWABIAGYA NORTH,Ashanti,Atwima Nwabiagya North,District,6.87764335,-1.74489585317473,155025.0,46519.0,47225.0,13.5,43.04861718965041,49.535931844431225,16.432914394774812,15.60565697729563,58.23213642254588,1.0358586127344298,60.47024673439768,Ashanti,2.5246629160379817,1.3,1.9,56.86428571428571,29.03333333333333,22.928571428571427,33.31666666666666,72.43458441292577,43.31,117.17106331746402,8.597255166312072,91.81248127749282,60.6831058347065,33.05056141149341,2.2941160382002,30.36452330102612,24.40300813900896,0.0,0.4699999999999999,2.54,329988.1438920301,12976.551609804756,126.0,19912.24552189737,11.999211890868349,DHS Ghana 2003 (regional) + WHO GHO (national),WHO Global TB Programme (national 2013-2024),Ghana Statistical Service 2021 Census,"Ghana 260-district basemap (post-2018 Local Governance Act); Guan District (Oti Region) added as a 261st row sharing its parent Krachi East Municipal polygon for adjacency purposes (no distinct legacy polygon exists) -- structural-gap convention, not a distinct surveyed boundary",0.4865731465252598,3,0.074,0,Not Significant,0.0009524040718093,1,0.459,0,Not Significant,-0.6567946079980599,0.074,Not Significant,7.568656583133556,1.5120002257477112,0.1451596382875228,-0.1982939434056146,0.5487159311763613,0.0281547619047619,0.00064123183,1.860220272954447e-07,0.027107115133366,0.0139758237231788
ASHANTI,ADANSI AKROFUOM,ASHANTI,ADANSI AKROFUOM,,6.648968471212119,-1.5710996271278177,121878.81818181818,36505.0,37998.333333333336,21.23333333333333,42.895474783706575,47.115282090864994,17.70945911292863,31.47125136638404,60.00321968119042,0.9182436512196308,60.40712501501989,,2.4871764842069783,1.2999999999999998,1.9,56.86428571428571,29.03333333333333,22.928571428571427,33.316666666666656,73.03387429891522,43.31,115.5257832149487,10.538249727084729,90.77941777709772,65.48132841962365,34.71769297793984,2.64667986240882,40.68058247570054,23.965784469313288,0.0303030303030303,0.4699999999999999,2.5400000000000005,327050.93435589207,12887.829842756764,126.0,20212.046755708536,11.910230423865478,DHS Ghana 2003 (regional) + WHO GHO (national),WHO Global TB Programme (national 2013-2024),Ghana Statistical Service 2021 Census,"Ghana 260-district basemap (post-2018 Local Governance Act); Guan District (Oti Region) added as a 261st row sharing its parent Krachi East Municipal polygon for adjacency purposes (no distinct legacy polygon exists) -- structural-gap convention, not a distinct surveyed boundary",0.2111023117918695,3,0.06,0,Not Significant,-0.0164546926333496,4,0.046,1,High-Low,-0.5769957857498069,0.06,Not Significant,6.916364482216713,1.3303999996212006,0.1133005042642644,-0.5229439478689765,0.9417101063361006,0.0,0.000768791,7.703545722415979e-07,0.0255161418576258,0.0065714258058167
ASHANTI,ADANSI NORTH,Ashanti,Adansi North,District,6.3006124,-1.5897139446089,54155.0,16537.0,16948.0,19.7,43.06020161084613,51.54771105676991,16.120751768722627,31.107004494955834,52.700089289208194,0.9485410317388008,61.83177915243283,Ashanti,2.5262275366235127,1.3,1.9,56.86428571428571,29.03333333333333,22.928571428571427,33.31666666666666,72.21459162473377,43.31,99.05520654033396,8.756291557654905,90.02451311938378,56.89947308381073,32.65659816022564,2.317790798625955,34.01189482967884,24.70235010172384,0.0,0.47,2.54,328392.00972344883,13057.752995489926,126.0,20031.745217923,12.012260638970348,DHS Ghana 2003 (regional) + WHO GHO (national),WHO Global TB Programme (national 2013-2024),Ghana Statistical Service 2021 Census,"Ghana 260-district basemap (post-2018 Local Governance Act); Guan District (Oti Region) added as a 261st row sharing its parent Krachi East Municipal polygon for adjacency purposes (no distinct legacy polygon exists) -- structural-gap convention, not a distinct surveyed boundary",0.2322091969066345,3,0.232,0,Not Significant,-0.007532997791493,4,0.235,0,Not Significant,-0.3283356412352007,0.232,Not Significant,6.894471545534665,1.416194290146465,0.1175475598398246,-0.406236929969621,0.8851511721227731,0.0091428571428571,0.0016120825,3.155839954162664e-06,0.025601074436596,0.0090897924731024
ASHANTI,OBUASI EAST,Ashanti,Obuasi East,Municipal,6.1796409,-1.60356394182495,92401.0,27879.0,29934.0,13.1,42.74371954727934,51.46501374678112,15.19405281465109,16.870158625502437,56.80780243013929,0.9277597011326478,62.56750468068527,Ashanti,2.49208182955262,1.3,1.9,56.864285714285714,29.03333333333333,22.928571428571427,33.31666666666666,72.70936640453877,43.31,108.18106939484616,9.3309207641463,92.91772557900742,76.8276114346941,39.04916970779997,3.6120737809802255,46.30685370976448,22.74443573933735,0.0,0.47,2.54,329164.00242357224,13069.93965864081,126.0,20141.428280377444,11.905502924059288,DHS Ghana 2003 (regional) + WHO GHO (national),WHO Global TB Programme (national 2013-2024),Ghana Statistical Service 2021 Census,"Ghana 260-district basemap (post-2018 Local Governance Act); Guan District (Oti Region) added as a 261st row sharing its parent Krachi East Municipal polygon for adjacency purposes (no distinct legacy polygon exists) -- structural-gap convention, not a distinct surveyed boundary",0.2759848103910858,3,0.203,0,Not Significant,-0.0056043786894435,4,0.326,0,Not Significant,-0.4610909687749958,0.203,Not Significant,6.890683627690929,1.3918837168219862,0.1148194847157541,-0.4558040844195539,0.9077135331347194,0.0,0.0009657752,1.0648946315769998e-06,0.0255431375987246,0.0066274944292012
ASHANTI,AFIGYA KWABRE NORTH,Ashanti,Afigya Kwabre North,District,7.03891495,-1.62667127242319,73330.0,20273.0,21082.0,25.2,44.23573343555442,52.10370776308581,30.223428548848755,30.574866297769084,70.13569175532535,0.9435419619199422,56.39574526114824,Ashanti,2.483088490522712,1.3,1.9,56.864285714285714,29.03333333333333,22.928571428571427,33.31666666666666,72.64792390108079,43.31,115.59579667586168,14.774005287011162,87.47905828993086,50.54537008274608,31.20147152174496,1.886469561518073,35.10027296159973,26.228943290914984,0.0,0.47,2.54,333218.88709931285,12907.870010922816,126.0,20049.60332280496,12.09546416722983,DHS Ghana 2003 (regional) + WHO GHO (national),WHO Global TB Programme (national 2013-2024),Ghana Statistical Service 2021 Census,"Ghana 260-district basemap (post-2018 Local Governance Act); Guan District (Oti Region) added as a 261st row sharing its parent Krachi East Municipal polygon for adjacency purposes (no distinct legacy polygon exists) -- structural-gap convention, not a distinct surveyed boundary",-0.2861068153321907,4,0.117,0,Not Significant,0.0024404858630703,1,0.436,0,Not Significant,-0.6230662463773304,0.117,Not Significant,7.947513059462025,1.5109921264162194,0.1675037835252971,-0.1579121148188354,0.5761143796486493,0.0354809523809523,0.0017818529,4.055813715927941e-07,0.0270190835963283,0.0160705736186338
ASHANTI,KUMASI METROPOLITAN,ASHANTI,KUMASI METROPOLITAN,,6.648968471212119,-1.5710996271278177,121878.81818181818,36505.0,37998.333333333336,21.23333333333333,42.623117878913234,47.6234537373171,16.543726713990154,32.156037494452555,57.19534048763792,0.9113714471089932,60.40712501501989,,2.491710610481095,1.2999999999999998,1.9,56.86428571428571,29.03333333333333,22.928571428571427,33.316666666666656,72.84053358928871,43.31,115.5257832149487,10.538249727084729,90.77941777709772,65.48132841962365,34.71769297793984,2.64667986240882,40.68058247570054,23.965784469313288,0.0303030303030303,0.4699999999999998,2.5400000000000005,329673.2302067479,13087.799435014393,126.0,19870.221690778268,11.893342039369465,DHS Ghana 2003 (regional) + WHO GHO (national),WHO Global TB Programme (national 2013-2024),Ghana Statistical Service 2021 Census,"Ghana 260-district basemap (post-2018 Local Governance Act); Guan District (Oti Region) added as a 261st row sharing its parent Krachi East Municipal polygon for adjacency purposes (no distinct legacy polygon exists) -- structural-gap convention, not a distinct surveyed boundary",0.1913347661734846,3,0.104,0,Not Significant,0.0095338522876701,1,0.175,0,Not Significant,-0.5230982637789149,0.104,Not Significant,7.22987187555982,1.4539666477430648,0.1326533840878471,-0.2607976025356781,0.6529361160693398,0.0,0.000768791,7.703545722415979e-07,0.0255161418576258,0.0065714258058167
ASHANTI,OFORIKROM MUNICIPAL,Ashanti,Oforikrom Municipal,Municipal,6.672717,-1.5504236985326,213126.0,77870.0,75115.0,10.0,42.57901649078877,59.722044406520745,7.430350189650869,27.960804368899154,35.141044099334586,1.017026474627953,71.78148137721348,Ashanti,2.483233958964323,1.3,1.9,56.864285714285714,29.03333333333333,22.928571428571427,33.31666666666666,72.51969839308403,43.31,147.1787131555223,9.62728789380815,92.90293484470163,75.25735865665806,41.70285666927819,2.996640781020222,50.98198324970068,18.241508043656363,0.0,0.47,2.54,330804.1131472021,12983.953656432706,126.0,20163.43421943691,12.006611758907232,DHS Ghana 2003 (regional) + WHO GHO (national),WHO Global TB Programme (national 2013-2024),Ghana Statistical Service 2021 Census,"Ghana 260-district basemap (post-2018 Local Governance Act); Guan District (Oti Region) added as a 261st row sharing its parent Krachi East Municipal polygon for adjacency purposes (no distinct legacy polygon exists) -- structural-gap convention, not a distinct surveyed boundary",0.2164045136866658,3,0.207,0,Not Significant,0.0049767286011973,1,0.324,0,Not Significant,-0.3999255103426316,0.207,Not Significant,7.061702750299292,1.4178088094037729,0.1303874676635832,-0.2817860596515366,0.7052319519504172,0.078500505050505,0.004312875,2.6435805206079075e-06,0.0293818905764623,0.028049478605613
ASHANTI,ASOKWA  MUNICIPAL,ASHANTI,ASOKWA  MUNICIPAL,,6.648968471212119,-1.5710996271278177,121878.81818181818,36505.0,37998.333333333336,21.23333333333333,42.96539141717635,48.09954132628315,17.733551697729794,30.72404204477036,61.99403183528455,0.9745361101619584,60.40712501501989,,2.4900305000018434,1.2999999999999998,1.9,56.86428571428569,29.03333333333333,22.928571428571427,33.316666666666656,72.88165495967485,43.31,115.5257832149487,10.538249727084729,90.77941777709772,65.48132841962365,34.71769297793984,2.64667986240882,40.68058247570054,23.965784469313288,0.0303030303030303,0.4699999999999999,2.5400000000000005,332853.76265506505,13115.11852326704,126.0,19869.03164202125,11.933147100737012,DHS Ghana 2003 (regional) + WHO GHO (national),WHO Global TB Programme (national 2013-2024),Ghana Statistical Service 2021 Census,"Ghana 260-district basemap (post-2018 Local Governance Act); Guan District (Oti Region) added as a 261st row sharing its parent Krachi East Municipal polygon for adjacency purposes (no distinct legacy polygon exists) -- structural-gap convention, not a distinct surveyed boundary",0.1785521936918078,3,0.185,0,Not Significant,0.0034777206659977,1,0.403,0,Not Significant,-0.4882457335520497,0.185,Not Significant,7.104526160934324,1.4406161977531242,0.1297383647172597,-0.2779297044553397,0.6959104767403514,0.0,0.000768791,7.703545722415979e-07,0.0255161418576258,0.0065714258058167
ASHANTI,OLD TAFO MUNICIPAL,Ashanti,Old Tafo Municipal,Municipal,6.74083555,-1.60465968075918,114368.0,34972.0,38512.0,9.2,42.877260364350455,46.26273160105014,9.621089750186211,25.55021867559664,45.32120996978615,0.8893605221476809,64.25223838836038,Ashanti,2.508733544826224,1.3,1.9,56.864285714285714,29.03333333333333,22.928571428571427,33.31666666666666,73.02140456239334,43.31,133.6349572784012,9.904643979684874,98.0,80.59471408878738,42.57252913764492,3.677027851218124,48.206173488690176,19.889497978683323,0.0,0.47,2.54,325972.8966301432,12897.703751708972,126.0,20077.1407917618,12.112900104754225,DHS Ghana 2003 (regional) + WHO GHO (national),WHO Global TB Programme (national 2013-2024),Ghana Statistical Service 2021 Census,"Ghana 260-district basemap (post-2018 Local Governance Act); Guan District (Oti Region) added as a 261st row sharing its parent Krachi East Municipal polygon for adjacency purposes (no distinct legacy polygon exists) -- structural-gap convention, not a distinct surveyed boundary",0.3361203399494395,3,0.066,0,Not Significant,0.0126919181576588,1,0.107,0,Not Significant,-0.6878071332125427,0.066,Not Significant,7.2980117454212,1.4485061084660338,0.1360274236448244,-0.2526298921508116,0.6312525140862518,0.0022,0.0011818481,1.915138579318737e-07,0.0255598138607107,0.0072354633722312
ASHANTI,SUAME MUNICIPAL,Ashanti,Suame Municipal,Municipal,6.738487,-1.62476687694823,136290.0,41237.0,46222.0,8.7,43.10868597138799,42.28116059484865,11.210798168020649,22.19827985286617,50.13489951721131,0.8658949009733153,64.17125247633723,Ashanti,2.5096772095850186,1.3,1.9,56.864285714285714,29.03333333333333,22.928571428571427,33.31666666666666,73.06402254804148,43.31,138.75791565509573,7.709123877612407,91.71363508985594,76.7228775899652,42.24866417645533,3.6765171790914857,47.54427789588373,22.92712287516096,0.0,0.47,2.54,329661.47185103275,12937.880986469774,126.0,20103.939209304284,11.968477155926037,DHS Ghana 2003 (regional) + WHO GHO (national),WHO Global TB Programme (national 2013-2024),Ghana Statistical Service 2021 Census,"Ghana 260-district basemap (post-2018 Local Governance Act); Guan District (Oti Region) added as a 261st row sharing its parent Krachi East Municipal polygon for adjacency purposes (no distinct legacy polygon exists) -- structural-gap convention, not a distinct surveyed boundary",0.5767054387844545,3,0.058,0,Not Significant,0.0004077243361372,1,0.485,0,Not Significant,-0.6328849054588299,0.058,Not Significant,7.376692642087677,1.4743408733595007,0.1365693154545732,-0.2403124929961531,0.6098223486539283,0.0022,0.0010506905,4.8889529262912755e-08,0.0255666428678487,0.0072043455739069
ASHANTI,JUABEN MUNICIPAL,Ashanti,Juaben Municipal,Municipal,6.0721368,-0.260652306105858,63929.0,17669.0,19128.0,20.9,43.33619740700753,44.99864473678856,24.08534173410509,33.359348833684464,63.14625145958484,0.9080173811276896,57.55916720111374,Ashanti,2.5055734854870866,1.3,1.9,56.86428571428571,29.03333333333333,22.928571428571427,33.31666666666666,72.90963016551001,43.31,126.27530309487896,12.568103656448365,89.0923157285793,74.85508216565505,35.313993287862374,3.395147653611955,47.25637957720205,21.807141533146407,0.0,0.47,2.54,330798.212953699,12909.515366117672,126.0,20191.251412838144,12.057675352773352,DHS Ghana 2003 (regional) + WHO GHO (national),WHO Global TB Programme (national 2013-2024),Ghana Statistical Service 2021 Census,"Ghana 260-district basemap (post-2018 Local Governance Act); Guan District (Oti Region) added as a 261st row sharing its parent Krachi East Municipal polygon for adjacency purposes (no distinct legacy polygon exists) -- structural-gap convention, not a distinct surveyed boundary",-0.0184179718320839,4,0.079,0,Not Significant,0.005231519094649,1,0.317,0,Not Significant,-0.6468333916564892,0.079,Not Significant,6.898415531589702,1.3149065120918482,0.1309492445024161,-0.3066826160752096,0.7775232153762278,0.0175333333333333,0.0013327148,9.63653777674874e-07,0.0263194726166982,0.0112966211020643
GREATER ACCRA,ABLEKUMA CENTRAL MUNICIPAL,Greater Accra,Ablekuma Central Municipal,Municipal,5.5541808,-0.24078224491606,169145.0,55723.0,58491.0,9.4,45.108467556349,42.2273133864544,11.231721388851046,36.556683194214685,39.22935185645425,0.9525656113602204,67.52431345886666,Greater Accra,2.6000000000000005,1.4,1.9941457451056808,55.535714285714285,43.53333333333334,31.47142857142857,33.33333333333334,60.05,52.970000000000006,173.35453907406784,16.377804742923058,87.79254321433491,68.4408062107007,41.05199637978052,3.2652523689443087,40.89799360498552,26.13657392813733,1.0,0.47,2.54,329991.7782198571,12988.710490643112,126.0,19852.75949232552,11.938427119445636,DHS Ghana 2003 (regional) + WHO GHO (national),WHO Global TB Programme (national 2013-2024),Ghana Statistical Service 2021 Census,"Ghana 260-district basemap (post-2018 Local Governance Act); Guan District (Oti Region) added as a 261st row sharing its parent Krachi East Municipal polygon for adjacency purposes (no distinct legacy polygon exists) -- structural-gap convention, not a distinct surveyed boundary",-0.2902578524741448,4,0.282,0,Not Significant,0.1012507688288558,1,0.111,0,Not Significant,-0.3742129520502434,0.28200001,Not Significant,7.818014365976517,2.729287956912466,0.1295597999294164,-0.5798952453094077,0.9188835776314656,0.8014846320346324,0.97758067,0.999750100725495,0.9470443186013136,0.9314649294758734
GREATER ACCRA,KORLE KLOTTEY MUNICIPAL,Greater Accra,Korle Klottey Municipal,Municipal,5.55901944999999,-0.19823054970895,68633.0,24034.0,25651.0,10.6,43.32531001237939,44.56496799982089,10.723513760126616,32.79200781714711,29.827697268446776,0.921085901492773,72.3922894234552,Greater Accra,2.6,1.4,2.0203316847939314,55.53571428571428,43.53333333333334,31.47142857142857,33.333333333333336,60.04999999999999,52.970000000000006,138.22727201813282,12.529730444147258,93.99018691167002,70.4682593862339,42.14338319961797,3.408112489165762,48.91111932951487,16.268777537792587,0.0,0.4699999999999999,2.54,332121.25219420966,13133.900461043737,126.0,19961.74795432883,12.023418028534962,DHS Ghana 2003 (regional) + WHO GHO (national),WHO Global TB Programme (national 2013-2024),Ghana Statistical Service 2021 Census,"Ghana 260-district basemap (post-2018 Local Governance Act); Guan District (Oti Region) added as a 261st row sharing its parent Krachi East Municipal polygon for adjacency purposes (no distinct legacy polygon exists) -- structural-gap convention, not a distinct surveyed boundary",-0.0023978808690755,4,0.432,0,Not Significant,0.0985830171039896,1,0.046,1,High-High,-0.1141266115832356,0.43200001,Not Significant,7.861016605878301,2.77376391274479,0.1320125566333714,-0.5694119958316585,0.9134275912489588,0.2024441558441558,0.17447649,0.0035876365388682,0.049856650351749,0.1075912330398696
GREATER ACCRA,ABLEKUMA NORTH MUNICIPAL,Greater Accra,Ablekuma North Municipal,Municipal,5.58719365,-0.263259064824942,159208.0,51922.0,56500.0,8.3,43.47033014791417,40.95168688510247,7.36249754411314,37.67944797891724,38.81686420228795,0.9234214735106367,68.10084920355762,Greater Accra,2.6000000000000005,1.3999999999999997,1.9869520747950231,55.53571428571429,43.53333333333334,31.47142857142857,33.33333333333334,60.04999999999998,52.970000000000006,145.75160121067128,9.549299784354831,94.6667448714912,79.62883333069189,41.66868748202466,3.373548381256482,47.81277410155094,23.46000274093413,0.0,0.47,2.5400000000000005,327424.0186321333,13161.376307099688,126.0,19946.83086725776,11.962495390135787,DHS Ghana 2003 (regional) + WHO GHO (national),WHO Global TB Programme (national 2013-2024),Ghana Statistical Service 2021 Census,"Ghana 260-district basemap (post-2018 Local Governance Act); Guan District (Oti Region) added as a 261st row sharing its parent Krachi East Municipal polygon for adjacency purposes (no distinct legacy polygon exists) -- structural-gap convention, not a distinct surveyed boundary",0.0767914372121758,3,0.361,0,Not Significant,0.1122253227909651,1,0.007,1,High-High,-0.1394957732642811,0.361,Not Significant,7.806471239106374,2.7120179578224364,0.1294894707333013,-0.5939342045453019,0.9213098560953346,0.1653393939393939,0.072281286,0.0001434278829084,0.0375790293270322,0.0688357843174373
GREATER ACCRA,AYAWASO NORTH MUNICIPAL,Greater Accra,Ayawaso North Municipal,Municipal,5.5908829,-0.199044848506062,63386.0,20220.0,22837.0,13.9,43.82348646250945,50.10587143602172,11.247970742627562,33.61516412259008,41.99921574892285,0.8834741400345082,67.92824914018868,Greater Accra,2.600000000000001,1.4,1.9873562885163565,55.53571428571429,43.53333333333334,31.47142857142857,33.33333333333334,60.04999999999999,52.970000000000006,136.6272169085134,12.097483415838518,95.15885245443744,69.85680673954086,42.79613838915578,3.371017929437916,48.225912113639616,24.411506341150965,0.0,0.47,2.5400000000000005,328911.3634863644,13019.370357961194,126.0,19860.88014640911,12.005362824298114,DHS Ghana 2003 (regional) + WHO GHO (national),WHO Global TB Programme (national 2013-2024),Ghana Statistical Service 2021 Census,"Ghana 260-district basemap (post-2018 Local Governance Act); Guan District (Oti Region) added as a 261st row sharing its parent Krachi East Municipal polygon for adjacency purposes (no distinct legacy polygon exists) -- structural-gap convention, not a distinct surveyed boundary",0.0072163969142523,3,0.433,0,Not Significant,0.0985830171039896,1,0.046,1,High-High,-0.1144511762741432,0.433,Not Significant,7.842869554772468,2.75471315089626,0.1314544396736482,-0.5918649142011947,0.9167881090370452,0.42352987012987,0.9625962,0.999412606960443,0.8700838326150135,0.813905621940034
GREATER ACCRA,AYAWASO EAST MUNICIPAL,Greater Accra,Ayawaso East Municipal,Municipal,5.5828425,-0.194266228463183,53004.0,16935.0,18521.0,15.4,44.24163652468144,53.641470912134125,20.01167163797441,42.14276062667586,46.14178624708641,0.9183431846630716,66.8930646743642,Greater Accra,2.6,1.4,2.0117579398037604,55.53571428571429,43.53333333333334,31.47142857142857,33.333333333333336,60.05,52.970000000000006,131.44838978725582,16.52933240648225,92.05993014274388,69.20563419468337,39.40282625078288,3.534986111133552,46.93073258624383,25.16609988205565,1.0,0.47,2.5400000000000005,330974.24118160934,13001.054309514571,126.0,19838.718053739973,11.940004259275144,DHS Ghana 2003 (regional) + WHO GHO (national),WHO Global TB Programme (national 2013-2024),Ghana Statistical Service 2021 Census,"Ghana 260-district basemap (post-2018 Local Governance Act); Guan District (Oti Region) added as a 261st row sharing its parent Krachi East Municipal polygon for adjacency purposes (no distinct legacy polygon exists) -- structural-gap convention, not a distinct surveyed boundary",-0.1365835846519772,4,0.381,0,Not Significant,0.0965201171804954,1,0.052,0,Not Significant,-0.1678725652072789,0.38100001,Not Significant,7.858307654959138,2.772521728495416,0.132194961347975,-0.5831748482575126,0.9143264828580212,0.684237012987013,0.9812959,0.9998232062725604,0.94088847515117,0.9015611445165728
GREATER ACCRA,OKAIKWEI NORTH MUNICIPAL,GREATER ACCRA,OKAIKWEI NORTH MUNICIPAL,,5.624192658333333,-0.2349828662869439,173578.5,55808.77777777778,58485.944444444445,13.344444444444443,43.39110032202085,44.6994645217291,16.979853119015086,40.840851711763904,40.955039545609054,0.9532678970242966,65.98249284508076,,2.6,1.4,1.991167087181572,55.53571428571431,43.53333333333333,31.47142857142857,33.33333333333335,60.04999999999999,52.97000000000001,144.0384651859599,12.35353247494442,92.37824944419664,67.95737985565589,39.42698900961371,3.3474906506070354,45.87963772048502,22.56093875901817,0.1666666666666666,0.4699999999999999,2.54,329992.1535328445,13121.182004041357,126.0,20036.99509531521,12.006393697511992,DHS Ghana 2003 (regional) + WHO GHO (national),WHO Global TB Programme (national 2013-2024),Ghana Statistical Service 2021 Census,"Ghana 260-district basemap (post-2018 Local Governance Act); Guan District (Oti Region) added as a 261st row sharing its parent Krachi East Municipal polygon for adjacency purposes (no distinct legacy polygon exists) -- structural-gap convention, not a distinct surveyed boundary",0.0030423325609873,3,0.311,0,Not Significant,0.125000001012374,1,0.009,1,High-High,-0.2284589876068003,0.311,Not Significant,7.824474442211036,2.735496253876687,0.1306760102321305,-0.6089727426551992,0.9196266685471104,0.0006666666666666,0.0045890715,1.6067994964558213e-05,0.0259329575757606,0.0078011909336782
GREATER ACCRA,GA NORTH MUNICIPAL,Greater Accra,Ga North Municipal,Municipal,5.669162,-0.333376,235292.0,77522.0,79032.0,10.5,42.27291447706057,48.629682750280914,7.968809603689633,40.13366144746086,46.96567452693675,0.9837973395522516,66.53604882443942,Greater Accra,2.6,1.4,2.01094244564366,55.535714285714285,43.53333333333334,31.47142857142857,33.33333333333333,60.04999999999999,52.970000000000006,156.80653410580285,9.94690291092225,98.0,71.77403838851113,43.16048229634918,3.488007366802381,52.39544715406918,18.595196090852745,0.0,0.4699999999999999,2.54,330283.9444324354,13127.779746468468,126.0,19836.016938175217,11.902117351812144,DHS Ghana 2003 (regional) + WHO GHO (national),WHO Global TB Programme (national 2013-2024),Ghana Statistical Service 2021 Census,"Ghana 260-district basemap (post-2018 Local Governance Act); Guan District (Oti Region) added as a 261st row sharing its parent Krachi East Municipal polygon for adjacency purposes (no distinct legacy polygon exists) -- structural-gap convention, not a distinct surveyed boundary",0.0427030934725227,3,0.462,0,Not Significant,0.1356323042298003,1,0.04,1,High-High,-0.0904855076743479,0.46200001,Not Significant,7.730017723517018,2.655310108071798,0.1262261336803383,-0.7031621186041155,0.9305567182289392,0.111563492063492,0.040301524,0.0001321699814023,0.0357357945000941,0.0469332451619191
GREATER ACCRA,WEIJA GBAWE MUNICIPAL,Greater Accra,Weija Gbawe Municipal,Municipal,5.55414475,-0.296466750643799,213674.0,68119.0,71627.0,8.7,42.80975184489322,41.9363531417032,7.560103134180096,36.44323404016205,44.15399556045806,0.9711445858265104,65.40149948051705,Greater Accra,2.6000000000000005,1.4,1.9878792031358887,55.535714285714285,43.53333333333334,31.47142857142857,33.333333333333336,60.05,52.970000000000006,143.34303833534375,14.32150749561572,94.74069602981298,78.34687252181914,44.05159143907239,3.4624726721735146,47.040921587290285,19.45769210541256,0.0,0.4699999999999999,2.54,326828.06410920166,12903.661383385745,126.0,19815.77261409197,12.01733994944972,DHS Ghana 2003 (regional) + WHO GHO (national),WHO Global TB Programme (national 2013-2024),Ghana Statistical Service 2021 Census,"Ghana 260-district basemap (post-2018 Local Governance Act); Guan District (Oti Region) added as a 261st row sharing its parent Krachi East Municipal polygon for adjacency purposes (no distinct legacy polygon exists) -- structural-gap convention, not a distinct surveyed boundary",-0.2383186133920734,4,0.056,0,Not Significant,0.0529726929045929,1,0.171,0,Not Significant,-0.6429292623907392,0.056,Not Significant,7.715338432482605,2.638645140813669,0.1232996826800259,-0.5984921209524197,0.9280749743424273,0.0375619047619047,0.0035675277,1.4170668977073865e-06,0.0267592399734776,0.0169725223872654
GREATER ACCRA,KROWOR MUNICIPAL,Greater Accra,Krowor Municipal,Municipal,5.60941925,-0.0769277820845922,143012.0,49619.0,50062.0,12.4,42.37086481440747,49.12690495573037,5.006885623990352,43.916880908176815,36.07888098967907,0.9816719675969992,69.70114395994742,Greater Accra,2.6,1.3999999999999997,1.9916254227225765,55.53571428571429,43.53333333333334,31.47142857142857,33.33333333333334,60.04999999999999,52.970000000000006,123.10615567932568,10.657450725669529,94.96278570730334,61.14834518699986,41.6736156166865,3.916912553049036,44.07773280194724,19.66217069150139,0.0,0.47,2.5400000000000005,328989.89976446173,12897.750268871308,126.0,19993.601971101503,12.093937813290456,DHS Ghana 2003 (regional) + WHO GHO (national),WHO Global TB Programme (national 2013-2024),Ghana Statistical Service 2021 Census,"Ghana 260-district basemap (post-2018 Local Governance Act); Guan District (Oti Region) added as a 261st row sharing its parent Krachi East Municipal polygon for adjacency purposes (no distinct legacy polygon exists) -- structural-gap convention, not a distinct surveyed boundary",-0.0391387603709694,2,0.427,0,Not Significant,0.1721666359128782,1,0.081,0,Not Significant,0.1125980036647905,0.43200001,Not Significant,8.015836558822445,2.785115001043641,0.1478636399160421,-0.4776343322275976,0.9048905391320696,0.2682679653679654,0.0929529,0.0018891151860345,0.0612394031286647,0.1060873458293757
GREATER ACCRA,TEMA METROPOLITAN,GREATER ACCRA,TEMA METROPOLITAN,,5.624192658333333,-0.2349828662869439,173578.5,55808.77777777778,58485.944444444445,13.344444444444443,43.77149214668132,44.93264780808159,8.704044725699195,39.63933784519092,43.61659208352573,0.960560595585962,65.98249284508076,,2.6,1.3999999999999997,2.004313228744939,55.5357142857143,43.53333333333333,31.47142857142857,33.333333333333336,60.05,52.97000000000001,144.0384651859599,12.35353247494442,92.37824944419664,67.95737985565589,39.42698900961371,3.3474906506070354,45.87963772048502,22.56093875901817,0.1666666666666666,0.4699999999999999,2.54,333280.6079086068,13089.452661286468,126.0,19876.066829437503,11.972467396658503,DHS Ghana 2003 (regional) + WHO GHO (national),WHO Global TB Programme (national 2013-2024),Ghana Statistical Service 2021 Census,"Ghana 260-district basemap (post-2018 Local Governance Act); Guan District (Oti Region) added as a 261st row sharing its parent Krachi East Municipal polygon for adjacency purposes (no distinct legacy polygon exists) -- structural-gap convention, not a distinct surveyed boundary",0.011158342715411,3,0.236,0,Not Significant,0.0810160819264709,1,0.365,0,Not Significant,-0.8377808301172176,0.236,Not Significant,8.13144750374174,2.775175433919518,0.1592338647442078,-0.3880357007861549,0.8985021911034932,0.0006666666666666,0.0045890715,1.6067994964558213e-05,0.0259329575757606,0.0078011909336782
SAVANNAH,EAST GONJA MUNICIPAL,Savannah,East Gonja Municipal,Municipal,8.347473,-0.7895018232454,117755.0,33657.0,32157.0,38.8,43.557452073161045,57.95963987047763,48.4822613967137,25.77417598142339,81.03587102265853,1.0861103586271763,55.89062035582353,Northern (pre 2022),0.7,0.8,0.7555971596580617,35.45,19.351437690044367,15.114285714285714,33.25787338906326,30.550000000000004,38.92889982543348,82.4566139447361,5.459233407595551,96.07092749465636,73.39950858167916,37.638205078563615,3.764063581423156,49.96210925217715,20.757468172982744,0.0,0.47,2.54,331427.88112357,13080.95172381207,126.0,19912.03895227766,11.998732670117956,DHS Ghana 2003 (regional) + WHO GHO (national),WHO Global TB Programme (national 2013-2024),Ghana Statistical Service 2021 Census,"Ghana 260-district basemap (post-2018 Local Governance Act); Guan District (Oti Region) added as a 261st row sharing its parent Krachi East Municipal polygon for adjacency purposes (no distinct legacy polygon exists) -- structural-gap convention, not a distinct surveyed boundary",-1.0680929513639683,2,0.042,1,Low-High,0.3660875988672327,3,0.261,0,Not Significant,0.785240940541844,0.042,Not Significant,8.045124288839418,1.9658797324228905,0.2425317195178361,1.016746464081253,0.8906970624424662,0.0455682539682539,0.002650966,3.907797277601208e-06,0.0276846613186898,0.0189769472551758
GREATER ACCRA,ABLEKUMA WEST MUNICIPAL,Greater Accra,Ablekuma West Municipal,Municipal,5.5431939,-0.26615017413473,153490.0,48489.0,53014.0,8.9,42.72621151653191,44.82490696055025,9.560576725623063,38.75113810895576,40.79315147664556,0.9221229817477116,66.13004104501921,Greater Accra,2.6000000000000005,1.4,1.9808857268028688,55.53571428571429,43.53333333333334,31.47142857142857,33.33333333333335,60.04999999999999,52.970000000000006,140.44697465482108,9.559570868392049,94.52729641922706,75.63657664237337,41.1312052142318,3.439478387182642,51.26526155027124,16.727463777140837,0.0,0.47,2.54,326403.7730279447,13064.114124077734,126.0,19896.49246808348,11.912215329799896,DHS Ghana 2003 (regional) + WHO GHO (national),WHO Global TB Programme (national 2013-2024),Ghana Statistical Service 2021 Census,"Ghana 260-district basemap (post-2018 Local Governance Act); Guan District (Oti Region) added as a 261st row sharing its parent Krachi East Municipal polygon for adjacency purposes (no distinct legacy polygon exists) -- structural-gap convention, not a distinct surveyed boundary",-0.0791045066738605,2,0.376,0,Not Significant,0.1373528661569196,1,0.016,1,High-High,0.1398413568423593,0.376,Not Significant,7.805620577049168,2.7292794892773573,0.1278828019999781,-0.5788335600520582,0.9188626333442776,0.0441285714285714,0.014153904,2.552656742054364e-05,0.0284741548276107,0.0216955392762898
GREATER ACCRA,AYAWASO CENTRAL MUNICIPAL,Greater Accra,Ayawaso Central Municipal,Municipal,5.59137939999999,-0.212668442666915,94831.0,32353.0,33339.0,12.2,42.42281054388805,46.02794941074234,8.372179399706415,39.28164776408522,37.82563637256762,0.9599358697361702,69.27270618257742,Greater Accra,2.6000000000000005,1.4,2.0111498962521206,55.53571428571429,43.53333333333334,31.47142857142857,33.33333333333333,60.04999999999999,52.970000000000006,148.75159958609174,8.391865153639397,92.90014156525238,70.3069910452789,38.85256996459794,3.640001261734096,48.71100059305688,21.46568576084544,0.0,0.47,2.5400000000000005,330124.9870016238,12877.431173725596,126.0,19856.667074918565,11.982529102323634,DHS Ghana 2003 (regional) + WHO GHO (national),WHO Global TB Programme (national 2013-2024),Ghana Statistical Service 2021 Census,"Ghana 260-district basemap (post-2018 Local Governance Act); Guan District (Oti Region) added as a 261st row sharing its parent Krachi East Municipal polygon for adjacency purposes (no distinct legacy polygon exists) -- structural-gap convention, not a distinct surveyed boundary",-0.0389084829102917,2,0.438,0,Not Significant,0.0775095116244578,1,0.133,0,Not Significant,0.0466093290630648,0.438,Not Significant,7.845388509515661,2.7703733176636525,0.1306917470891715,-0.5864210728745075,0.9149470283595011,0.1498655844155844,0.020248346,4.118984940772127e-05,0.0322487234102451,0.0506009609264873
GREATER ACCRA,ACCRA METROPOLIS,GREATER ACCRA,ACCRA METROPOLIS,,5.624192658333333,-0.2349828662869439,173578.5,55808.77777777778,58485.944444444445,13.344444444444443,43.18448949092899,43.77872884154022,16.681264444129667,39.93408043703449,49.11183730816637,0.9455308909098752,65.98249284508076,,2.6,1.3999999999999997,2.0222383890359388,55.53571428571429,43.53333333333333,31.47142857142857,33.33333333333336,60.04999999999999,52.97000000000001,144.0384651859599,12.35353247494442,92.37824944419664,67.95737985565589,39.42698900961371,3.3474906506070354,45.87963772048502,22.56093875901817,0.1666666666666666,0.4699999999999998,2.5400000000000005,330061.8577054379,12874.136656431876,126.0,20207.90054284281,12.080570793313935,DHS Ghana 2003 (regional) + WHO GHO (national),WHO Global TB Programme (national 2013-2024),Ghana Statistical Service 2021 Census,"Ghana 260-district basemap (post-2018 Local Governance Act); Guan District (Oti Region) added as a 261st row sharing its parent Krachi East Municipal polygon for adjacency purposes (no distinct legacy polygon exists) -- structural-gap convention, not a distinct surveyed boundary",-0.0010387928444078,2,0.435,0,Not Significant,0.1331943123283683,1,0.048,1,High-High,0.0779377275545401,0.435,Not Significant,7.845165540440148,2.7633351394066588,0.1305956825319742,-0.5708184034143213,0.914748280874956,0.0006666666666666,0.0045890715,1.6067994964558213e-05,0.0259329575757606,0.0078011909336782
VOLTA,ANLOGA,Volta,Anloga,District,5.7936484,0.8984702,94895.0,26025.0,29534.0,31.6,45.90668269157866,55.85659859352222,32.202929446435085,44.21225658535636,56.07494301807215,0.8455915213337197,58.54786869698088,Volta (pre 2022),1.2,0.3,0.743877206289296,52.892866087101936,41.46666666666667,29.342857142857145,33.333333333333336,34.4,45.56,117.06424838831806,8.376690326552598,84.74971247540189,43.75451290418176,31.775664375778213,1.5328312282640737,31.604157497813887,33.529247038531864,0.0,0.47,2.5639516688364843,330110.0655151369,13057.65095548383,126.0,20000.28875051648,12.095598517711377,DHS Ghana 2003 (regional) + WHO GHO (national),WHO Global TB Programme (national 2013-2024),Ghana Statistical Service 2021 Census,"Ghana 260-district basemap (post-2018 Local Governance Act); Guan District (Oti Region) added as a 261st row sharing its parent Krachi East Municipal polygon for adjacency purposes (no distinct legacy polygon exists) -- structural-gap convention, not a distinct surveyed boundary",0.5413755045619114,3,0.124,0,Not Significant,0.3752997927254088,3,0.324,0,Not Significant,-0.6910283730627408,0.124,Not Significant,6.196116418253419,1.458291208476684,0.099403612243185,-0.3507534915383795,0.9065372698540848,0.1708809523809523,0.0046646004,2.26149830033462e-06,0.0386074728756419,0.0535388217790082
WESTERN,SEKONDI TAKORADI METROPOLIS,WESTERN,SEKONDI TAKORADI METROPOLIS,,5.164444985714285,-1.9217231254902143,119271.42857142857,36725.0,36147.42857142857,28.4,43.84523911322859,48.17101168163043,22.5141550317178,38.83183555162204,61.44594172631237,1.0583378325958013,60.84792221998605,,3.3999999999999995,1.8000000000000005,2.6,53.73571428571428,31.46666666666667,22.82857142857143,33.333333333333336,68.70744692994383,39.97,149.59752312955783,17.93311123275499,88.44843096904042,61.85986650673571,32.44421409626732,2.3463924902945945,37.69426740562294,25.374240299663573,0.8571428571428571,0.4699999999999998,2.54,332711.6529728102,12883.066360040944,126.0,20097.890701906483,11.968964411951614,DHS Ghana 2003 (regional) + WHO GHO (national),WHO Global TB Programme (national 2013-2024),Ghana Statistical Service 2021 Census,"Ghana 260-district basemap (post-2018 Local Governance Act); Guan District (Oti Region) added as a 261st row sharing its parent Krachi East Municipal polygon for adjacency purposes (no distinct legacy polygon exists) -- structural-gap convention, not a distinct surveyed boundary",1.0648944958131734,1,0.023,1,High-High,1.075349370688797,1,0.003,1,High-High,0.9984858124098048,0.023,Not Significant,7.130479109363934,0.7860765740834822,0.1336842058617065,-0.8173402326687781,0.9714122259462756,0.0290484126984127,0.018268015,6.97848361708354e-05,0.0284137490559105,0.0189499904565391
EASTERN,KWAHU SOUTH,EASTERN,KWAHU SOUTH,,6.248912641666665,-0.5143081338383853,77638.33333333333,23170.055555555555,23772.61111111111,23.95555555555556,42.04906824110705,45.99302646627734,19.1882247340225,26.61476201073489,59.97179422686997,0.9587158504907168,60.06841270699139,,3.772632784512208,2.921615119845979,3.372603212735495,58.30733140348757,34.20000000000001,24.82857142857143,33.33333333333334,65.94768024883433,44.67999999999999,151.697432915279,19.930263538768717,92.46783118938022,64.31119490744491,32.488333559408744,2.472934415732387,39.79947639909319,24.47497975673649,0.8888888888888888,0.4717366911879161,2.5645697681316384,331059.4544412216,12969.948211171126,126.0,20150.732127709874,11.99360324957416,DHS Ghana 2003 (regional) + WHO GHO (national),WHO Global TB Programme (national 2013-2024),Ghana Statistical Service 2021 Census,"Ghana 260-district basemap (post-2018 Local Governance Act); Guan District (Oti Region) added as a 261st row sharing its parent Krachi East Municipal polygon for adjacency purposes (no distinct legacy polygon exists) -- structural-gap convention, not a distinct surveyed boundary",2.418441359722704,1,0.001,1,High-High,1.1643585048189664,1,0.051,0,Not Significant,1.6663849393313004,0.001,Hot Spot 90%,6.675701205190899,0.6639936948068661,0.2339057202057931,-1.0288886025804214,0.9366779332662972,0.0006190476190476,0.016832884,4.213281063647643e-05,0.0273192558018951,0.0112033301581655
EASTERN,ASENE AKROSO MANSO,EASTERN,ASENE AKROSO MANSO,,6.248912641666665,-0.5143081338383853,77638.33333333333,23170.055555555555,23772.61111111111,23.95555555555556,42.45182391193243,47.707386361203056,21.113547142865777,30.56069082603643,60.49670891115087,0.9689427939832276,60.06841270699139,,3.772218848304533,2.8914795466781165,3.37922075271842,58.47250696246938,34.20000000000001,24.82857142857143,33.33333333333334,65.84188785144684,44.67999999999999,151.697432915279,19.930263538768717,92.46783118938022,64.31119490744491,32.488333559408744,2.472934415732387,39.79947639909319,24.47497975673649,0.8888888888888888,0.4676272188491712,2.554869021074156,332527.24564431224,12983.634321988326,126.0,19870.850816760383,12.074277024244902,DHS Ghana 2003 (regional) + WHO GHO (national),WHO Global TB Programme (national 2013-2024),Ghana Statistical Service 2021 Census,"Ghana 260-district basemap (post-2018 Local Governance Act); Guan District (Oti Region) added as a 261st row sharing its parent Krachi East Municipal polygon for adjacency purposes (no distinct legacy polygon exists) -- structural-gap convention, not a distinct surveyed boundary",2.480536187366432,1,0.001,1,High-High,2.144151251618652,1,0.002,1,High-High,1.7090252954005698,0.001,Hot Spot 90%,7.193282833801511,1.383880985779541,0.1532606555407201,-0.7408247032002053,0.9777016814203242,0.0006190476190476,0.016832884,4.213281063647643e-05,0.0273192558018951,0.0112033301581655
EASTERN,UPPER MANYA,EASTERN,UPPER MANYA,,6.248912641666665,-0.5143081338383853,77638.33333333333,23170.055555555555,23772.61111111111,23.95555555555556,42.76840384638906,47.0490965010076,23.156774930538187,28.190259081264763,55.83657104604752,0.970663939032459,60.06841270699139,,3.7926530939835534,2.880254559649823,3.371462878213121,58.96806480914472,34.20000000000001,24.82857142857143,33.33333333333334,66.09116589743788,44.67999999999999,151.697432915279,19.930263538768717,92.46783118938022,64.31119490744491,32.488333559408744,2.472934415732387,39.79947639909319,24.47497975673649,0.8888888888888888,0.4708257915160372,2.5259092806562906,332591.9804460841,13108.439394154324,126.0,19878.78981033404,11.92653928602959,DHS Ghana 2003 (regional) + WHO GHO (national),WHO Global TB Programme (national 2013-2024),Ghana Statistical Service 2021 Census,"Ghana 260-district basemap (post-2018 Local Governance Act); Guan District (Oti Region) added as a 261st row sharing its parent Krachi East Municipal polygon for adjacency purposes (no distinct legacy polygon exists) -- structural-gap convention, not a distinct surveyed boundary",2.619993163009441,1,0.001,1,High-High,1.091528472931697,1,0.031,1,High-High,1.8047900365780445,0.001,Hot Spot 90%,5.615966377667658,-0.2775142084486091,0.2126743256035878,-2.052493751611087,0.9512978270472212,0.0006190476190476,0.016832884,4.213281063647643e-05,0.0273192558018951,0.0112033301581655
EASTERN,ACHIASE,Eastern,Achiase,District,5.8354534,-0.9966928,56348.0,15422.0,17107.0,29.9,44.21297049154136,52.46004798831847,19.926408552030253,29.21886209489615,60.62763753862981,0.9294460390110209,57.728757010009225,Eastern,3.8251161691595055,2.901879669683108,3.314202684475734,58.28729378784717,34.2,24.82857142857143,33.333333333333336,65.68773298240195,44.68,172.22641118746174,23.2722987401032,88.15816491504773,56.04189188783875,29.75055062728656,1.83637933678176,29.37434361544656,31.584060288330186,1.0,0.4713094600317433,2.511928809303445,329227.17990267114,12974.43332859018,126.0,19957.26450607981,11.947142857627258,DHS Ghana 2003 (regional) + WHO GHO (national),WHO Global TB Programme (national 2013-2024),Ghana Statistical Service 2021 Census,"Ghana 260-district basemap (post-2018 Local Governance Act); Guan District (Oti Region) added as a 261st row sharing its parent Krachi East Municipal polygon for adjacency purposes (no distinct legacy polygon exists) -- structural-gap convention, not a distinct surveyed boundary",3.458841396537725,1,0.01,1,High-High,1.5660609027984935,1,0.088,0,Not Significant,1.6592915528026313,0.01,Hot Spot 90%,7.098593110765929,1.2368320700450268,0.1491018618978555,-0.5291116133619456,0.9826895954074544,0.9414,0.9997265,0.9999984845546852,0.9555721551771472,0.9741742785042397
EASTERN,OKERE,Eastern,Okere,District,6.04034605,-0.127770489495342,51675.0,14452.0,16239.0,24.0,42.83353430644322,46.0440586089262,18.86742067052839,38.55056522389875,56.49288131921652,0.8570081106302162,59.39235607160136,Eastern,3.795241628634385,2.926128885642813,3.36865974343042,58.45673001384189,34.2,24.82857142857143,33.333333333333336,65.78415700679788,44.68,126.86125715517846,16.504049433103155,90.22954974766408,53.45180736497104,36.07420850257495,2.5200352709319325,37.81782331188508,27.02858275052613,1.0,0.4693705436355181,2.520519507015631,331418.19678545924,13041.99355608636,126.0,20015.49966672487,11.947542902307,DHS Ghana 2003 (regional) + WHO GHO (national),WHO Global TB Programme (national 2013-2024),Ghana Statistical Service 2021 Census,"Ghana 260-district basemap (post-2018 Local Governance Act); Guan District (Oti Region) added as a 261st row sharing its parent Krachi East Municipal polygon for adjacency purposes (no distinct legacy polygon exists) -- structural-gap convention, not a distinct surveyed boundary",0.7842286282417846,1,0.038,1,High-High,1.995111263894352,1,0.013,1,High-High,0.990695527204898,0.038,Not Significant,7.531326683144511,2.327113498628366,0.1416823138841477,-0.916413233991518,0.928975286800531,0.9842809523809524,0.9994099,0.9999975386356384,0.9603507986979104,0.9860098009328062
EASTERN,YILO KROBO,EASTERN,YILO KROBO,,6.248912641666665,-0.5143081338383853,77638.33333333333,23170.055555555555,23772.61111111111,23.95555555555556,42.40995226219677,44.68532836237045,19.130646314384435,28.47740817259484,53.17441878545286,0.9770415269255632,60.06841270699139,,3.845141387564284,2.8904153192734494,3.332142211949242,57.99518626065499,34.20000000000001,24.82857142857143,33.33333333333334,65.20441494819778,44.67999999999999,151.697432915279,19.930263538768717,92.46783118938022,64.31119490744491,32.488333559408744,2.472934415732387,39.79947639909319,24.47497975673649,0.8888888888888888,0.4723523807561214,2.5239829872470767,328325.5066957529,13112.10572640077,126.0,19965.467771338328,11.996432242096713,DHS Ghana 2003 (regional) + WHO GHO (national),WHO Global TB Programme (national 2013-2024),Ghana Statistical Service 2021 Census,"Ghana 260-district basemap (post-2018 Local Governance Act); Guan District (Oti Region) added as a 261st row sharing its parent Krachi East Municipal polygon for adjacency purposes (no distinct legacy polygon exists) -- structural-gap convention, not a distinct surveyed boundary",1.3905409654912584,1,0.008,1,High-High,1.4642954116950495,1,0.008,1,High-High,0.9605284215348636,0.008,Not Significant,7.104780767380008,1.8084846358794708,0.1512935864936903,-1.272574485517597,0.9380508970298578,0.0006190476190476,0.016832884,4.213281063647643e-05,0.0273192558018951,0.0112033301581655
EASTERN,ATIWA WEST,Eastern,Atiwa West,District,6.20778059999999,-0.635808682575408,61219.0,18405.0,17234.0,18.9,42.49992061742158,41.27212794064569,17.00909119539649,27.3373555059284,57.836770239910365,1.0685365853602458,58.21558666427089,Eastern,3.811275619177264,2.893804237250291,3.3280080750180505,58.2289286541852,34.2,24.82857142857143,33.333333333333336,65.0074147840384,44.68,132.63204878802887,21.38430246822419,91.17788857917766,58.69706904628282,28.532702143985325,2.026996738145097,38.33635974623872,22.60506871058269,1.0,0.4728650930979661,2.557544336634856,330071.5164135956,13028.6558900181,126.0,19811.28935461785,12.060784846163598,DHS Ghana 2003 (regional) + WHO GHO (national),WHO Global TB Programme (national 2013-2024),Ghana Statistical Service 2021 Census,"Ghana 260-district basemap (post-2018 Local Governance Act); Guan District (Oti Region) added as a 261st row sharing its parent Krachi East Municipal polygon for adjacency purposes (no distinct legacy polygon exists) -- structural-gap convention, not a distinct surveyed boundary",2.593382295730932,1,0.001,1,High-High,1.232294946659114,1,0.015,1,High-High,1.5013424276826262,0.001,Not Significant,6.83087396502056,1.4087631482028145,0.1440949714027743,-1.4993291797960926,0.9538924732111344,0.9732333333333336,0.99906355,0.999994319037961,0.9603927596838748,0.9831709908702758
EASTERN,NEW JUABEN NORTH MUNICIPAL,Eastern,New Juaben North Municipal,Municipal,6.1364245,-0.312846157003848,88716.0,29655.0,29388.0,10.6,41.46128689340483,56.04962190796893,5.69066672536249,14.790660607919229,41.58315437320122,1.0060186472424306,66.55282023535777,Eastern,3.819087281794279,2.8829930280101257,3.3287639148734463,58.01417727420189,34.2,24.82857142857143,33.333333333333336,64.83393525086066,44.68,175.26238359339743,13.417153178562163,95.5910596963723,81.86132837377676,38.1267888154478,3.529455603866593,47.27327204377977,16.519678076436467,0.0,0.4711712185452048,2.5564887916312085,329374.50940054096,12873.4676683837,126.0,19914.152360694985,12.04893968912132,DHS Ghana 2003 (regional) + WHO GHO (national),WHO Global TB Programme (national 2013-2024),Ghana Statistical Service 2021 Census,"Ghana 260-district basemap (post-2018 Local Governance Act); Guan District (Oti Region) added as a 261st row sharing its parent Krachi East Municipal polygon for adjacency purposes (no distinct legacy polygon exists) -- structural-gap convention, not a distinct surveyed boundary",0.2127044819800877,1,0.003,1,High-High,2.262400021342881,1,0.001,1,High-High,1.098219754291398,0.003,Not Significant,7.265612364357218,2.1790110566210688,0.1287138648626356,-1.2458247172031838,0.9446142749255088,0.3526912698412697,0.20518632,0.0002360371834777,0.0665737452742091,0.1561718436575963
EASTERN,FANTEAKWA NORTH,Eastern,Fanteakwa North,District,6.49761694999999,-0.362546050326661,56987.0,16908.0,16701.0,28.9,42.0576816508933,40.89811268629354,27.30992525632227,29.043501698128868,62.18674751384696,0.9711828306104104,58.97660870022988,Eastern,3.764032977647439,2.88959015562865,3.358950667852194,58.485438814215634,34.2,24.82857142857143,33.333333333333336,65.27638739025807,44.68,129.90020396850818,20.19316931933173,94.00701921439476,68.22900290603472,27.117485474150435,2.066395894019559,37.63392001323391,23.84553331944229,1.0,0.4698055423304619,2.5615174696705885,331882.2038513509,13081.163101709451,126.0,20141.607023201144,12.02004498543967,DHS Ghana 2003 (regional) + WHO GHO (national),WHO Global TB Programme (national 2013-2024),Ghana Statistical Service 2021 Census,"Ghana 260-district basemap (post-2018 Local Governance Act); Guan District (Oti Region) added as a 261st row sharing its parent Krachi East Municipal polygon for adjacency purposes (no distinct legacy polygon exists) -- structural-gap convention, not a distinct surveyed boundary",2.5170393191699465,1,0.001,1,High-High,1.0876766628382155,1,0.061,0,Not Significant,1.6763126166838882,0.001,Hot Spot 90%,5.631010766593258,-0.3973792378617831,0.2364631930113698,-2.106092211534756,0.9348647779772744,0.9999444444444444,0.9998272,0.999999576324188,0.962510330298068,0.9905703893003742
EASTERN,BIRIM NORTH,Eastern,Birim North,District,6.3681437,-1.02271793293055,82669.0,24286.0,24728.0,18.3,42.29512373594586,47.60801469850535,21.111760681244544,16.95511253893111,59.12903384313708,0.9497673216613944,59.28945553956139,Eastern,3.790370725501763,2.923640562111321,3.326157119914525,58.51435057198171,34.2,24.82857142857143,33.333333333333336,64.89186045958412,44.68,166.75630546031712,18.388941820351757,92.52206624454392,64.41622233666192,29.259143206789325,2.185517568763312,36.28676492144488,25.13995684138499,1.0,0.4697900841044003,2.5475497266656086,328035.2089021016,13127.36675353356,126.0,20002.75471791484,11.92602011695294,DHS Ghana 2003 (regional) + WHO GHO (national),WHO Global TB Programme (national 2013-2024),Ghana Statistical Service 2021 Census,"Ghana 260-district basemap (post-2018 Local Governance Act); Guan District (Oti Region) added as a 261st row sharing its parent Krachi East Municipal polygon for adjacency purposes (no distinct legacy polygon exists) -- structural-gap convention, not a distinct surveyed boundary",1.6386997607946394,1,0.002,1,High-High,1.4703707887970447,1,0.03,1,High-High,1.4182762200333907,0.002,Not Significant,6.96270399514545,1.3659139596429757,0.1206327147986268,-0.5886778543802436,0.9651628889540076,0.8124880952380953,0.9597205,0.9983555898876264,0.9298022551487776,0.9250916081593688
EASTERN,ASUOGYAMAN,Eastern,Asuogyaman,District,6.36279085,0.0952598707485648,101256.0,29528.0,32546.0,21.8,43.35845229023391,52.88206404474287,17.569332385387817,21.593622748682268,57.23484617719272,0.917048704032714,61.30402149008454,Eastern,3.765761538475394,2.891549937740681,3.34967910450198,58.27578640476604,34.2,24.82857142857143,33.333333333333336,64.87734564477626,44.68,154.80907301755124,19.22547598914198,90.09088736965118,66.88026330780245,31.809347030654408,1.7036037383830918,35.197674425558894,28.99220107251906,1.0,0.474699587169768,2.526229594756668,330501.1181131597,12968.062256629337,126.0,19879.940364428545,12.027816070494106,DHS Ghana 2003 (regional) + WHO GHO (national),WHO Global TB Programme (national 2013-2024),Ghana Statistical Service 2021 Census,"Ghana 260-district basemap (post-2018 Local Governance Act); Guan District (Oti Region) added as a 261st row sharing its parent Krachi East Municipal polygon for adjacency purposes (no distinct legacy polygon exists) -- structural-gap convention, not a distinct surveyed boundary",2.4584584924184067,1,0.001,1,High-High,1.358189230342704,1,0.078,0,Not Significant,1.8668290028936247,0.001,Hot Spot 90%,5.340995381222131,-0.4108975820195663,0.1981915327038228,-1.4392040583457464,0.9559061266997388,0.9404904761904764,0.998302,0.9999710373230613,0.9575463109733252,0.9740774518416252
EASTERN,KWAHU EAST,Eastern,Kwahu East,District,6.73342465,-0.81009459846416,80233.0,24195.0,23179.0,29.4,42.35231655013127,51.33376645681227,19.318088839662988,35.07949191319306,59.61810692167639,1.000007952404286,59.04552989418319,Eastern,3.837427420594306,2.8678711487841246,3.31583317039908,58.88656871049941,34.2,24.82857142857143,33.333333333333336,64.92714225921013,44.68,136.7615937984027,18.321191677188683,91.01698768452266,65.0265173738855,32.680686960801175,2.279405552323168,38.91340974202637,22.84244251211529,1.0,0.4667809072287656,2.529595253593101,326424.896870993,12900.196666808331,126.0,20122.12159656134,12.013378465713831,DHS Ghana 2003 (regional) + WHO GHO (national),WHO Global TB Programme (national 2013-2024),Ghana Statistical Service 2021 Census,"Ghana 260-district basemap (post-2018 Local Governance Act); Guan District (Oti Region) added as a 261st row sharing its parent Krachi East Municipal polygon for adjacency purposes (no distinct legacy polygon exists) -- structural-gap convention, not a distinct surveyed boundary",2.2272480245270447,1,0.001,1,High-High,1.7447279237711737,1,0.025,1,High-High,1.947950711724931,0.001,Hot Spot 90%,7.243589032664584,1.040664394728699,0.2090730885224155,-0.0708304232531301,0.9419514612041672,0.9916587301587302,0.9997917,0.9999996136934284,0.96166932417386,0.988279837448132
EASTERN,KWAHU WEST,EASTERN,KWAHU WEST,,6.248912641666665,-0.5143081338383853,77638.33333333333,23170.055555555555,23772.61111111111,23.95555555555556,42.72808723490971,44.77594568805904,26.39649196814344,31.118215525559908,59.76512187857086,1.0201239327291691,60.06841270699139,,3.830371480746901,2.888921833183091,3.3248089843218582,58.59159390900096,34.20000000000001,24.82857142857143,33.33333333333334,65.48025831042094,44.67999999999999,151.697432915279,19.930263538768717,92.46783118938022,64.31119490744491,32.488333559408744,2.472934415732387,39.79947639909319,24.47497975673649,0.8888888888888888,0.4711490290313476,2.53159368164421,331112.8109639411,13030.424367651683,126.0,19921.32182088181,12.062697249288805,DHS Ghana 2003 (regional) + WHO GHO (national),WHO Global TB Programme (national 2013-2024),Ghana Statistical Service 2021 Census,"Ghana 260-district basemap (post-2018 Local Governance Act); Guan District (Oti Region) added as a 261st row sharing its parent Krachi East Municipal polygon for adjacency purposes (no distinct legacy polygon exists) -- structural-gap convention, not a distinct surveyed boundary",1.8376865621354068,1,0.003,1,High-High,1.4720097212743442,1,0.031,1,High-High,1.2675821356559058,0.003,Not Significant,7.188457033478565,1.2168507079057898,0.1874065102636592,-0.5782754081141122,0.9516707205418016,0.0006190476190476,0.016832884,4.213281063647643e-05,0.0273192558018951,0.0112033301581655
EASTERN,LOWER MANYA,EASTERN,LOWER MANYA,,6.248912641666665,-0.5143081338383853,77638.33333333333,23170.055555555555,23772.61111111111,23.95555555555556,42.69688946310578,46.85486264521823,23.33893669971648,30.507540592305208,56.06300109130155,0.9629901036801172,60.06841270699139,,3.846756072969844,2.8942578053967374,3.323508270380637,58.03969365605365,34.20000000000001,24.82857142857143,33.33333333333334,65.82820864169695,44.67999999999999,151.697432915279,19.930263538768717,92.46783118938022,64.31119490744491,32.488333559408744,2.472934415732387,39.79947639909319,24.47497975673649,0.8888888888888888,0.4666404825497258,2.542418931586824,328005.5376304471,13074.02825913523,126.0,20094.929829108823,12.116191495833242,DHS Ghana 2003 (regional) + WHO GHO (national),WHO Global TB Programme (national 2013-2024),Ghana Statistical Service 2021 Census,"Ghana 260-district basemap (post-2018 Local Governance Act); Guan District (Oti Region) added as a 261st row sharing its parent Krachi East Municipal polygon for adjacency purposes (no distinct legacy polygon exists) -- structural-gap convention, not a distinct surveyed boundary",2.071398981560848,1,0.008,1,High-High,1.7235593234754585,1,0.028,1,High-High,1.4280718440626885,0.008,Not Significant,6.494584986768317,1.133200297676336,0.1637832776752126,-1.3844212466466117,0.9361039648797016,0.0006190476190476,0.016832884,4.213281063647643e-05,0.0273192558018951,0.0112033301581655
EASTERN,NSAWAM ADOAGYIRI,EASTERN,NSAWAM ADOAGYIRI,,6.248912641666665,-0.5143081338383853,77638.33333333333,23170.055555555555,23772.61111111111,23.95555555555556,42.54542513471568,46.16851941945922,20.222629693551,28.35542099563984,54.16265188026737,1.0201915074302377,60.06841270699139,,3.82573634617426,2.8922836700647934,3.3599564281375005,58.0623657654492,34.20000000000001,24.82857142857143,33.33333333333334,65.35746746638996,44.67999999999999,151.697432915279,19.930263538768717,92.46783118938022,64.31119490744491,32.488333559408744,2.472934415732387,39.79947639909319,24.47497975673649,0.8888888888888888,0.4731633158835222,2.5436477508823443,328311.01215154584,12973.932815331513,126.0,20095.92892077575,12.011638396931865,DHS Ghana 2003 (regional) + WHO GHO (national),WHO Global TB Programme (national 2013-2024),Ghana Statistical Service 2021 Census,"Ghana 260-district basemap (post-2018 Local Governance Act); Guan District (Oti Region) added as a 261st row sharing its parent Krachi East Municipal polygon for adjacency purposes (no distinct legacy polygon exists) -- structural-gap convention, not a distinct surveyed boundary",2.974119345195635,1,0.001,1,High-High,2.063721518997777,1,0.013,1,High-High,2.0479675615807342,0.001,Hot Spot 95%,7.573427467200654,2.631618733896652,0.1150426557481287,-0.8660964217317432,0.9392314690631896,0.0006190476190476,0.016832884,4.213281063647643e-05,0.0273192558018951,0.0112033301581655
EASTERN,AKWAPEM SOUTH,EASTERN,AKWAPEM SOUTH,,6.248912641666665,-0.5143081338383853,77638.33333333333,23170.055555555555,23772.61111111111,23.95555555555556,42.40024055667627,44.96906638850499,16.927088283617117,28.32928962308307,56.52104135352934,0.9572226755651616,60.06841270699139,,3.761622384635429,2.880621174095882,3.38008871168101,58.22927365955111,34.20000000000001,24.82857142857143,33.33333333333334,65.8637933507758,44.67999999999999,151.697432915279,19.930263538768717,92.46783118938022,64.31119490744491,32.488333559408744,2.472934415732387,39.79947639909319,24.47497975673649,0.8888888888888888,0.467452767603807,2.550365923436161,327274.31020448694,12919.24189923577,126.0,20026.974008839807,12.059665724083017,DHS Ghana 2003 (regional) + WHO GHO (national),WHO Global TB Programme (national 2013-2024),Ghana Statistical Service 2021 Census,"Ghana 260-district basemap (post-2018 Local Governance Act); Guan District (Oti Region) added as a 261st row sharing its parent Krachi East Municipal polygon for adjacency purposes (no distinct legacy polygon exists) -- structural-gap convention, not a distinct surveyed boundary",2.425553378811756,1,0.002,1,High-High,1.695093490962141,1,0.033,1,High-High,1.6712687442766747,0.002,Hot Spot 90%,7.69467613735447,2.66511823707844,0.1267155393971676,-0.8076211935292327,0.9297831823823018,0.0006190476190476,0.016832884,4.213281063647643e-05,0.0273192558018951,0.0112033301581655
EASTERN,DENKYEMBOUR,EASTERN,DENKYEMBOUR,,6.248912641666665,-0.5143081338383853,77638.33333333333,23170.055555555555,23772.61111111111,23.95555555555556,42.24733757785995,44.162198507205474,20.873494691590462,29.335917747884466,52.90658541145175,1.00032500758375,60.06841270699139,,3.8363811779223314,2.872956036901534,3.337478673026071,58.78566205262642,34.20000000000001,24.82857142857143,33.33333333333334,65.46231407319578,44.67999999999999,151.697432915279,19.930263538768717,92.46783118938022,64.31119490744491,32.488333559408744,2.472934415732387,39.79947639909319,24.47497975673649,0.8888888888888888,0.4750662481422144,2.544588652205068,327693.09976430034,12930.166198172572,126.0,19877.19895089222,12.073991359477688,DHS Ghana 2003 (regional) + WHO GHO (national),WHO Global TB Programme (national 2013-2024),Ghana Statistical Service 2021 Census,"Ghana 260-district basemap (post-2018 Local Governance Act); Guan District (Oti Region) added as a 261st row sharing its parent Krachi East Municipal polygon for adjacency purposes (no distinct legacy polygon exists) -- structural-gap convention, not a distinct surveyed boundary",2.031580793845289,1,0.001,1,High-High,1.642289140499707,1,0.005,1,High-High,1.4007287984878467,0.001,Not Significant,7.069961414451228,1.3969413519744442,0.1430875670314387,-0.907801718386252,0.9824141772850508,0.0006190476190476,0.016832884,4.213281063647643e-05,0.0273192558018951,0.0112033301581655
EASTERN,KWAEBIBIREM,EASTERN,KWAEBIBIREM,,6.248912641666665,-0.5143081338383853,77638.33333333333,23170.055555555555,23772.61111111111,23.95555555555556,42.16418364065253,44.8526945938599,22.77111907194401,27.51468344671977,58.36477010428741,0.9383515568343422,60.06841270699139,,3.842054674050383,2.885821886057429,3.352378165995648,58.28581116329429,34.20000000000001,24.82857142857143,33.33333333333334,65.60697674896164,44.67999999999999,151.697432915279,19.930263538768717,92.46783118938022,64.31119490744491,32.488333559408744,2.472934415732387,39.79947639909319,24.47497975673649,0.8888888888888888,0.4719111501414556,2.5674709782942844,327713.9127704225,12872.569116378603,126.0,20062.45010129824,12.079298955781768,DHS Ghana 2003 (regional) + WHO GHO (national),WHO Global TB Programme (national 2013-2024),Ghana Statistical Service 2021 Census,"Ghana 260-district basemap (post-2018 Local Governance Act); Guan District (Oti Region) added as a 261st row sharing its parent Krachi East Municipal polygon for adjacency purposes (no distinct legacy polygon exists) -- structural-gap convention, not a distinct surveyed boundary",2.072279221445707,1,0.001,1,High-High,1.4672583905782162,1,0.015,1,High-High,1.4286763024941085,0.001,Not Significant,6.992773872306304,1.4734182922408825,0.1337094443336325,-1.0061911263616388,0.9781722214531272,0.0006190476190476,0.016832884,4.213281063647643e-05,0.0273192558018951,0.0112033301581655
EASTERN,KWAHU AFRAM PLAINS SOUTH,Eastern,Kwahu Afram Plains South,District,6.8854777,-0.460380290065423,74002.0,22847.0,19800.0,39.1,41.61999529441064,37.0477014841021,38.039907678007246,44.89729130597438,63.849571093871546,1.1848127384634577,57.62952352639118,Eastern,3.763825413298264,2.899244040955636,3.35495698008811,58.06369394474909,34.2,24.82857142857143,33.333333333333336,66.0252628393815,44.68,156.0009061924273,27.266631544496907,90.99608646589049,52.29839020599355,31.8292860890698,2.5525766424691247,37.93315449713081,23.09109812394416,1.0,0.4715971555055419,2.5528763318049537,329996.19577285374,13072.48562919758,126.0,20069.47289155428,11.943221977358034,DHS Ghana 2003 (regional) + WHO GHO (national),WHO Global TB Programme (national 2013-2024),Ghana Statistical Service 2021 Census,"Ghana 260-district basemap (post-2018 Local Governance Act); Guan District (Oti Region) added as a 261st row sharing its parent Krachi East Municipal polygon for adjacency purposes (no distinct legacy polygon exists) -- structural-gap convention, not a distinct surveyed boundary",4.757933945154874,1,0.001,1,High-High,1.0907725020641754,1,0.059,0,Not Significant,1.6842386028422955,0.001,Hot Spot 90%,5.831747336784904,0.2126689657298557,0.2382704564388209,-0.4207045891075718,0.957680544799349,0.99,0.9992781,0.9999809546754942,0.9621330338396016,0.9878480291655553
EASTERN,KWAHU AFRAM PLAINS NORTH,Eastern,Kwahu Afram Plains North,District,6.8753584,0.0047456123339843,66555.0,20752.0,17918.0,48.5,42.14351226426071,37.87974568785195,43.269510535505965,49.01025499841813,66.75998808070105,1.1752807334708495,58.10232138832544,Eastern,3.803568987071399,2.875638346901889,3.356715736639248,57.71231031481804,34.2,24.82857142857143,33.333333333333336,66.17416205318676,44.68,134.23802948987336,25.985536793714918,92.7531248083962,52.99681743775084,25.607238718549446,2.248817995868239,40.27518274795251,23.53402030339493,1.0,0.4728741554237784,2.564321291613457,326921.29022759537,12861.955210225906,126.0,20183.12570447303,12.042096358445464,DHS Ghana 2003 (regional) + WHO GHO (national),WHO Global TB Programme (national 2013-2024),Ghana Statistical Service 2021 Census,"Ghana 260-district basemap (post-2018 Local Governance Act); Guan District (Oti Region) added as a 261st row sharing its parent Krachi East Municipal polygon for adjacency purposes (no distinct legacy polygon exists) -- structural-gap convention, not a distinct surveyed boundary",5.000031903760095,1,0.001,1,High-High,1.7999949418217234,1,0.022,1,High-High,1.9291322676697005,0.001,Hot Spot 90%,5.850792993326515,0.2613254678049238,0.182261464056981,-0.1271161727713013,0.9682878054649648,0.992752380952381,0.999902,0.9999999752967552,0.9614040369371424,0.9885146007875668
EASTERN,SUHUM MUNICIPAL,Eastern,Suhum Municipal,Municipal,6.035885,-0.4552751,126403.0,36414.0,40187.0,17.6,41.669402784114574,41.95931182204412,18.41141019476551,28.02349104979992,56.21025281009604,0.8999096508141586,60.600618656202776,Eastern,3.847673786298913,2.8876904501299423,3.343639614993072,58.4084257418467,34.2,24.82857142857143,33.333333333333336,65.14305191669894,44.68,189.04591703206663,17.892328337405193,96.21994021660907,76.24142700045459,41.83437003714645,3.424872447099027,49.68009319828135,18.01916825286395,1.0,0.4711332857270502,2.5183258850480312,329877.86743382365,13019.81605300528,126.0,20112.75751049957,12.07557870190256,DHS Ghana 2003 (regional) + WHO GHO (national),WHO Global TB Programme (national 2013-2024),Ghana Statistical Service 2021 Census,"Ghana 260-district basemap (post-2018 Local Governance Act); Guan District (Oti Region) added as a 261st row sharing its parent Krachi East Municipal polygon for adjacency purposes (no distinct legacy polygon exists) -- structural-gap convention, not a distinct surveyed boundary",1.1090149620986938,1,0.01,1,High-High,2.1315919988173038,1,0.001,1,High-High,1.047338503421853,0.01,Not Significant,7.286113243561309,2.3818580665219247,0.1137022702755173,-1.1901954659141003,0.949791351577882,0.9540761904761904,0.99364835,0.999923170529534,0.959340244789888,0.9767469890086032
EASTERN,AYENSUANO,Eastern,Ayensuano,District,5.94469995,-0.449937193103216,94594.0,26702.0,27364.0,29.1,42.76558538467832,42.46608736520131,26.94737162626438,49.42697644874673,64.3228786624599,1.0028596842787254,57.15584497959701,Eastern,3.8195275129143753,2.914374009878553,3.358661018190777,58.60592557729235,34.2,24.82857142857143,33.333333333333336,65.43883696059466,44.68,153.20639154282452,22.956157708903092,87.42763366922026,50.68226261077038,33.1938955600811,1.9723215465011397,36.07458285028282,27.20830894798349,1.0,0.4713316499311692,2.5323989096705883,332769.3132047115,12906.513066099064,126.0,20052.17262523742,12.00488778727583,DHS Ghana 2003 (regional) + WHO GHO (national),WHO Global TB Programme (national 2013-2024),Ghana Statistical Service 2021 Census,"Ghana 260-district basemap (post-2018 Local Governance Act); Guan District (Oti Region) added as a 261st row sharing its parent Krachi East Municipal polygon for adjacency purposes (no distinct legacy polygon exists) -- structural-gap convention, not a distinct surveyed boundary",3.259503217632248,1,0.001,1,High-High,1.92830271405437,1,0.001,1,High-High,1.6097820537457352,0.001,Not Significant,7.387263894507806,2.384253073479704,0.1155537150993953,-1.0293147555695112,0.9530163635447332,0.9931666666666666,0.99962616,0.9999965240854432,0.9616395216562482,0.9886072180190818
EASTERN,ABUAKWA SOUTH,EASTERN,ABUAKWA SOUTH,,6.248912641666665,-0.5143081338383853,77638.33333333333,23170.055555555555,23772.61111111111,23.95555555555556,42.20694025031284,43.80877879862445,22.669136064217152,27.35422450073476,55.941215431242654,1.015598431331799,60.06841270699139,,3.783446375145148,2.931857740577132,3.374858559358352,57.72137772654186,34.20000000000001,24.82857142857143,33.33333333333334,65.74324296547223,44.67999999999999,151.697432915279,19.930263538768717,92.46783118938022,64.31119490744491,32.488333559408744,2.472934415732387,39.79947639909319,24.47497975673649,0.8888888888888888,0.4700672700219103,2.534607804433593,329004.3378740102,12853.963265531933,126.0,20029.23922095484,11.951431891875565,DHS Ghana 2003 (regional) + WHO GHO (national),WHO Global TB Programme (national 2013-2024),Ghana Statistical Service 2021 Census,"Ghana 260-district basemap (post-2018 Local Governance Act); Guan District (Oti Region) added as a 261st row sharing its parent Krachi East Municipal polygon for adjacency purposes (no distinct legacy polygon exists) -- structural-gap convention, not a distinct surveyed boundary",1.8923771180434512,1,0.002,1,High-High,1.6632159345951791,1,0.004,1,High-High,1.305137997650167,0.002,Not Significant,7.004590682102211,1.9889963927024523,0.122637053817228,-1.4446778466196537,0.9520414712730322,0.0006190476190476,0.016832884,4.213281063647643e-05,0.0273192558018951,0.0112033301581655
EASTERN,UPPER WEST AKIM,Eastern,Upper West Akim,District,5.80678025,-0.540057196199224,95855.0,26665.0,28405.0,29.7,44.13518145718785,44.48015581073512,29.1929210362737,48.14701333006974,61.52634500799624,0.9108616389190264,57.45135882322258,Eastern,3.833952413622896,2.8843180514725777,3.329253647292119,58.37048307900717,34.2,24.82857142857143,33.333333333333336,65.20919205753918,44.68,172.4519044847073,25.708887321947454,88.9030824764264,40.74813237228095,31.00039487207865,1.829036377571613,36.34494352914524,31.04023870698429,1.0,0.47108398773233,2.5262629795212592,329479.42727800104,12976.303772489126,126.0,19894.15842314884,11.857100113394758,DHS Ghana 2003 (regional) + WHO GHO (national),WHO Global TB Programme (national 2013-2024),Ghana Statistical Service 2021 Census,"Ghana 260-district basemap (post-2018 Local Governance Act); Guan District (Oti Region) added as a 261st row sharing its parent Krachi East Municipal polygon for adjacency purposes (no distinct legacy polygon exists) -- structural-gap convention, not a distinct surveyed boundary",4.165244985789748,1,0.001,1,High-High,1.6883931945778328,1,0.011,1,High-High,1.6409259569064627,0.001,Not Significant,7.495145692185545,2.2920626185294584,0.1266908507676089,-0.7844813620402733,0.9545630887566866,0.9859,0.99961495,0.9999994437630644,0.9613700305404216,0.9867211070745592
EASTERN,WEST AKIM,EASTERN,WEST AKIM,,6.248912641666665,-0.5143081338383853,77638.33333333333,23170.055555555555,23772.61111111111,23.95555555555556,42.40143815260969,47.69463866339134,23.49087639239057,35.31768324565546,53.854359685529445,0.964607341677983,60.06841270699139,,3.833183954119568,2.8907536133402942,3.37178811448032,57.85947236444489,34.20000000000001,24.82857142857143,33.33333333333334,65.33631050631249,44.67999999999999,151.697432915279,19.930263538768717,92.46783118938022,64.31119490744491,32.488333559408744,2.472934415732387,39.79947639909319,24.47497975673649,0.8888888888888888,0.4662927175197993,2.5531241764871133,327966.14414113073,12840.06452184619,126.0,20063.92571642835,12.061658288236716,DHS Ghana 2003 (regional) + WHO GHO (national),WHO Global TB Programme (national 2013-2024),Ghana Statistical Service 2021 Census,"Ghana 260-district basemap (post-2018 Local Governance Act); Guan District (Oti Region) added as a 261st row sharing its parent Krachi East Municipal polygon for adjacency purposes (no distinct legacy polygon exists) -- structural-gap convention, not a distinct surveyed boundary",2.7226127837589638,1,0.001,1,High-High,1.70237332971808,1,0.005,1,High-High,1.87525866229932,0.001,Hot Spot 90%,7.247204593380278,1.708925571403285,0.1428552996617879,-0.9030628353850167,0.9721411024437978,0.0006190476190476,0.016832884,4.213281063647643e-05,0.0273192558018951,0.0112033301581655
EASTERN,AKYEM MANSA,EASTERN,AKYEM MANSA,,6.248912641666665,-0.5143081338383853,77638.33333333333,23170.055555555555,23772.61111111111,23.95555555555556,42.43981815080718,47.04724781416139,20.32585572600341,31.703848299258745,57.15723572991816,0.9919638626163938,60.06841270699139,,3.78036029925832,2.890845569818007,3.358190543810373,58.21367063583782,34.20000000000001,24.82857142857143,33.33333333333334,65.12646692717821,44.67999999999999,151.697432915279,19.930263538768717,92.46783118938022,64.31119490744491,32.488333559408744,2.472934415732387,39.79947639909319,24.47497975673649,0.8888888888888888,0.4665095299175419,2.5338642739031734,327434.02386880264,12919.469778981056,126.0,19973.972724409447,11.872597195814036,DHS Ghana 2003 (regional) + WHO GHO (national),WHO Global TB Programme (national 2013-2024),Ghana Statistical Service 2021 Census,"Ghana 260-district basemap (post-2018 Local Governance Act); Guan District (Oti Region) added as a 261st row sharing its parent Krachi East Municipal polygon for adjacency purposes (no distinct legacy polygon exists) -- structural-gap convention, not a distinct surveyed boundary",1.9416960654629356,1,0.001,1,High-High,1.9598522526207995,1,0.001,1,High-High,1.3390051901157674,0.001,Not Significant,6.900285558530319,1.341630232208677,0.1179329029625534,-0.5909612836273972,0.9845057028268336,0.0006190476190476,0.016832884,4.213281063647643e-05,0.0273192558018951,0.0112033301581655
EASTERN,ATIWA EAST,Eastern,Atiwa East,District,6.3954833,-0.597296233359515,64647.0,18975.0,18809.0,18.4,42.59271842545679,45.79140976666808,18.37532517950881,22.77811849698564,62.42830299608031,1.0029783631198934,58.44664098875432,Eastern,3.8216891534703024,2.899078553970188,3.354428339303124,58.38938823761792,34.2,24.82857142857143,33.333333333333336,65.43133014176593,44.68,136.83961355115105,18.85835456987644,95.19637452081244,70.93244357623382,29.30065513596165,2.4090605753349656,39.096744053148505,28.69317715742298,1.0,0.4657496423606553,2.5368380174407905,327730.2361019505,12937.361594012187,126.0,19832.45282523924,12.008246840003732,DHS Ghana 2003 (regional) + WHO GHO (national),WHO Global TB Programme (national 2013-2024),Ghana Statistical Service 2021 Census,"Ghana 260-district basemap (post-2018 Local Governance Act); Guan District (Oti Region) added as a 261st row sharing its parent Krachi East Municipal polygon for adjacency purposes (no distinct legacy polygon exists) -- structural-gap convention, not a distinct surveyed boundary",1.800443484585574,1,0.001,1,High-High,1.1374881598365771,1,0.024,1,High-High,1.4455074134295824,0.001,Not Significant,7.057609747259847,1.1157771425037295,0.1795116628994531,-1.1193629796121942,0.9475822072540464,0.9581404761904764,0.99379313,0.9999587489519092,0.9573913694144558,0.9773209311194502
EASTERN,NEW JUABEN SOUTH MUNICIPAL,Eastern,New Juaben South Municipal,Municipal,6.0721368,-0.260652306105858,129741.0,42075.0,44834.0,8.5,41.58260054459636,50.93995579580757,7.93721900600585,9.77515499843236,42.51095590146993,0.9010244217749316,66.9865347114636,Eastern,3.8145066140375903,2.922875709855539,3.367894858038269,57.72774250601128,34.2,24.82857142857143,33.333333333333336,65.54665527457763,44.68,170.09797293403338,12.600075789301808,98.0,91.2338124026014,37.77033767577288,3.591902532712252,53.042378744843134,16.286985633293718,0.0,0.4703047542744996,2.5366400056757867,332001.2938921519,12869.93057882281,126.0,20089.9426912883,11.971348909071054,DHS Ghana 2003 (regional) + WHO GHO (national),WHO Global TB Programme (national 2013-2024),Ghana Statistical Service 2021 Census,"Ghana 260-district basemap (post-2018 Local Governance Act); Guan District (Oti Region) added as a 261st row sharing its parent Krachi East Municipal polygon for adjacency purposes (no distinct legacy polygon exists) -- structural-gap convention, not a distinct surveyed boundary",0.0345491321407086,1,0.013,1,High-High,2.052761420249908,1,0.001,1,High-High,0.9959013549326065,0.013,Not Significant,7.449073597370366,2.370856950771172,0.1283201543539785,-1.059133377996552,0.9404728856135642,0.546061111111111,0.697925,0.0422024422233143,0.2539291479594851,0.3850294182186039
EASTERN,BIRIM SOUTH,Eastern,Birim South,District,5.9375343,-1.0087951,35654.0,10135.0,11093.0,24.9,43.1312854417346,50.8803343036109,23.38753352628918,30.88507075642317,55.47251770344163,0.9049233922756844,59.53890166601224,Eastern,3.772556475393945,2.88822428192437,3.3803321301505576,58.71241494961712,34.2,24.82857142857143,33.333333333333336,65.93686215410179,44.68,147.86021567017107,21.72228464473463,89.35591684234141,62.0676371189919,27.111248463195928,1.9928377309960628,33.49934694750113,33.51739674908464,1.0,0.4697946116188556,2.557189193704068,329132.1322353546,12874.333930874816,126.0,19891.56116502797,12.090390616705443,DHS Ghana 2003 (regional) + WHO GHO (national),WHO Global TB Programme (national 2013-2024),Ghana Statistical Service 2021 Census,"Ghana 260-district basemap (post-2018 Local Governance Act); Guan District (Oti Region) added as a 261st row sharing its parent Krachi East Municipal polygon for adjacency purposes (no distinct legacy polygon exists) -- structural-gap convention, not a distinct surveyed boundary",2.616865172160801,1,0.003,1,High-High,2.1567254050020046,1,0.001,1,High-High,1.460992495701542,0.003,Not Significant,7.00566415615884,1.3013253156426037,0.1339953204826141,-0.5324335911674902,0.9846287010778152,0.8631,0.96141243,0.9985654200705036,0.9390476448655912,0.9405313736864164
EASTERN,ABUAKWA NORTH,EASTERN,ABUAKWA NORTH,,6.248912641666665,-0.5143081338383853,77638.33333333333,23170.055555555555,23772.61111111111,23.95555555555556,41.93834639232949,45.346838727881405,23.08296393122836,23.906536660828888,60.48061446412533,1.0075974520799134,60.06841270699139,,3.817156820935519,2.932275909151292,3.335558015686046,57.778522501917706,34.20000000000001,24.82857142857143,33.33333333333334,64.88307611818423,44.67999999999999,151.697432915279,19.930263538768717,92.46783118938022,64.31119490744491,32.488333559408744,2.472934415732387,39.79947639909319,24.47497975673649,0.8888888888888888,0.4734896846336693,2.529595647875462,327951.1752726894,13115.486312770656,126.0,20059.93592438205,11.931461856343152,DHS Ghana 2003 (regional) + WHO GHO (national),WHO Global TB Programme (national 2013-2024),Ghana Statistical Service 2021 Census,"Ghana 260-district basemap (post-2018 Local Governance Act); Guan District (Oti Region) added as a 261st row sharing its parent Krachi East Municipal polygon for adjacency purposes (no distinct legacy polygon exists) -- structural-gap convention, not a distinct surveyed boundary",1.5955488423478723,1,0.015,1,High-High,1.3970270637951938,1,0.038,1,High-High,1.1013067954813451,0.015,Not Significant,6.889813386435961,1.553410082838978,0.1501805931145201,-1.6071006547313502,0.9403393950941408,0.0006190476190476,0.016832884,4.213281063647643e-05,0.0273192558018951,0.0112033301581655
EASTERN,AKWAPEM NORTH,EASTERN,AKWAPEM NORTH,,6.248912641666665,-0.5143081338383853,77638.33333333333,23170.055555555555,23772.61111111111,23.95555555555556,41.82801535217223,45.5448215612664,22.4340129656556,28.372091563333964,53.416642128680216,1.011430055614238,60.06841270699139,,3.782471333755124,2.8719572874000643,3.362687803064907,58.31346847079173,34.20000000000001,24.82857142857143,33.33333333333334,65.88452214428561,44.67999999999999,151.697432915279,19.930263538768717,92.46783118938022,64.31119490744491,32.488333559408744,2.472934415732387,39.79947639909319,24.47497975673649,0.8888888888888888,0.4676885455243524,2.5585495337865,330462.763755747,12902.41416402763,126.0,19950.971175437808,11.873575600399498,DHS Ghana 2003 (regional) + WHO GHO (national),WHO Global TB Programme (national 2013-2024),Ghana Statistical Service 2021 Census,"Ghana 260-district basemap (post-2018 Local Governance Act); Guan District (Oti Region) added as a 261st row sharing its parent Krachi East Municipal polygon for adjacency purposes (no distinct legacy polygon exists) -- structural-gap convention, not a distinct surveyed boundary",1.581912413462909,1,0.01,1,High-High,2.0138058996655244,1,0.001,1,High-High,1.0919426953584772,0.01,Not Significant,7.736252689499901,2.579866915995429,0.1378596145458941,-0.7870513011476558,0.9263116866104654,0.0006190476190476,0.016832884,4.213281063647643e-05,0.0273192558018951,0.0112033301581655
EASTERN,FANTEAKWA SOUTH,Eastern,Fanteakwa South,District,6.37117379999999,-0.311872167608319,54634.0,16955.0,16368.0,21.7,41.10499618848111,45.72218803299418,13.738708508308932,27.105338490337715,51.60494655313609,1.0402489902433596,60.99315444594941,Eastern,3.795000600554495,2.888038487321108,3.362446353934685,58.19326713567191,34.2,24.82857142857143,33.333333333333336,65.93347076600801,44.68,107.76880461094832,18.82014876984762,94.77517895777343,63.94304377409819,35.22341520793056,2.415189843772521,41.05810077391446,23.69806903897255,1.0,0.4702196166472321,2.5518184396093977,331011.255878046,13104.386365556093,126.0,19789.920836530688,11.885983937696732,DHS Ghana 2003 (regional) + WHO GHO (national),WHO Global TB Programme (national 2013-2024),Ghana Statistical Service 2021 Census,"Ghana 260-district basemap (post-2018 Local Governance Act); Guan District (Oti Region) added as a 261st row sharing its parent Krachi East Municipal polygon for adjacency purposes (no distinct legacy polygon exists) -- structural-gap convention, not a distinct surveyed boundary",1.8445171717003528,1,0.001,1,High-High,1.2441472917535208,1,0.015,1,High-High,1.4895048907374506,0.001,Not Significant,6.252516220015698,0.4035589809346147,0.1959832793755492,-2.049339220535788,0.920108665028058,0.9600142857142856,0.99716455,0.9999901309416394,0.9581770275078262,0.9788364979017852
EASTERN,BIRIM CENTRAL MUNICIPAL,Eastern,Birim Central Municipal,Municipal,5.97391735,-1.00480959493596,76302.0,22690.0,26007.0,11.9,41.92182819075028,53.6684827033548,9.827355675966258,12.911008987214847,54.40691921559101,0.9068216597808136,63.82139393462819,Eastern,3.7649682975166434,2.90505380236271,3.367128194151591,58.09031118836587,34.2,24.82857142857143,33.333333333333336,65.72475587964354,44.68,167.83475999797326,16.22775559160189,98.0,81.85343923757893,38.56824954788092,3.928414087643519,48.552480021863126,16.90364913597508,1.0,0.466303779015476,2.558844241259315,326110.2015223582,13020.211791349462,126.0,19971.10525382072,11.900101796389688,DHS Ghana 2003 (regional) + WHO GHO (national),WHO Global TB Programme (national 2013-2024),Ghana Statistical Service 2021 Census,"Ghana 260-district basemap (post-2018 Local Governance Act); Guan District (Oti Region) added as a 261st row sharing its parent Krachi East Municipal polygon for adjacency purposes (no distinct legacy polygon exists) -- structural-gap convention, not a distinct surveyed boundary",1.1485367733692662,1,0.003,1,High-High,1.617176604111701,1,0.018,1,High-High,1.5540458968585484,0.003,Not Significant,7.026623756178542,1.3221903621061193,0.1360986563512403,-0.6226683011792273,0.9851541017313482,0.9330039682539684,0.98730993,0.9998305420081418,0.9562572064351754,0.9691004123515063
OTI,GUAN,Oti,Guan,District,7.19092,0.60951,28238.0,8175.0,8206.0,28.1,42.984341056917,48.373126927320975,12.920600788331036,26.28058007215221,52.68922826333389,0.9957645175810388,58.01,Volta (pre 2022),1.1964762047398945,0.299829810154211,0.7545406241337523,53.15714298331956,41.46666699840138,29.342857,33.333332954505266,34.713167152225296,45.56107213096111,55.083745,5.01531211624075,92.69894639642276,61.32166209134728,30.907162784067264,2.81120065647205,46.51359807258147,17.923055174856948,0.0,0.47,2.571975488305182,330271.1262305232,13020.399057820325,126.0,20194.593964871776,11.961927433956786,DHS Ghana 2003 (regional) + WHO GHO (national),WHO Global TB Programme (national 2013-2024),Ghana Statistical Service 2021 Census,"Ghana 260-district basemap (post-2018 Local Governance Act); Guan District (Oti Region) added as a 261st row sharing its parent Krachi East Municipal polygon for adjacency purposes (no distinct legacy polygon exists) -- structural-gap convention, not a distinct surveyed boundary",1.5145972518985835,3,0.002,1,Low-Low,2.3691678752225296,3,0.001,1,Low-Low,-1.0598072522661814,0.002,Not Significant,6.94366,1.207433,0.142363,-0.307974,0.947156,0.0124,0.000570323,3.562178271210581e-07,0.0267101583165328,0.0099202093903911
