FID,OBJECTID,REGION,DISTRICT,FID_,Shape_Leng,Shape_Area,Shape__Area,Shape__Length,DISTRICT_norm,REGION_norm,Region_norm,District_norm,District,Region,Classification,Latitude,Longitude,Employed,Unemployed,Poverty_Incidence_pct,Poverty_Intensity_pct,Illiterate,Uninsured,Male_0_14,Female_0_14,Male_15_64,Female_15_64,Male_65p,Female_65p,Total_Population,Unemployment_Rate_pct,Illiteracy_Rate_pct,Uninsurance_Rate_pct,Youth_pop,Working_age_pop,Elderly_pop,Sexually_Active_Pop_pct,Youth_Dependency_Ratio,Sex_Ratio_15_64,Population_Density_proxy,DHS_Region,HIV_Prev_Women_pct,HIV_Prev_Men_pct,HIV_Prev_Total_pct,HIV_Awareness_Women_pct,Condom_Use_pct,High_Risk_Sex_pct,Ever_Tested_HIV_pct,Know_Where_Test_pct,Accepting_Attitudes_pct,Nat_HIV_New_Infections_per1000,Nat_HIV_Positivity_pct,Nat_PLHIV_All_Ages,Nat_HIV_Deaths,Nat_ART_Coverage_Children_pct,Nat_TB_Incidence_per100k,Nat_TB_New_Relapse_Cases,Nat_TB_Treatment_Coverage_pct,Nat_TB_HIV_Positive_pct,Nat_TB_Treatment_Success_pct,Nat_MDR_TB_Cases,Nat_Doctors_per10k,Nat_Nurses_per10k,Nat_OOP_Expenditure_pct_CHE,z_HIV_prev,z_poverty,z_uninsured,z_illit,z_density,Urbanicity,z_urban,TB_Incidence_per100k,TB_HIV_CoInfection_pct,ART_Coverage_pct,TB_Treatment_Success_pct,VCT_Uptake_pct,Doctors_per10k,Nurses_per10k,OOP_Expenditure_pct,HIV_TB_Hotspot,LISA_I,LISA_quadrant,LISA_p_sim,LISA_sig,LISA_cluster,BvLISA_I,BvLISA_quadrant,BvLISA_p,BvLISA_sig,BvLISA_cluster,Gi_z,Gi_p,Gi_cluster,GWR_coef_HIV_Prev_Total_pct,GWR_local_R2,GWR_coef_Poverty_Intensity_pct,GWR_coef_Uninsurance_Rate_pct,GWR_coef_Doctors_per10k
1,1,GREATER ACCRA,ADENTA MUNICIPAL,0,51531.3219344,79259710.9952,79259710.9952073,51531.3219343798,ADENTA MUNICIPAL,GREATER ACCRA,,,ADENTA MUNICIPAL,GREATER ACCRA,,5.624192658333333,-0.23498286628694398,67464.0,53000.38888888889,13.344444444444443,43.34444444444444,18517.277777777777,71015.16666666667,26534.944444444445,26579.166666666668,55808.77777777778,58485.944444444445,2689.9444444444443,3479.722222222222,173578.5,44.993700934165375,12.344920186799994,40.636601097780456,53114.11111111111,114294.72222222222,6169.666666666667,65.98249284508076,46.14543527948846,0.9474146027276813,173.5785,,2.6,1.4,2.0,55.5357142857143,43.53333333333333,31.47142857142857,33.33333333333334,60.05,52.97,0.47,2.54,330000.0,13000.0,36.0,126.0,20009.0,46.0,12.0,90.0,192.0,2.66,41.1,25.03213501,0.14303604996582658,-0.05599398868081167,0.7172362366231387,-1.128768687619977,0.7107491115522266,1.8888888888888888,0.7169680237364382,144.0384651859599,12.35353247494442,67.95737985565589,92.37824944419664,39.42698900961371,3.3474906506070354,45.87963772048502,22.56093875901817,0.16666666666666666,0.00017741566671577977,3,0.491,0,Not Significant,0.10400416465474259,1,0.1,0,Not Significant,-0.013370981623306813,0.491,Not Significant,7.933066689106765,0.9122931768754453,2.7626194225373144,0.14166181253004248,-0.5692562666551992
2,2,GREATER ACCRA,LEDZOKUKU MUNICIPAL,1,26490.4216944,29720061.5022,29720061.5021977,26490.4216944364,LEDZOKUKU MUNICIPAL,GREATER ACCRA,GREATER ACCRA,LEDZOKUKU MUNICIPAL,Ledzokuku Municipal,Greater Accra,Municipal,5.6050983,-0.114493361214251,84358.0,72808.0,11.3,43.3,18575.0,82055.0,29909.0,30229.0,72722.0,76060.0,3468.0,4916.0,217304.0,46.32554114757645,8.547932849832494,37.7604646025844,60138.0,148782.0,8384.0,68.46721643411993,40.420212122434165,0.9561135945306337,217.304,Greater Accra,2.6,1.4,2.0,55.535714285714285,43.53333333333334,31.47142857142857,33.333333333333336,60.05,52.97,0.47,2.54,330000.0,13000.0,36.0,126.0,20009.0,46.0,12.0,90.0,192.0,2.66,41.1,25.03213501,0.14303604996582658,-0.0815660465035446,0.5043571790430982,-1.386344820767931,1.4504555914192239,2.0,0.9208118736222883,159.53851108724461,13.006728066648177,62.46333557569104,88.74465810563233,41.815179158411354,3.5342212419752026,46.68850281663604,24.110094596587444,0.0,-0.014057613264893139,4,0.444,0,Not Significant,0.07332042874412628,1,0.185,0,Not Significant,-0.12299215460048996,0.444,Not Significant,7.962531959320782,0.9072526761852613,2.7901093389431484,0.14246081104526256,-0.5164085836114978
3,3,NORTHERN EAST,CHEREPONI,2,266759.459907,1428011181.39,1428011181.38721,266759.459907295,CHEREPONI,NORTHERN EAST,,,Chereponi,North East,District,10.1792654,0.207987165887793,18122.0,27082.0,53.8,44.2,49085.0,32497.0,21399.0,20573.0,20495.0,22457.0,940.0,1312.0,87176.0,59.91062737810813,56.3056345783243,37.277461686702765,41972.0,42952.0,2252.0,49.27044140589153,97.71838331160365,0.9126330320167431,87.176,Northern (pre 2022),0.7,0.8,0.75,35.45,19.2,15.114285714285714,33.333333333333336,30.55,38.71,0.47,2.54,330000.0,13000.0,36.0,126.0,20009.0,46.0,12.0,90.0,192.0,2.66,41.1,25.03213501,-1.329062098341774,0.4362681244067745,0.4686074134415581,1.8533931734816782,-0.3250179389463613,1.0,-0.9137827753503625,84.81624834931498,11.192196676199577,58.72018790137363,81.67266598030915,23.259211629236347,1.756288690940473,35.5392339427036,31.861074048837136,0.0,0.23233518236018771,3,0.063,0,Not Significant,0.5908841093717299,3,0.252,0,Not Significant,-0.9711255291872578,0.063,Not Significant,7.2508994060144465,0.8332167192356177,1.3528596148239334,0.19937492790763678,-0.8098204085564059
4,4,UPPER WEST,WA EAST,3,387390.557156,4460865081.87,4460865081.87291,387390.557156417,WA EAST,UPPER WEST,UPPER WEST,WA EAST,Wa East,Upper West,District,10.06069,-2.50192,24065.0,29821.0,48.7,45.3,53226.0,28685.0,19492.0,18079.0,25357.0,24624.0,1772.0,2133.0,91457.0,55.34090487325094,58.19784160862482,31.3644663612408,37571.0,49981.0,3905.0,54.64972610079053,75.17056481462956,1.0297677063027941,91.457,Upper West,2.0,1.6,1.8,43.15,44.5,15.28,33.333333333333336,51.25,40.75,0.47,2.54,330000.0,13000.0,36.0,126.0,20009.0,46.0,12.0,90.0,192.0,2.66,41.1,25.03213501,-0.09249965376338945,1.0691765555193793,0.0309533332329195,1.9817547735415395,-0.2321683265328821,1.0,-0.9137827753503625,131.55781331209846,23.31024390990674,56.27752194674105,87.1800117616294,23.884948694132092,1.56292399329393,33.92988560871889,31.474526248883585,1.0,0.8429883409306692,1,0.135,0,Not Significant,-0.022720441799500182,2,0.278,0,Not Significant,0.40925419971888455,0.135,Not Significant,7.857503049920599,0.8151609407592697,1.140850876661545,0.20830287307440312,-0.4227062481037489
5,5,UPPER WEST,WA MUNICIPAL,4,147841.186239,601703817.818,601703817.817902,147841.186238559,WA MUNICIPAL,UPPER WEST,UPPER WEST,WA MUNICIPAL,Wa Municipal,Upper West,Municipal,10.0623261,-2.5054273,55802.0,74417.0,16.5,43.4,54484.0,21847.0,35425.0,35028.0,60148.0,62830.0,2920.0,4321.0,200672.0,57.14757447069936,27.150773401371392,10.886919948971457,70453.0,122978.0,7241.0,61.28308882155956,57.289108621054176,0.9573133853254815,200.672,Upper West,2.0,1.6,1.8,43.15,44.5,15.28,33.333333333333336,51.25,40.75,0.47,2.54,330000.0,13000.0,36.0,126.0,20009.0,46.0,12.0,90.0,192.0,2.66,41.1,25.03213501,-0.09249965376338945,-0.02402891640239758,-1.484705186130322,-0.12438440067861171,1.2952534076108893,2.0,0.9208118736222883,144.53536417919057,10.468092636004261,71.061963390185,95.63245233521477,38.46724601475106,3.2119703264738537,46.86183749680993,24.391616141770093,0.0,-0.47063370073639205,2,0.007,1,Low-High,-0.08785400082622373,2,0.018,1,Low-High,1.2356974755306223,0.007,Not Significant,7.729822504117965,0.8262733978067733,1.2765432468011626,0.2109526734347254,-0.2092502267093826
6,6,NORTHERN,SABOBA,5,284562.677158,-1814443060.0,1814443059.99963,284562.677158464,SABOBA,NORTHERN,NORTHERN,SABOBA,Saboba,Northern,District,9.70870525,0.196098328672698,23478.0,30002.0,46.0,45.3,43917.0,20603.0,21316.0,20887.0,24741.0,26074.0,1115.0,1550.0,95683.0,56.09947643979057,45.89843545875443,21.53256064295643,42203.0,50815.0,2665.0,53.10765757762612,83.0522483518646,0.9488762752166909,95.683,Northern (pre 2022),0.7,0.8,0.75,35.45,19.2,15.114285714285714,33.333333333333336,30.55,38.71,0.47,2.54,330000.0,13000.0,36.0,126.0,20009.0,46.0,12.0,90.0,192.0,2.66,41.1,25.03213501,-1.329062098341774,1.0691765555193793,-0.6967613725955725,1.1474002722094507,-0.14463588895758217,1.0,-0.9137827753503625,88.8093061216448,5.0,50.8066471995829,87.31323926409118,25.646102058719478,1.7378768998326681,30.30240884304698,31.355616811192547,0.0,0.819391088897401,3,0.264,0,Not Significant,2.066801870640961,3,0.067,0,Not Significant,-0.5747528468329915,0.264,Not Significant,7.282526095302863,0.8404559995322578,1.419320832180843,0.1998698859308436,-0.740628610638762
7,7,UPPER WEST,JIRAPA,6,195444.875494,1237505755.07,1237505755.073,195444.875493727,JIRAPA,UPPER WEST,,,JIRAPA,UPPER WEST,,10.331309325000001,-2.5010639733851683,22604.0,33357.0,38.31666666666667,45.45,39761.833333333336,16883.833333333332,17622.666666666668,16915.666666666668,25148.333333333332,26407.0,1737.3333333333333,2668.3333333333335,90499.33333333333,60.220528990226306,48.56478902504608,19.52035186362221,34538.333333333336,51555.333333333336,4405.666666666667,55.87731189798481,69.68416081546695,0.9579295459042988,90.49933333333333,,2.0,1.6,1.8,43.15,44.5,15.28,33.333333333333336,51.25,40.75,0.47,2.54,330000.0,13000.0,36.0,126.0,20009.0,46.0,12.0,90.0,192.0,2.66,41.1,25.03213501,-0.09249965376338944,1.1554822506710998,-0.8456962751339002,1.3282776310892328,-0.535918997663776,1.3333333333333333,-0.3022512256928122,145.7596566523359,15.920631782544985,59.41206422037907,86.14625119499793,28.113315343091156,2.0980669933216114,34.20467384990838,31.861068674087225,0.3333333333333333,0.40419974599150355,1,0.088,0,Not Significant,-0.0620573997207746,2,0.058,0,Not Significant,0.5963505466445488,0.088,Not Significant,7.803358671603219,0.8184231891168608,1.134777541244024,0.20991040439769215,-0.5373935631042285
8,8,NORTHERN,GUSHEGU,7,432995.785385,2774184675.84,2774184675.83577,432995.785385249,GUSHEGU,NORTHERN,,,GUSHEGU,NORTHERN,,9.373536909090909,-0.2253629781244969,24865.272727272728,30806.272727272728,47.32727272727273,44.663636363636364,54787.90909090909,40993.454545454544,24114.272727272728,22845.090909090908,25133.0,27125.090909090908,1518.1818181818182,1895.2727272727273,102630.90909090909,54.90052010179384,53.81589280795561,40.26299663095476,46959.36363636364,52258.09090909091,3413.4545454545455,50.717552248660915,90.8562441098883,0.9240810152540249,102.6309090909091,,0.7,0.8,0.75,35.45,19.2,15.114285714285716,33.333333333333336,30.55,38.71,0.47,2.54,330000.0,13000.0,36.0,126.0,20009.0,46.0,12.0,90.0,192.0,2.66,41.1,25.03213501,-1.329062098341774,0.7030311821484498,0.6895836662606438,1.6844966244980084,-0.08000188474764794,1.0909090909090908,-0.7470014436255762,95.51841001423045,9.684657481160727,53.16703835104302,84.96003306783635,25.069892446248392,1.8733801613503849,34.36916470198193,30.744014448432328,0.09090909090909091,0.1874799425093948,3,0.195,0,Not Significant,0.8228806510816151,3,0.064,0,Not Significant,-0.3539238619212889,0.195,Not Significant,7.419764855543461,0.8269405519695371,1.3635683912696386,0.20257545710780306,-0.6771681440069883
9,9,UPPER WEST,SISSALA WEST,8,291724.435485,2138822274.59,2138822274.58873,291724.43548538,SISSALA WEST,UPPER WEST,UPPER WEST,SISSALA WEST,Sissala West,Upper West,District,10.7467085,-2.29346951572635,15085.0,22345.0,32.3,46.1,31815.0,7964.0,13593.0,12805.0,16844.0,17554.0,1119.0,1913.0,63828.0,59.69810312583489,49.844895657078396,12.477282697248857,26398.0,34398.0,3032.0,53.8917089678511,76.74283388569103,0.9595533781474308,63.828,Upper West,2.0,1.6,1.8,43.15,44.5,15.28,33.333333333333336,51.25,40.75,0.47,2.54,330000.0,13000.0,36.0,126.0,20009.0,46.0,12.0,90.0,192.0,2.66,41.1,25.03213501,-0.09249965376338945,1.5294735963285515,-1.3669934837722535,1.41511619204142,-0.9274429905112125,1.0,-0.9137827753503625,130.75242661456883,15.279873697845737,62.17224152849366,82.8585056327032,26.549507480851073,1.586551241514868,28.019441810850164,35.72556106176129,0.0,0.3352658776128967,1,0.116,0,Not Significant,-0.07020038902381495,2,0.052,0,Not Significant,0.6048457210169235,0.116,Not Significant,7.909330242337106,0.8140638178285248,1.0535158414025534,0.20938642844195882,-0.713918315685436
10,10,NORTHERN,NANUMBA NORTH,9,470334.602992,2331898006.24,2331898006.23914,470334.602992447,NANUMBA NORTH,NORTHERN,,,NANUMBA NORTH,NORTHERN,,9.373536909090909,-0.2253629781244969,24865.272727272728,30806.272727272728,47.32727272727273,44.663636363636364,54787.90909090909,40993.454545454544,24114.272727272728,22845.090909090908,25133.0,27125.090909090908,1518.1818181818182,1895.2727272727273,102630.90909090909,54.90052010179384,53.81589280795561,40.26299663095476,46959.36363636364,52258.09090909091,3413.4545454545455,50.717552248660915,90.8562441098883,0.9240810152540249,102.6309090909091,,0.7,0.8,0.75,35.45,19.2,15.114285714285716,33.333333333333336,30.55,38.71,0.47,2.54,330000.0,13000.0,36.0,126.0,20009.0,46.0,12.0,90.0,192.0,2.66,41.1,25.03213501,-1.329062098341774,0.7030311821484498,0.6895836662606438,1.6844966244980084,-0.08000188474764794,1.0909090909090908,-0.7470014436255762,95.51841001423045,9.684657481160727,53.16703835104302,84.96003306783635,25.069892446248392,1.8733801613503849,34.36916470198193,30.744014448432328,0.09090909090909091,0.39331654226832197,3,0.047,1,Low-Low,1.3307313006302954,3,0.018,1,Low-Low,-0.7402489696107565,0.047,Not Significant,7.946917861429916,0.8697835474934247,1.671899340009552,0.20061203995087398,-0.5252917373015893
11,11,UPPER WEST,LAMBUSSIE-KARNI,10,192707.584723,846708955.961,846708955.961304,192707.584722893,LAMBUSSIE-KARNI,UPPER WEST,,,LAMBUSSIE-KARNI,UPPER WEST,,10.331309325000001,-2.5010639733851683,22604.0,33357.0,38.31666666666667,45.45,39761.833333333336,16883.833333333332,17622.666666666668,16915.666666666668,25148.333333333332,26407.0,1737.3333333333333,2668.3333333333335,90499.33333333333,60.220528990226306,48.56478902504608,19.52035186362221,34538.333333333336,51555.333333333336,4405.666666666667,55.87731189798481,69.68416081546695,0.9579295459042988,90.49933333333333,,2.0,1.6,1.8,43.15,44.5,15.28,33.333333333333336,51.25,40.75,0.47,2.54,330000.0,13000.0,36.0,126.0,20009.0,46.0,12.0,90.0,192.0,2.66,41.1,25.03213501,-0.09249965376338944,1.1554822506710998,-0.8456962751339002,1.3282776310892328,-0.535918997663776,1.3333333333333333,-0.3022512256928122,145.7596566523359,15.920631782544985,59.41206422037907,86.14625119499793,28.113315343091156,2.0980669933216114,34.20467384990838,31.861068674087225,0.3333333333333333,0.26673307266961344,1,0.218,0,Not Significant,-0.057375437661598395,2,0.097,0,Not Significant,0.3944262807171556,0.218,Not Significant,7.892408784656718,0.8154991243752566,1.0627263230822763,0.20967318094545076,-0.6802533633849646
12,12,UPPER EAST,BOLGATANGA MUNICIPAL,11,114364.623845,339312033.468,339312033.467705,114364.623845256,BOLGATANGA MUNICIPAL,UPPER EAST,UPPER EAST,BOLGATANGA MUNICIPAL,Bolgatanga Municipal,Upper East,Municipal,10.7853963,-0.8487322,41187.0,52286.0,20.2,44.8,40341.0,12511.0,24732.0,24304.0,40979.0,46310.0,2139.0,4045.0,142509.0,55.93700854792293,28.307685830368605,8.779094653670997,49036.0,87289.0,6184.0,61.25157007627588,56.176608736496,0.8848844741956381,142.509,Upper East,0.8,2.2,1.5,52.128571428571426,38.05,20.716666666666665,33.333333333333336,39.25,39.74,0.47,2.54,330000.0,13000.0,36.0,126.0,20009.0,46.0,12.0,90.0,192.0,2.66,41.1,25.03213501,-0.4458032093572136,0.7814909050136484,-1.640717205433441,-0.04590296173604643,0.6288883550214736,2.0,0.9208118736222883,152.84632518363387,5.532863367742191,76.25311636121205,90.91284468616718,35.99092788513334,3.1615273359115457,43.78827355043289,26.54485300370877,0.0,-0.9438899688468225,2,0.075,0,Not Significant,-0.6001523381697628,2,0.002,1,Low-High,0.7007894671727612,0.075,Not Significant,7.957779423374431,0.8177485210477133,1.135431226159362,0.20868487327583668,-0.7534817956928025
13,13,NORTHERN,NANUMBA SOUTH,12,387397.319808,1843437760.57,1843437760.56687,387397.319808339,NANUMBA SOUTH,NORTHERN,NORTHERN,NANUMBA SOUTH,Nanumba South,Northern,District,8.76637935,0.0549741822848612,30173.0,24524.0,46.3,42.3,58488.0,46239.0,26547.0,25130.0,24635.0,26996.0,1329.0,1737.0,106374.0,44.83609704371354,54.98336059563427,43.468328726944556,51677.0,51631.0,3066.0,48.53723654276421,100.08909376149988,0.9125425989035413,106.374,Northern (pre 2022),0.7,0.8,0.75,35.45,19.2,15.114285714285714,33.333333333333336,30.55,38.71,0.47,2.54,330000.0,13000.0,36.0,126.0,20009.0,46.0,12.0,90.0,192.0,2.66,41.1,25.03213501,-1.329062098341774,-0.6569373475150065,0.9268283439611196,1.763694107038266,0.060771142678473514,1.0,-0.9137827753503625,49.06831151482602,5.0,61.90443037238464,86.13178279143762,26.176968664705967,1.969075321357764,34.35549417356967,24.435754079977936,0.0,0.8820138892862309,3,0.081,0,Not Significant,1.8268488403144696,3,0.004,1,Low-Low,-0.6182523067828977,0.081,Not Significant,7.755229893973992,0.896118454629025,1.6558986890588148,0.1876720469812114,-0.5675995511830875
14,14,BONO,WENCHI MUNICIPAL,13,255216.088194,1174178188.0,1174178188.00168,255216.088193615,WENCHI MUNICIPAL,BONO,BONO,WENCHI MUNICIPAL,Wenchi Municipal,Bono,Municipal,7.80281055,-2.08141333112632,38543.0,39547.0,23.6,42.2,42124.0,25271.0,23537.0,23131.0,35042.0,37424.0,2381.0,3243.0,124758.0,50.642847995902166,33.76456820404303,20.25601564629122,46668.0,72466.0,5624.0,58.085253049904615,64.39985648442028,0.9363510047028645,124.758,Brong-Ahafo,3.8,1.3,2.55,55.40714285714286,26.266666666666666,21.057142857142857,33.333333333333336,69.25,41.26,0.47,2.54,330000.0,13000.0,36.0,126.0,20009.0,46.0,12.0,90.0,192.0,2.66,41.1,25.03213501,0.7907592352211705,-0.7144744776161496,-0.7912456560440467,0.32427542868672754,0.37029304581707395,2.0,0.9208118736222883,144.58428130028352,15.052605099102475,81.63497746566038,96.76756276988363,38.26012017523734,3.5792859275772813,47.87365088326468,19.54544908998057,0.0,0.037082484870965104,1,0.421,0,Not Significant,0.030967533788466745,1,0.467,0,Not Significant,0.07438678101197327,0.421,Not Significant,8.62014647677669,0.7415593485925822,1.8565508199616045,0.17477557134462834,-0.14290140137903617
15,15,UPPER EAST,BONGO,14,108566.010905,433102702.762,433102702.762497,108566.010904799,BONGO,UPPER EAST,UPPER EAST,BONGO,Bongo,Upper East,District,10.9166838999999,-0.805767855895511,16592.0,56294.0,54.0,48.5,51970.0,19822.0,22357.0,21188.0,30052.0,35165.0,2685.0,4984.0,116431.0,77.23568312158714,44.635878760811124,17.024675558914723,43545.0,65217.0,7669.0,56.013432848639965,66.7694006164037,0.8545997440636997,116.431,Upper East,0.8,2.2,1.5,52.128571428571426,38.05,20.716666666666665,33.333333333333336,39.25,39.74,0.47,2.54,330000.0,13000.0,36.0,126.0,20009.0,46.0,12.0,90.0,192.0,2.66,41.1,25.03213501,-0.4458032093572136,2.9103647187560595,-1.0304153316384672,1.0617522456885058,0.23612006102502986,1.0,-0.9137827753503625,162.6097776898737,20.06234051183547,40.41890195934417,72.71626436953704,24.463432033480633,1.0218274395879068,25.199716000997263,45.9263292928531,1.0,0.4250734062027517,1,0.288,0,Not Significant,-0.6277043082251398,2,0.002,1,Low-High,0.2926410372893141,0.288,Not Significant,7.930862256099277,0.8199523515712792,1.1476631980458813,0.2081515094468333,-0.7714977024664762
16,16,AHAFO,TANO SOUTH MUNICIPAL,15,139857.587366,500131375.723,500131375.722946,139857.587365599,TANO SOUTH MUNICIPAL,AHAFO,AHAFO,TANO SOUTH MUNICIPAL,Tano South Municipal,Ahafo,Municipal,7.16093674999999,-1.99681708617696,28999.0,26149.0,23.7,42.6,24275.0,17791.0,16367.0,15474.0,24906.0,26294.0,1636.0,2312.0,86989.0,47.41604409951404,27.90582717355068,20.452011173826577,31841.0,51200.0,3948.0,58.85801653082574,62.18945312500001,0.9472122917775918,86.989,Brong-Ahafo,3.8,1.3,2.55,55.40714285714286,26.266666666666666,21.057142857142857,33.333333333333336,69.25,41.26,0.47,2.54,330000.0,13000.0,36.0,126.0,20009.0,46.0,12.0,90.0,192.0,2.66,41.1,25.03213501,0.7907592352211705,-0.4843259572115655,-0.7767389233972064,-0.0731638371904956,-0.32917582679668406,2.0,0.9208118736222883,145.79367839322168,17.135339523581223,78.08742025527049,94.4892423153372,39.99625504768888,3.5369418943122715,45.56927026702992,21.754342870901798,1.0,-0.49535461374357503,4,0.141,0,Not Significant,-0.44414123248143245,4,0.125,0,Not Significant,-0.5369655369050669,0.141,Not Significant,8.057042257825412,0.5224561149161677,1.4767372850938822,0.14730508581792337,-0.23327448824650454
17,17,UPPER EAST,KASENA NANKANA WEST,16,266886.110745,-911278698.277,911278697.95166,266886.11154353,KASENA NANKANA WEST,UPPER EAST,UPPER EAST,KASENA NANKANA WEST,Kasena Nankana West,Upper East,District,10.895598,-1.30768,15015.0,42880.0,53.6,47.4,37336.0,12340.0,16879.0,15961.0,24454.0,26493.0,2576.0,4372.0,90735.0,74.06511788582779,41.1483991844382,13.600044084421667,32840.0,50947.0,6948.0,56.14922576734447,64.45914381612263,0.9230362737326842,90.735,Upper East,0.8,2.2,1.5,52.128571428571426,38.05,20.716666666666665,33.333333333333336,39.25,39.74,0.47,2.54,330000.0,13000.0,36.0,126.0,20009.0,46.0,12.0,90.0,192.0,2.66,41.1,25.03213501,-0.4458032093572136,2.2774562876434503,-1.283891591220275,0.8251721826030096,-0.24752224704269218,1.0,-0.9137827753503625,139.60365313011658,13.246857355362861,51.51175845612252,80.78091339510213,27.67025750770435,1.5412429096377276,28.87213937771238,37.2136723748594,0.0,0.0,4,0.001,1,High-Low,-0.0,3,0.001,1,Low-Low,,0.001,Not Significant,8.020538380144092,0.8148925695114305,1.0788032165799577,0.2098844273723824,-0.7830812969586743
18,18,UPPER WEST,WA WEST,17,238041.872424,1546667105.94,1546667105.93777,238041.87242428,WA WEST,UPPER WEST,UPPER WEST,WA WEST,Wa West,Upper West,District,9.8985772,-2.6832633,18605.0,38398.0,61.9,48.7,54974.0,29934.0,20291.0,19663.0,23133.0,27784.0,2456.0,3630.0,96957.0,67.36136694559936,56.69936157265592,30.873479996287013,39954.0,50917.0,6086.0,52.51503243705973,78.46888072745841,0.8326014972646127,96.957,Upper West,2.0,1.6,1.8,43.15,44.5,15.28,33.333333333333336,51.25,40.75,0.47,2.54,330000.0,13000.0,36.0,126.0,20009.0,46.0,12.0,90.0,192.0,2.66,41.1,25.03213501,-0.09249965376338945,3.0254389789583533,-0.005387332389379937,1.8801024215554154,-0.11899729739708713,1.0,-0.9137827753503625,184.78301165069408,21.562143309408373,37.46578436502004,75.33578686787604,22.196547781106904,0.9469007308179936,23.625883412092904,42.90109236067925,1.0,0.8459204419892639,1,0.169,0,Not Significant,-0.028214682184314308,2,0.268,0,Not Significant,0.4850288900578708,0.169,Not Significant,7.683491466941534,0.8368078235300432,1.3797243438669813,0.21208589463010144,-0.03693058665941232
19,19,BONO,SUNYANI MUNICIPAL,18,164004.043457,518204771.889,518204771.88916,164004.043457355,SUNYANI MUNICIPAL,BONO,BONO,SUNYANI MUNICIPAL,Sunyani Municipal,Bono,Municipal,7.3384389,-2.3309226,64799.0,68142.0,10.9,41.5,28006.0,21645.0,30599.0,30055.0,62754.0,63470.0,3005.0,3712.0,193595.0,51.25732467786462,14.46628270358222,11.18055734910509,60654.0,126224.0,6717.0,65.20003099253596,48.052668272277856,0.9887190798802584,193.595,Brong-Ahafo,3.8,1.3,2.55,55.40714285714286,26.266666666666666,21.057142857142857,33.333333333333336,69.25,41.26,0.47,2.54,330000.0,13000.0,36.0,126.0,20009.0,46.0,12.0,90.0,192.0,2.66,41.1,25.03213501,0.7907592352211705,-1.1172343883241747,-1.4629714286695377,-0.9848618726675278,1.2252920711342208,2.0,0.9208118736222883,144.76489240569512,10.196566479153105,88.37956881810504,97.08298204520626,34.17865568943769,3.7557358890779136,48.64028623562827,16.630715933594413,0.0,0.027000801567052802,3,0.464,0,Not Significant,0.1312241868192463,1,0.367,0,Not Significant,-0.06398982591042467,0.464,Not Significant,7.470893877627972,0.5442686134534238,1.2096381552273392,0.10765649773945363,-0.42406069785602707
20,20,SAVANNAH,SAWLA-TUNA-KALBA,19,379486.615255,4373091055.49,4373091055.49188,379486.615255398,SAWLA-TUNA-KALBA,SAVANNAH,,,SAWLA-TUNA-KALBA,SAVANNAH,,8.913124791666666,-1.0654669283568114,19109.166666666668,32771.166666666664,49.38333333333333,45.36666666666667,47360.833333333336,31467.166666666668,19532.166666666668,18689.666666666668,25024.166666666668,24247.5,1225.0,1383.6666666666667,90102.16666666667,63.319320518252276,52.860447161216484,37.113982298869544,38221.833333333336,49271.666666666664,2608.6666666666665,54.33271307441868,79.48568772310635,1.0243008438014252,90.10216666666668,,0.7,0.8,0.75,35.45,19.2,15.114285714285714,33.333333333333336,30.55,38.71,0.47,2.54,330000.0,13000.0,36.0,126.0,20009.0,46.0,12.0,90.0,192.0,2.66,41.1,25.03213501,-1.329062098341774,1.1075346422534789,0.45650738339297564,1.619682082525724,-0.44620485025735995,1.3333333333333333,-0.3022512256928122,99.37014489834019,9.74875825288939,57.063807205072806,84.03139904123684,27.733108284815017,2.294407715026857,36.69207829707961,31.164102617651547,0.16666666666666666,-0.16064278246265767,2,0.25,0,Not Significant,-0.2614907531215625,2,0.333,0,Not Significant,0.30672152072392644,0.25,Not Significant,7.546975294191354,0.8450561341433435,1.5493409377750502,0.21171753565251872,0.27564216401708563
21,21,ASHANTI,ASANTE AKIM SOUTH,20,248953.429198,1176398183.87,1176398183.86638,248953.429198431,ASANTE AKIM SOUTH,ASHANTI,,,ASANTE AKIM SOUTH,ASHANTI,,6.648968471212119,-1.5710996271278177,40225.78787878788,39177.72727272727,21.233333333333334,42.8939393939394,23077.303030303032,34405.63636363636,21558.636363636364,20916.666666666668,36505.0,37998.333333333336,2047.090909090909,2853.090909090909,121878.81818181818,48.779394994473165,20.971243347428945,30.35424582408351,42475.30303030303,74503.33333333333,4900.181818181818,60.40712501501989,58.91849355140668,0.9662006900935022,121.87881818181818,,2.5,1.3,1.9,56.86428571428571,29.033333333333335,22.928571428571427,33.316666666666656,72.35,43.31,0.47,2.54,330000.0,13000.0,36.0,126.0,20009.0,46.0,12.0,90.0,192.0,2.66,41.1,25.03213501,0.025268198101218428,-0.3152016657021368,-0.04381877729008543,-0.5435850233589301,0.12715045788525137,1.4242424242424243,-0.13546989396802583,115.5257832149487,10.538249727084729,65.48132841962365,90.77941777709772,34.71769297793984,2.64667986240882,40.68058247570054,23.965784469313288,0.030303030303030304,0.17786686469253918,3,0.16,0,Not Significant,-0.012992000730677035,4,0.149,0,Not Significant,-0.486377138658761,0.16,Not Significant,6.901955560140061,0.9355343277976178,1.2476724023980317,0.11639215377647988,-0.4253542335660039
22,22,UPPER WEST,SISSALA EAST,21,423743.534006,5307883583.66,5307883583.66316,423743.534006303,SISSALA EAST,UPPER WEST,,,SISSALA EAST,UPPER WEST,,10.331309325000001,-2.5010639733851683,22604.0,33357.0,38.31666666666667,45.45,39761.833333333336,16883.833333333332,17622.666666666668,16915.666666666668,25148.333333333332,26407.0,1737.3333333333333,2668.3333333333335,90499.33333333333,60.220528990226306,48.56478902504608,19.52035186362221,34538.333333333336,51555.333333333336,4405.666666666667,55.87731189798481,69.68416081546695,0.9579295459042988,90.49933333333333,,2.0,1.6,1.8,43.15,44.5,15.28,33.333333333333336,51.25,40.75,0.47,2.54,330000.0,13000.0,36.0,126.0,20009.0,46.0,12.0,90.0,192.0,2.66,41.1,25.03213501,-0.09249965376338944,1.1554822506710998,-0.8456962751339002,1.3282776310892328,-0.535918997663776,1.3333333333333333,-0.3022512256928122,145.7596566523359,15.920631782544985,59.41206422037907,86.14625119499793,28.113315343091156,2.0980669933216114,34.20467384990838,31.861068674087225,0.3333333333333333,0.5336137053091276,1,0.037,1,High-High,-0.0030322910701763386,2,0.469,0,Not Significant,0.786446212048328,0.037,Not Significant,7.937026274974899,0.8140123657851238,1.0766697032955492,0.2092397068918077,-0.6958834879549514
23,23,GREATER ACCRA,ADA EAST,22,112717.509039,294686820.375,294686820.37467,112717.509039108,ADA EAST,GREATER ACCRA,GREATER ACCRA,ADA EAST,Ada East,Greater Accra,District,5.8761016,0.549568161630084,23660.0,24880.0,28.2,44.2,22384.0,32786.0,14190.0,13681.0,21337.0,23053.0,1507.0,2643.0,76411.0,51.25669550885868,29.29421156639751,42.907434793419796,27871.0,44390.0,4150.0,58.09372996034602,62.786663662987166,0.925562833470698,76.411,Greater Accra,2.6,1.4,2.0,55.535714285714285,43.53333333333334,31.47142857142857,33.333333333333336,60.05,52.97,0.47,2.54,330000.0,13000.0,36.0,126.0,20009.0,46.0,12.0,90.0,192.0,2.66,41.1,25.03213501,0.14303604996582658,0.4362681244067745,0.8853134255382463,0.021019959460790626,-0.5800245210249084,1.0,-0.9137827753503625,122.3764275166999,13.11057698703829,47.54103983804356,85.22769257916097,29.053792199815963,1.7483551171609686,32.953009033627794,32.066937576217065,0.0,-0.005820469405322645,4,0.489,0,Not Significant,-0.03597977740443825,4,0.312,0,Not Significant,-0.04288336903201096,0.489,Not Significant,6.417263182282875,0.9061027664260455,1.6195203877084707,0.10757543301176273,-0.46573984867546603
24,24,GREATER ACCRA,SHAI OSUDOKU,23,154176.654331,985490062.241,985490062.241271,154176.654330751,SHAI OSUDOKU,GREATER ACCRA,,,SHAI OSUDOKU,GREATER ACCRA,,5.624192658333333,-0.23498286628694398,67464.0,53000.38888888889,13.344444444444443,43.34444444444444,18517.277777777777,71015.16666666667,26534.944444444445,26579.166666666668,55808.77777777778,58485.944444444445,2689.9444444444443,3479.722222222222,173578.5,44.993700934165375,12.344920186799994,40.636601097780456,53114.11111111111,114294.72222222222,6169.666666666667,65.98249284508076,46.14543527948846,0.9474146027276813,173.5785,,2.6,1.4,2.0,55.5357142857143,43.53333333333333,31.47142857142857,33.33333333333334,60.05,52.97,0.47,2.54,330000.0,13000.0,36.0,126.0,20009.0,46.0,12.0,90.0,192.0,2.66,41.1,25.03213501,0.14303604996582658,-0.05599398868081167,0.7172362366231387,-1.128768687619977,0.7107491115522266,1.8888888888888888,0.7169680237364382,144.0384651859599,12.35353247494442,67.95737985565589,92.37824944419664,39.42698900961371,3.3474906506070354,45.87963772048502,22.56093875901817,0.16666666666666666,-0.002843219303317571,2,0.326,0,Not Significant,0.03642966986971186,1,0.308,0,Not Significant,0.2134077964304549,0.326,Not Significant,7.2393157062657,0.9101827664540375,2.0599962941436463,0.1452129642084188,-0.7697127823351478
25,25,UPPER EAST,KASENA NANKANA EAST,24,258585.759527,800123548.693,800123548.693161,258585.759526982,KASENA NANKANA EAST,UPPER EAST,,,KASENA NANKANA EAST,UPPER EAST,,10.854271837499981,-0.5820401901139932,18553.0,38317.166666666664,47.40833333333334,47.458333333333336,41836.333333333336,12869.083333333334,18103.666666666668,17187.5,24398.333333333332,26712.916666666668,2117.75,3641.1666666666665,92161.33333333333,68.74532378286425,46.63186102650216,15.066165625801732,35291.166666666664,51111.25,5758.916666666667,55.307738793855115,69.74406097312222,0.9218911733337375,92.16133333333335,,0.8,2.2,1.5,52.12857142857141,38.05,20.716666666666665,33.33333333333333,39.25,39.74,0.47,2.54,330000.0,13000.0,36.0,126.0,20009.0,46.0,12.0,90.0,192.0,2.66,41.1,25.03213501,-0.44580320935721374,2.311019613535786,-1.1753756801889004,1.1971536437451002,-0.34455359570785443,1.1666666666666667,-0.6080170005215875,157.38734438951965,14.279432474725233,52.83442751360704,77.40664019220861,26.789891289181824,1.477891489773608,30.83278525040626,39.38790920687923,0.25,-0.019564362388667746,4,0.482,0,Not Significant,-0.4602954794835619,2,0.006,1,Low-High,-0.052702850971836156,0.482,Not Significant,7.967453406905577,0.8173458686184988,1.128123437299255,0.20895498849571761,-0.7399200675738413
26,26,GREATER ACCRA,ADA WEST,25,96271.9388866,329286368.473,329286368.472826,96271.93888662,ADA WEST,GREATER ACCRA,GREATER ACCRA,ADA WEST,Ada West,Greater Accra,District,5.9040093,0.420370257026968,22587.0,22495.0,40.1,44.7,25206.0,45090.0,15739.0,15266.0,20114.0,21662.0,1279.0,2027.0,76087.0,49.897963710571844,33.12786678407612,59.261108993652,31005.0,41776.0,3306.0,54.90556862538936,74.21725392569897,0.9285384544363401,76.087,Greater Accra,2.6,1.4,2.0,55.535714285714285,43.53333333333334,31.47142857142857,33.333333333333336,60.05,52.97,0.47,2.54,330000.0,13000.0,36.0,126.0,20009.0,46.0,12.0,90.0,192.0,2.66,41.1,25.03213501,0.14303604996582658,0.7239537749125055,2.095740940898272,0.2810835306974475,-0.5882388750182238,1.0,-0.9137827753503625,118.17775835408871,22.944125446627645,55.98044437204092,85.19990115160991,25.44903801144877,2.033256762449957,34.47325772247814,31.839730038871938,1.0,-1.005338681720147,4,0.15,0,Not Significant,0.01611599864910873,1,0.399,0,Not Significant,-0.48666543788225064,0.15,Not Significant,6.574759185286847,0.9054130971761479,1.6998896477984362,0.1175868781243019,-0.548636373726713
27,27,NORTHERN EAST,BUNKPURUGU NAKPANDURI,26,188743.859167,800962885.793,800962885.792461,188743.859166501,BUNKPURUGU NAKPANDURI,NORTHERN EAST,,,Bunkpurugu Nakpanduri,North East,District,10.632198,-0.180118,16889.0,34450.0,38.3,45.5,31770.0,8825.0,15560.0,15485.0,23265.0,23614.0,1579.0,2881.0,82384.0,67.10298213833538,38.563313264711596,10.712031462419887,31045.0,46879.0,4460.0,56.9030394251311,66.22368224578169,0.9852206318285762,82.384,Northern (pre 2022),0.7,0.8,0.75,35.45,19.2,15.114285714285714,33.333333333333336,30.55,38.71,0.47,2.54,330000.0,13000.0,36.0,126.0,20009.0,46.0,12.0,90.0,192.0,2.66,41.1,25.03213501,-1.329062098341774,1.1842508157216733,-1.497649667819867,0.6498077749907917,-0.43445499053275005,1.0,-0.9137827753503625,116.34086101865324,5.197016044685711,61.50179596245804,80.82941251885205,27.979227912255322,1.328838887745335,33.54217186250781,35.419524359424976,0.0,0.22508411180762083,3,0.373,0,Not Significant,0.5044195102804346,3,0.182,0,Not Significant,-0.1660113972658727,0.373,Not Significant,7.519248926692304,0.8263065705461209,1.270751417173872,0.20237240740105622,-0.8103023270759038
28,28,UPPER EAST,GARU,27,134519.249565,704208643.89,704208643.889587,134519.249565127,GARU,UPPER EAST,UPPER EAST,GARU,Garu,Upper East,District,10.76975475,-0.21182067584702,15489.0,27113.0,44.7,47.7,36894.0,14309.0,14969.0,14203.0,17246.0,19558.0,2219.0,3579.0,71774.0,63.642551992864185,51.40301501936635,19.936188591969238,29172.0,36804.0,5798.0,51.27762142279935,79.26312357352462,0.8817875038347479,71.774,Upper East,0.8,2.2,1.5,52.128571428571426,38.05,20.716666666666665,33.333333333333336,39.25,39.74,0.47,2.54,330000.0,13000.0,36.0,126.0,20009.0,46.0,12.0,90.0,192.0,2.66,41.1,25.03213501,-0.4458032093572136,2.4500676779468913,-0.8149178572856721,1.520814295486141,-0.7010005222715998,1.0,-0.9137827753503625,163.99136124673723,16.52969548885026,49.3825325891171,73.98328689458373,25.183926281991912,1.385014518049745,28.51350992762612,39.04054935452145,1.0,-0.21657735370907646,4,0.266,0,Not Significant,-0.2757722299382511,2,0.046,1,Low-High,-0.26797155637108555,0.266,Not Significant,7.727428197295032,0.8223511965029259,1.2078720471903013,0.205159364232112,-0.8175378190175773
29,29,GREATER ACCRA,NINGO/PRAMPRAM,28,136194.30939,632843851.623,632843851.622935,136194.309390352,NINGO/PRAMPRAM,GREATER ACCRA,,,NINGO/PRAMPRAM,GREATER ACCRA,,5.624192658333333,-0.23498286628694398,67464.0,53000.38888888889,13.344444444444443,43.34444444444444,18517.277777777777,71015.16666666667,26534.944444444445,26579.166666666668,55808.77777777778,58485.944444444445,2689.9444444444443,3479.722222222222,173578.5,44.993700934165375,12.344920186799994,40.636601097780456,53114.11111111111,114294.72222222222,6169.666666666667,65.98249284508076,46.14543527948846,0.9474146027276813,173.5785,,2.6,1.4,2.0,55.5357142857143,43.53333333333333,31.47142857142857,33.33333333333334,60.05,52.97,0.47,2.54,330000.0,13000.0,36.0,126.0,20009.0,46.0,12.0,90.0,192.0,2.66,41.1,25.03213501,0.14303604996582658,-0.05599398868081167,0.7172362366231387,-1.128768687619977,0.7107491115522266,1.8888888888888888,0.7169680237364382,144.0384651859599,12.35353247494442,67.95737985565589,92.37824944419664,39.42698900961371,3.3474906506070354,45.87963772048502,22.56093875901817,0.16666666666666666,-0.008980273827337628,2,0.117,0,Not Significant,0.06609611162124832,1,0.217,0,Not Significant,0.6741565262881416,0.117,Not Significant,7.655976998468201,0.8954141945547864,2.4413140423281625,0.14926062246494587,-0.5217161891919335
30,30,NORTHERN EAST,EAST MAMPRUSI,29,270032.185921,1776507087.61,1776507087.61427,270032.185921032,EAST MAMPRUSI,NORTHERN EAST,,,EAST MAMPRUSI,NORTHERN EAST,,10.337121987499975,-0.5026164675557578,21975.5,35831.0,44.525,44.475,50897.5,27830.25,23262.25,22446.5,26045.25,28102.25,1443.25,2215.75,103515.25,59.161322553367626,50.13677967269878,31.475742253001044,45708.75,54147.5,3659.0,52.2743475582883,85.02691845034963,0.9337203842176823,103.51525,,0.7,0.8,0.75,35.45,19.2,15.114285714285714,33.333333333333336,30.55,38.71,0.47,2.54,330000.0,13000.0,36.0,126.0,20009.0,46.0,12.0,90.0,192.0,2.66,41.1,25.03213501,-1.329062098341774,0.5944952321849246,0.03918948857842042,1.4349167205654996,-0.1266836241721675,1.25,-0.45513411310719976,97.95036834219786,10.298149841257697,58.78335443054871,85.28659844551746,27.35203524965041,2.0462808129107874,37.53780794278279,30.898409806107125,0.0,0.027293052981011347,3,0.43,0,Not Significant,-0.5006816021697095,2,0.144,0,Not Significant,-0.06759931724870666,0.43,Not Significant,7.715050246640076,0.820321126220319,1.2286140109418162,0.20536892232573492,-0.75991782259143
31,31,GREATER ACCRA,LA DADE-KOTOPON,30,26993.2874981,36628598.9153,36628598.915328,26993.2874980718,LA DADE-KOTOPON,GREATER ACCRA,,,LA DADE-KOTOPON,GREATER ACCRA,,5.624192658333333,-0.23498286628694398,67464.0,53000.38888888889,13.344444444444443,43.34444444444444,18517.277777777777,71015.16666666667,26534.944444444445,26579.166666666668,55808.77777777778,58485.944444444445,2689.9444444444443,3479.722222222222,173578.5,44.993700934165375,12.344920186799994,40.636601097780456,53114.11111111111,114294.72222222222,6169.666666666667,65.98249284508076,46.14543527948846,0.9474146027276813,173.5785,,2.6,1.4,2.0,55.5357142857143,43.53333333333333,31.47142857142857,33.33333333333334,60.05,52.97,0.47,2.54,330000.0,13000.0,36.0,126.0,20009.0,46.0,12.0,90.0,192.0,2.66,41.1,25.03213501,0.14303604996582658,-0.05599398868081167,0.7172362366231387,-1.128768687619977,0.7107491115522266,1.8888888888888888,0.7169680237364382,144.0384651859599,12.35353247494442,67.95737985565589,92.37824944419664,39.42698900961371,3.3474906506070354,45.87963772048502,22.56093875901817,0.16666666666666666,-0.0030685787726903247,2,0.308,0,Not Significant,0.10081458528522409,1,0.061,0,Not Significant,0.2303270023570929,0.308,Not Significant,7.899779202924984,0.9106358036816128,2.7877984023599236,0.13593771547513905,-0.5567805041180263
32,32,UPPER EAST,BAWKU WEST,31,216429.934475,1117769332.49,1117769332.4889,216429.934475066,BAWKU WEST,UPPER EAST,UPPER EAST,BAWKU WEST,Bawku West,Upper East,District,10.84277,-0.492947618512454,30266.0,55329.0,47.6,47.2,74798.0,18214.0,30246.0,28348.0,37320.0,39958.0,3215.0,5102.0,144189.0,64.64045797067585,51.87496965787959,12.632031569675911,58594.0,77278.0,8317.0,53.5949344263432,75.82235565102616,0.9339806797136994,144.189,Upper East,0.8,2.2,1.5,52.128571428571426,38.05,20.716666666666665,33.333333333333336,39.25,39.74,0.47,2.54,330000.0,13000.0,36.0,126.0,20009.0,46.0,12.0,90.0,192.0,2.66,41.1,25.03213501,-0.4458032093572136,2.1623820274411605,-1.3555396483305528,1.5528302702632832,0.6516823809692172,1.0,-0.9137827753503625,163.34871038203772,14.135241201284323,52.901193299161015,73.8574150937271,28.27650466739911,1.4359313867206898,30.61441224771813,41.306710664934194,0.0,0.2021386638262198,1,0.08,0,Not Significant,-0.47876592651763644,2,0.004,1,Low-High,0.6072021201857057,0.08,Not Significant,7.858614651108238,0.8190605316180901,1.1636189794725533,0.20720095654501489,-0.8162713566951993
33,33,WESTERN NORTH,AOWIN,32,361994.169723,2653107465.04,2653107465.03978,361994.169722835,AOWIN,WESTERN NORTH,,,AOWIN,WESTERN NORTH,,6.353218683333331,-2.942471394054138,24721.666666666668,20408.333333333332,26.15,41.71666666666667,26968.5,21242.5,13512.166666666666,12770.0,22590.166666666668,20511.333333333332,1083.3333333333333,945.1666666666666,71412.16666666667,44.990942185946814,41.846491789685984,34.850811542709266,26282.166666666668,43101.5,2028.5,60.569951343322316,60.54533529673984,1.1158824175719546,71.41216666666666,,3.4,1.8,2.6,53.73571428571429,31.46666666666667,22.828571428571433,33.333333333333336,68.75,39.97,0.47,2.54,330000.0,13000.0,36.0,126.0,20009.0,46.0,12.0,90.0,192.0,2.66,41.1,25.03213501,0.8496431611534749,-0.992570606438358,0.2889973717788479,0.8725286728626044,-0.8278655349299336,1.0,-0.9137827753503625,104.00500925197906,16.701601627556496,60.70111842538984,91.00068045894648,27.281489464227974,2.181839323909185,37.62333534642918,21.606138357334384,0.8333333333333334,1.030651777844471,1,0.006,1,High-High,0.07958750118908914,1,0.443,0,Not Significant,1.2414170663375956,0.006,Not Significant,7.343733613648736,0.8427220618099109,0.5825174950206562,0.1505566426296372,-0.4575544030130616
34,34,BONO,DORMAA EAST,33,124097.220129,582942884.034,582942884.03363,124097.220129326,DORMAA EAST,BONO,BONO,DORMAA EAST,Dormaa East,Bono,District,7.26432845,-2.64146295349265,22570.0,22261.0,19.5,41.7,16759.0,9261.0,11782.0,11286.0,19943.0,21068.0,1611.0,2209.0,67899.0,49.65537239856349,24.6822486340005,13.639376132196352,23068.0,41011.0,3820.0,60.40000589110296,56.24832362049206,0.9466014809189292,67.899,Brong-Ahafo,3.8,1.3,2.55,55.40714285714286,26.266666666666666,21.057142857142857,33.333333333333336,69.25,41.26,0.47,2.54,330000.0,13000.0,36.0,126.0,20009.0,46.0,12.0,90.0,192.0,2.66,41.1,25.03213501,0.7907592352211705,-1.0021601281218806,-1.280980404885081,-0.29184165237099147,-0.8081632061780563,1.0,-0.9137827753503625,108.99716304996078,13.85038941700433,58.97991882131529,95.91879366487866,26.557325819980644,1.9338395044014485,40.920675150656976,24.692385961636603,0.0,-0.025988633128000663,4,0.442,0,Not Significant,0.1352915307341451,1,0.35,0,Not Significant,-0.09236015080762934,0.442,Not Significant,7.800614212397694,0.601922417408344,1.0389607951376014,0.12057499827986473,-0.4876826569244481
35,35,WESTERN NORTH,SUAMAN,34,102770.331767,407097163.407,407097163.407135,102770.331767216,SUAMAN,WESTERN NORTH,WESTERN NORTH,SUAMAN,Suaman,Western North,District,6.1082416,-3.00869712063798,12182.0,13089.0,37.5,41.3,19265.0,22574.0,6746.0,6251.0,13440.0,11022.0,421.0,388.0,38268.0,51.79454710933481,50.342322567157936,58.989233824605414,12997.0,24462.0,809.0,63.922859830667925,53.13138745809828,1.2193794229722374,38.268,Western (pre 2022),3.4,1.8,2.6,53.73571428571428,31.46666666666667,22.82857142857143,33.333333333333336,68.75,39.97,0.47,2.54,330000.0,13000.0,36.0,126.0,20009.0,46.0,12.0,90.0,192.0,2.66,41.1,25.03213501,0.8496431611534749,-1.2323086485264685,2.075617928703711,1.4488601286552174,-1.9092865828418553,1.0,-0.9137827753503625,78.61266644698772,21.428333780754798,57.06960072903845,92.07236085955267,26.40464153310704,2.2424008628540077,37.13343113859153,21.316379455783803,1.0,1.6425707916745422,1,0.026,1,High-High,-0.21898863332917254,4,0.288,0,Not Significant,0.94884217108897,0.026,Not Significant,7.382745274120991,0.7833784650679607,0.5502944826262481,0.1656313180829159,-0.40064590269141176
36,36,BONO,BEREKUM EAST MUNICIPAL,35,128839.541097,472791840.604,472791840.604294,128839.541096846,BEREKUM EAST MUNICIPAL,BONO,BONO,BEREKUM EAST MUNICIPAL,Berekum East Municipal,Bono,Municipal,7.4848835,-2.56459096524003,35109.0,37059.0,12.6,41.7,15663.0,12247.0,17184.0,16900.0,31142.0,36153.0,1837.0,3036.0,106252.0,51.35101429996675,14.741369574219778,11.526371268305539,34084.0,67295.0,4873.0,63.335278394759634,50.64863660004458,0.8613946283849196,106.252,Brong-Ahafo,3.8,1.3,2.55,55.40714285714286,26.266666666666666,21.057142857142857,33.333333333333336,69.25,41.26,0.47,2.54,330000.0,13000.0,36.0,126.0,20009.0,46.0,12.0,90.0,192.0,2.66,41.1,25.03213501,0.7907592352211705,-1.0021601281218806,-1.4373757932258056,-0.9662008116392907,0.058544614605210966,2.0,0.9208118736222883,142.30723779792248,12.112655991086156,84.43450829754758,94.467683438042,41.38046341717151,3.1790890789054127,50.228857442830744,16.840455001034677,0.0,-0.008997874519144506,2,0.341,0,Not Significant,-0.09317977989666268,4,0.367,0,Not Significant,0.14915659122251204,0.341,Not Significant,7.743578187508071,0.6262622446566165,1.3430601369988824,0.11323215190094221,-0.4371739848723619
37,37,WESTERN NORTH,BIA EAST,36,163028.334245,799453757.695,799453757.694778,163028.334245007,BIA EAST,WESTERN NORTH,WESTERN NORTH,BIA EAST,Bia East,Western North,District,6.817878,-3.00681786775424,20133.0,12438.0,32.9,41.5,22623.0,23293.0,10619.0,9883.0,16617.0,14414.0,918.0,622.0,53073.0,38.1873445703233,42.62619410999943,43.888606259303224,20502.0,31031.0,1540.0,58.46852448514311,66.06941445651124,1.1528375190786735,53.073,Western (pre 2022),3.4,1.8,2.6,53.73571428571428,31.46666666666667,22.82857142857143,33.333333333333336,68.75,39.97,0.47,2.54,330000.0,13000.0,36.0,126.0,20009.0,46.0,12.0,90.0,192.0,2.66,41.1,25.03213501,0.8496431611534749,-1.1172343883241747,0.9579354507204875,0.9254213192819157,-1.282717621541759,1.0,-0.9137827753503625,107.34916988633833,16.455233215337596,53.1632690563742,88.0502922382386,26.321389185708835,2.5626818100088666,36.99464745856798,22.188367312143413,1.0,0.05857522395303462,1,0.426,0,Not Significant,-0.17871475981865725,4,0.323,0,Not Significant,0.07768334471085206,0.426,Not Significant,7.710765065843045,0.6991923215004184,0.6235703383043234,0.14690917653098887,-0.5292151876945606
38,38,BONO,JAMAN SOUTH MUNICIPAL,37,139172.146076,773499220.852,773499220.852448,139172.146076465,JAMAN SOUTH MUNICIPAL,BONO,,,JAMAN SOUTH MUNICIPAL,BONO,,7.597449616666665,-2.4968880775970157,30882.222222222223,31021.0,19.58888888888889,41.94444444444444,23671.555555555555,13471.777777777777,16594.777777777777,15963.888888888889,28440.0,29306.333333333332,1747.4444444444443,2409.4444444444443,94461.88888888889,49.96600167811455,27.249768364459747,15.459786513818326,32558.666666666668,57746.333333333336,4156.888888888889,60.47526340222542,58.015219441483104,0.9914027576523945,94.46188888888888,,3.8,1.3,2.55,55.40714285714285,26.26666666666666,21.057142857142853,33.333333333333336,69.25,41.26,0.47,2.54,330000.0,13000.0,36.0,126.0,20009.0,46.0,12.0,90.0,192.0,2.66,41.1,25.03213501,0.7907592352211705,-0.8615138100968578,-1.1462415817812799,-0.11766888189213416,-0.4536247959412179,1.3333333333333333,-0.3022512256928122,120.15611098995889,13.173177057628145,72.3371285034583,92.18599144540174,32.041962333876555,2.590719021536132,42.432831776589126,21.293388360995372,0.1111111111111111,0.000512499731186451,1,0.472,0,Not Significant,0.04341871677054376,1,0.463,0,Not Significant,0.0040657137887369545,0.472,Not Significant,7.705978109738108,0.6686562980988962,1.338299486010527,0.11704848769656909,-0.47076578440385264
39,39,WESTERN NORTH,BIA WEST,38,218958.669693,1312008858.97,1312008858.97011,218958.669692854,BIA WEST,WESTERN NORTH,WESTERN NORTH,BIA WEST,Bia West,Western North,District,6.56894165,-3.06628883975843,38243.0,33676.0,24.5,41.3,11991.0,8269.0,22464.0,21498.0,35895.0,33204.0,1596.0,1224.0,115881.0,46.824900234986586,10.34768426230357,7.135768590191661,43962.0,69099.0,2820.0,59.629274859554194,63.62176008335866,1.0810444524756053,115.881,Western (pre 2022),3.4,1.8,2.6,53.73571428571428,31.46666666666667,22.82857142857143,33.333333333333336,68.75,39.97,0.47,2.54,330000.0,13000.0,36.0,126.0,20009.0,46.0,12.0,90.0,192.0,2.66,41.1,25.03213501,0.8496431611534749,-1.2323086485264685,-1.762349020986879,-1.264255130096983,0.22692574164463028,1.0,-0.9137827753503625,94.05039474809328,10.106789060136958,67.99212842047748,87.79476162742533,34.00575225036663,2.2444416540691368,39.051715359292615,22.814353591276976,0.0,-0.4121295712404226,2,0.101,0,Not Significant,-0.2878215739112295,4,0.307,0,Not Significant,0.9126667646693691,0.101,Not Significant,7.541789450396388,0.7330633555144608,0.5417373201811131,0.15552675925365467,-0.4996458818793319
40,40,BONO,SUNYANI WEST,39,217076.87285,1084340607.57,1084340607.56911,217076.872850197,SUNYANI WEST,BONO,,,SUNYANI WEST,BONO,,7.597449616666665,-2.4968880775970157,30882.222222222223,31021.0,19.58888888888889,41.94444444444444,23671.555555555555,13471.777777777777,16594.777777777777,15963.888888888889,28440.0,29306.333333333332,1747.4444444444443,2409.4444444444443,94461.88888888889,49.96600167811455,27.249768364459747,15.459786513818326,32558.666666666668,57746.333333333336,4156.888888888889,60.47526340222542,58.015219441483104,0.9914027576523945,94.46188888888888,,3.8,1.3,2.55,55.40714285714285,26.26666666666666,21.057142857142853,33.333333333333336,69.25,41.26,0.47,2.54,330000.0,13000.0,36.0,126.0,20009.0,46.0,12.0,90.0,192.0,2.66,41.1,25.03213501,0.7907592352211705,-0.8615138100968578,-1.1462415817812799,-0.11766888189213416,-0.4536247959412179,1.3333333333333333,-0.3022512256928122,120.15611098995889,13.173177057628145,72.3371285034583,92.18599144540174,32.041962333876555,2.590719021536132,42.432831776589126,21.293388360995372,0.1111111111111111,-0.024301753829660853,4,0.338,0,Not Significant,0.27111631757469146,1,0.161,0,Not Significant,-0.16554069447739495,0.338,Not Significant,7.865173802355666,0.5846093424370518,1.3424695770571897,0.1191879201143036,-0.3804118600088209
41,41,AHAFO,ASUNAFO NORTH MUNICIPAL,40,240262.292394,1441038819.62,1441038819.62311,240262.2923939,ASUNAFO NORTH MUNICIPAL,AHAFO,AHAFO,ASUNAFO NORTH MUNICIPAL,Asunafo North Municipal,Ahafo,Municipal,6.8150997,-2.67736640122449,51611.0,45446.0,26.1,42.0,39814.0,21534.0,27637.0,26564.0,46535.0,44897.0,2715.0,2910.0,151258.0,46.824031239374804,26.32191355167991,14.236602361527986,54201.0,91432.0,5625.0,60.44771185656296,59.28012074547204,1.0364835066930975,151.258,Brong-Ahafo,3.8,1.3,2.55,55.40714285714286,26.266666666666666,21.057142857142857,33.333333333333336,69.25,41.26,0.47,2.54,330000.0,13000.0,36.0,126.0,20009.0,46.0,12.0,90.0,192.0,2.66,41.1,25.03213501,0.7907592352211705,-0.8295487378184435,-1.2367763286618023,-0.18061174516473674,0.744789052582485,2.0,0.9208118736222883,155.2112687714455,11.807162579586604,78.81084895693434,97.9123878079921,37.21316146343506,3.465820523885156,49.247498889638806,20.943820459533462,0.0,-0.03145904521542217,2,0.252,0,Not Significant,-0.11873769589284049,4,0.33,0,Not Significant,0.26229978299596923,0.252,Not Significant,7.526945477086338,0.6682272523377452,0.7442660567694499,0.13958181784145526,-0.4865496510358196
42,42,WESTERN NORTH,BODI,41,174277.258453,674420684.492,674420684.492279,174277.258452816,BODI,WESTERN NORTH,WESTERN NORTH,BODI,Bodi,Western North,District,6.24012575,-2.87347603617418,23327.0,18638.0,18.6,41.7,38497.0,24824.0,12137.0,11646.0,20465.0,19320.0,1051.0,1129.0,65748.0,44.41320147742166,58.55235140232402,37.75628155989536,23783.0,39785.0,2180.0,60.511346352740766,59.77881110971472,1.059265010351967,65.748,Western (pre 2022),3.4,1.8,2.6,53.73571428571428,31.46666666666667,22.82857142857143,33.333333333333336,68.75,39.97,0.47,2.54,330000.0,13000.0,36.0,126.0,20009.0,46.0,12.0,90.0,192.0,2.66,41.1,25.03213501,0.8496431611534749,-1.0021601281218806,0.5040475684989024,2.005803645376084,-0.8702811758699427,1.0,-0.9137827753503625,116.6948497344686,16.654148762080975,60.3866144474107,94.4085870942729,22.324610388517534,2.0801794823267095,38.17407176864731,18.17032078916721,1.0,0.9634620065021853,1,0.009,1,High-High,-0.46771222916410254,4,0.13,0,Not Significant,1.1736041110795294,0.009,Not Significant,7.300085839381338,0.7739191303535706,0.5574087220289522,0.16308817044095186,-0.36502148775948706
43,43,WESTERN NORTH,JUABOSO,42,250222.709148,1395527433.31,1395527433.31166,250222.709148303,JUABOSO,WESTERN NORTH,WESTERN NORTH,JUABOSO,Juaboso,Western North,District,6.3415722,-2.8235416,29440.0,27877.0,18.9,42.3,39907.0,30473.0,16061.0,15436.0,28339.0,26307.0,1322.0,1349.0,88814.0,48.63653017429384,44.93323124732587,34.311032044497495,31497.0,54646.0,2671.0,61.5285878352512,57.638253486074,1.077241798760786,88.814,Western (pre 2022),3.4,1.8,2.6,53.73571428571428,31.46666666666667,22.82857142857143,33.333333333333336,68.75,39.97,0.47,2.54,330000.0,13000.0,36.0,126.0,20009.0,46.0,12.0,90.0,192.0,2.66,41.1,25.03213501,0.8496431611534749,-0.6569373475150065,0.24904525160921154,1.081923738733191,-0.2889699380968793,1.0,-0.9137827753503625,111.39272547931704,17.775156320309993,62.46093191853799,94.93818413838255,28.416515714805357,1.6412069319196239,36.28811022879592,23.38772289949289,1.0,0.5173468157804404,1,0.087,0,Not Significant,-0.24296640862517788,4,0.205,0,Not Significant,0.5012835056129604,0.087,Not Significant,7.368254753706108,0.7513605175242287,0.5411726817605684,0.16012033412221124,-0.4253023360506294
44,44,BONO EAST,NKORANZA NORTH,43,229197.376042,1421685671.14,1421685671.13805,229197.376042083,NKORANZA NORTH,BONO EAST,BONO EAST,NKORANZA NORTH,Nkoranza North,Bono East,District,7.7184776,-1.64389618122841,18832.0,16615.0,25.8,41.4,19620.0,10022.0,10941.0,10080.0,16455.0,15957.0,1348.0,1687.0,56468.0,46.87279600530369,34.745342494864346,17.748105121484734,21021.0,32412.0,3035.0,57.398880782035846,64.85560903369122,1.0312088738484677,56.468,Brong-Ahafo,3.8,1.3,2.55,55.40714285714286,26.266666666666666,21.057142857142857,33.333333333333336,69.25,41.26,0.47,2.54,330000.0,13000.0,36.0,126.0,20009.0,46.0,12.0,90.0,192.0,2.66,41.1,25.03213501,0.7907592352211705,-1.1747715184253216,-0.9768702360692297,0.39080818924168936,-1.163458929462306,1.0,-0.9137827753503625,103.13741639506557,10.011721201412332,65.63363273543965,98.0,27.258239742815206,2.104444692441926,40.11108353776274,21.91247028354636,0.0,-0.04018735733180235,2,0.412,0,Not Significant,-0.028358156426065075,4,0.442,0,Not Significant,0.08384429761745728,0.412,Not Significant,9.21512826149346,0.760529276376628,1.7430902247867701,0.22909669248755282,0.21541593921764834
45,45,BONO EAST,KINTAMPO SOUTH,44,236635.459606,1553276445.17,1553276445.17102,236635.459605978,KINTAMPO SOUTH,BONO EAST,BONO EAST,KINTAMPO SOUTH,Kintampo South,Bono East,District,7.94321545,-1.73400515142892,28927.0,25110.0,26.0,42.3,35811.0,16394.0,17639.0,16708.0,25454.0,24559.0,1961.0,2063.0,88384.0,46.468160704702335,40.51751448225923,18.548606082548876,34347.0,50013.0,4024.0,56.586033671252714,68.67614420250734,1.036442851907651,88.384,Brong-Ahafo,3.8,1.3,2.55,55.40714285714286,26.266666666666666,21.057142857142857,33.333333333333336,69.25,41.26,0.47,2.54,330000.0,13000.0,36.0,126.0,20009.0,46.0,12.0,90.0,192.0,2.66,41.1,25.03213501,0.7907592352211705,-0.6569373475150065,-0.9176206523071646,0.7823748731499738,-0.2983690487056547,1.0,-0.9137827753503625,104.64684501064127,12.428498284650734,65.63778948920212,90.75390699573241,25.22424648613465,2.03739853373591,39.29366274068728,25.581365094483456,0.0,0.0003729964885992376,1,0.22,0,Not Significant,-0.0635142567188547,4,0.397,0,Not Significant,0.29134104693928975,0.22,Not Significant,8.41312802256374,0.8007779224868474,1.902385321250781,0.1989528293043054,0.15166818153308415
46,46,WESTERN,SHAMA,45,80384.6186122,196558467.995,196558467.995094,80384.6186122299,SHAMA,WESTERN,WESTERN,SHAMA,Shama,Western,District,5.0606463,-1.64288365568687,38185.0,36098.0,22.0,44.4,24535.0,35638.0,21733.0,21208.0,33497.0,35874.0,1980.0,2932.0,117224.0,48.5952371336645,20.930014331536203,30.40162424076981,42941.0,69371.0,4912.0,59.17815464410019,61.90050597511929,0.9337403133188381,117.224,Western (pre 2022),3.4,1.8,2.6,53.73571428571428,31.46666666666667,22.82857142857143,33.333333333333336,68.75,39.97,0.47,2.54,330000.0,13000.0,36.0,126.0,20009.0,46.0,12.0,90.0,192.0,2.66,41.1,25.03213501,0.8496431611534749,0.5513423846090644,-0.040312033882510284,-0.546381875058633,0.2493010742974209,1.0,-0.9137827753503625,149.30967045094005,15.848036508730907,52.58640577853075,81.98490443991744,32.09450506616971,1.7228363143015977,37.18771745058148,30.924826673907603,1.0,0.4952802831465392,1,0.068,0,Not Significant,0.16146056062928305,1,0.363,0,Not Significant,0.745471670721566,0.068,Not Significant,7.128618325219637,0.9727142041764646,0.8566363869034245,0.1404105787935847,-0.6812845816621822
47,47,AHAFO,TANO NORTH MUNICIPAL,46,190668.261292,856321297.066,856321297.066635,190668.261292174,TANO NORTH MUNICIPAL,AHAFO,AHAFO,TANO NORTH MUNICIPAL,Tano North Municipal,Ahafo,Municipal,7.19329065,-2.2080833699397,31439.0,29602.0,21.6,42.3,22005.0,13235.0,16935.0,15862.0,27631.0,28903.0,1968.0,2539.0,93838.0,48.49527366851788,23.449988277670027,14.104094290159635,32797.0,56534.0,4507.0,60.24638206270381,58.012877206636716,0.9559907276061308,93.838,Brong-Ahafo,3.8,1.3,2.55,55.40714285714286,26.266666666666666,21.057142857142857,33.333333333333336,69.25,41.26,0.47,2.54,330000.0,13000.0,36.0,126.0,20009.0,46.0,12.0,90.0,192.0,2.66,41.1,25.03213501,0.7907592352211705,-0.6569373475150065,-1.2465839971788422,-0.37543446673855746,-0.18237086116348375,2.0,0.9208118736222883,142.9462791142261,9.550325984144289,74.12734796373604,96.76772524861221,41.09596492748995,3.6886703497283233,50.1842126435224,19.45144491408511,0.0,0.0188638281406181,3,0.474,0,Not Significant,0.10764341132788718,1,0.361,0,Not Significant,-0.03590260112498308,0.474,Not Significant,7.466487197245943,0.5227041384672563,1.3245689058033128,0.11392436767843447,-0.3504471900871102
48,48,WESTERN,WASSA EAST,47,240864.675793,1678129190.15,1678129190.14776,240864.675792591,WASSA EAST,WESTERN,WESTERN,WASSA EAST,Wassa East,Western,District,5.3622378,-1.62070954561049,37479.0,24536.0,38.0,42.0,31560.0,53204.0,19411.0,18215.0,29878.0,28067.0,1911.0,2159.0,99641.0,39.56462146254938,31.67370861392399,53.395690528999104,37626.0,57945.0,4070.0,58.153772041629445,64.93398912762102,1.0645241742972174,99.641,Western (pre 2022),3.4,1.8,2.6,53.73571428571428,31.46666666666667,22.82857142857143,33.333333333333336,68.75,39.97,0.47,2.54,330000.0,13000.0,36.0,126.0,20009.0,46.0,12.0,90.0,192.0,2.66,41.1,25.03213501,0.8496431611534749,-0.8295487378184435,1.661608292064176,0.18243783999244967,-0.06605720272877821,1.0,-0.9137827753503625,125.5618822021477,18.14296437275895,59.081266116539524,89.12728723832457,28.933109405572253,2.3605553263118932,36.66764292286832,23.346847095596875,1.0,0.2410516599137751,1,0.279,0,Not Significant,0.05670747075517595,1,0.434,0,Not Significant,0.22115977308030005,0.279,Not Significant,7.085020386012012,0.9755429403356632,0.9733916636879777,0.13626596588755488,-0.5550164595992855
49,49,VOLTA,KETU NORTH,48,123037.447831,431266742.659,431266742.65873,123037.447830552,KETU NORTH,VOLTA,,,KETU NORTH,VOLTA,,6.470662885714283,0.5501216246101069,25867.85714285714,29499.785714285714,29.307142857142857,44.03571428571428,18974.285714285714,23355.5,13934.0,13501.142857142857,23423.928571428572,26152.35714285714,2193.6428571428573,3597.714285714286,82802.78571428571,53.24838224688107,24.189292611574892,29.457217794083082,27435.14285714286,49576.28571428572,5791.357142857143,59.231683376968604,56.78156407458765,0.9089135422790011,82.8027857142857,,1.2,0.3,0.75,53.15714285714286,41.466666666666676,29.34285714285715,33.33333333333333,34.4,45.56,0.47,2.54,330000.0,13000.0,36.0,126.0,20009.0,46.0,12.0,90.0,192.0,2.66,41.1,25.03213501,-1.3290620983417738,0.3417428392406041,-0.11021287296959269,-0.32528229749302484,-0.6237497121647977,1.2857142857142858,-0.38961287564389085,81.46977866097879,5.779046806604607,59.41628112226838,87.98502955496129,32.87215417296165,2.222009344871663,37.69241023489102,27.770435240749286,0.0,1.4044926198303496,3,0.011,1,Low-Low,1.6421653982889515,3,0.01,1,Low-Low,-1.0941231047556745,0.011,Not Significant,5.736920179549225,0.92177977443651,0.8237097967012605,0.11182719532733862,-0.1417859029957728
50,50,WESTERN,MPOHOR,49,146649.909658,532304366.587,532304366.586571,146649.90965815,MPOHOR,WESTERN,WESTERN,MPOHOR,Mpohor,Western,District,4.9705877,-1.8927971,17795.0,16391.0,31.4,44.3,13671.0,25220.0,8995.0,8847.0,16862.0,15461.0,890.0,973.0,52028.0,47.946527818405194,26.276235872991467,48.473898669946955,17842.0,32323.0,1863.0,62.12616283539633,55.19908424341799,1.0906150960481211,52.028,Western (pre 2022),3.4,1.8,2.6,53.73571428571428,31.46666666666667,22.82857142857143,33.333333333333336,68.75,39.97,0.47,2.54,330000.0,13000.0,36.0,126.0,20009.0,46.0,12.0,90.0,192.0,2.66,41.1,25.03213501,0.8496431611534749,0.4938052545079174,1.2973187618870916,-0.18371038068906276,-1.320937312986568,1.0,-0.9137827753503625,141.96818422698564,21.77738252931237,54.628529782251846,86.59240166493935,26.556922627792478,1.841190583331228,30.97350618030981,32.094940413073864,1.0,1.6420718253860354,1,0.006,1,High-High,0.8998289660588923,1,0.004,1,High-High,0.9141162126870681,0.006,Not Significant,7.112126297383418,0.9704794976143779,0.7568646716744987,0.12171594673094055,-0.9393270371628093
51,51,WESTERN,WASSA AMENFI WEST,50,338441.50035,1472520340.15,1472520340.14847,338441.500349825,WASSA AMENFI WEST,WESTERN,,,WASSA AMENFI WEST,WESTERN,,5.164444985714285,-1.9217231254902145,40278.71428571428,37095.28571428572,28.4,43.385714285714286,27955.428571428572,45377.142857142855,21232.85714285714,20664.571428571428,36725.0,36147.42857142857,1955.4285714285713,2546.1428571428573,119271.42857142857,47.67635773563508,24.74950879374478,39.886264049426686,41897.42857142857,72872.42857142857,4501.571428571428,60.84792221998605,58.407560312615026,1.0316283467912175,119.27142857142857,,3.4,1.8,2.6,53.73571428571428,31.46666666666667,22.82857142857143,33.333333333333336,68.75,39.97,0.47,2.54,330000.0,13000.0,36.0,126.0,20009.0,46.0,12.0,90.0,192.0,2.66,41.1,25.03213501,0.8496431611534749,-0.03224850641684658,0.6616995665145622,-0.28727892662967236,0.17422279661038217,1.2857142857142858,-0.38961287564389085,149.59752312955783,17.93311123275499,61.85986650673571,88.44843096904042,32.44421409626732,2.3463924902945945,37.69426740562294,25.374240299663573,0.8571428571428571,1.1120468784439426,1,0.004,1,High-High,0.11595388917665493,1,0.375,0,Not Significant,1.042514489009435,0.004,Not Significant,7.328672100982598,0.8869964796510496,0.6197559988271204,0.12552458179897324,-0.6496199251262409
52,52,VOLTA,KETU SOUTH,51,89163.995618,283118897.715,283118897.715126,89163.9956179684,KETU SOUTH,VOLTA,,,KETU SOUTH,VOLTA,,6.470662885714283,0.5501216246101069,25867.85714285714,29499.785714285714,29.307142857142857,44.03571428571428,18974.285714285714,23355.5,13934.0,13501.142857142857,23423.928571428572,26152.35714285714,2193.6428571428573,3597.714285714286,82802.78571428571,53.24838224688107,24.189292611574892,29.457217794083082,27435.14285714286,49576.28571428572,5791.357142857143,59.231683376968604,56.78156407458765,0.9089135422790011,82.8027857142857,,1.2,0.3,0.75,53.15714285714286,41.466666666666676,29.34285714285715,33.33333333333333,34.4,45.56,0.47,2.54,330000.0,13000.0,36.0,126.0,20009.0,46.0,12.0,90.0,192.0,2.66,41.1,25.03213501,-1.3290620983417738,0.3417428392406041,-0.11021287296959269,-0.32528229749302484,-0.6237497121647977,1.2857142857142858,-0.38961287564389085,81.46977866097879,5.779046806604607,59.41628112226838,87.98502955496129,32.87215417296165,2.222009344871663,37.69241023489102,27.770435240749286,0.0,1.3569703623254754,3,0.049,1,Low-Low,1.0103606722541867,3,0.137,0,Not Significant,-1.0572713874681225,0.049,Not Significant,5.7662490524905765,0.9161564407049025,0.9207102071710369,0.10734989202163485,-0.11032039780600306
53,53,WESTERN,WASSA AMENFI CENTRAL,52,331436.515287,1876933049.22,1876933049.22424,331436.515286723,WASSA AMENFI CENTRAL,WESTERN,WESTERN,WASSA AMENFI CENTRAL,Wassa Amenfi Central,Western,District,5.7890318,-2.0839856,39525.0,34394.0,37.6,43.0,40255.0,55487.0,22543.0,21537.0,38197.0,32215.0,1827.0,1680.0,117999.0,46.5293091086189,34.11469588725328,47.02327985830389,44080.0,70412.0,3507.0,59.67169213298418,62.60296540362438,1.185689896011175,117.999,Western (pre 2022),3.4,1.8,2.6,53.73571428571428,31.46666666666667,22.82857142857143,33.333333333333336,68.75,39.97,0.47,2.54,330000.0,13000.0,36.0,126.0,20009.0,46.0,12.0,90.0,192.0,2.66,41.1,25.03213501,0.8496431611534749,-0.25417743680698157,1.1899502951796712,0.3480270314037846,0.2620977476204599,1.0,-0.9137827753503625,151.70363716318982,17.70245627954634,57.03183154233522,83.26960919954408,28.621979314640743,1.8398509399538323,35.8427743625071,25.87045043996208,1.0,1.0816771621604153,1,0.002,1,High-High,0.32619304879747507,1,0.151,0,Not Significant,1.0579077485628945,0.002,Not Significant,7.317476908522529,0.9117294631187246,0.7126486478816888,0.10720255218367711,-0.7979684496810449
54,54,VOLTA,KETA MUNICIPAL,53,117384.859666,525514737.973,525514737.973404,117384.859665536,KETA MUNICIPAL,VOLTA,VOLTA,KETA MUNICIPAL,Keta Municipal,Volta,Municipal,5.9215688,0.9910728,23209.0,31662.0,25.2,45.0,19817.0,21523.0,12367.0,11624.0,22241.0,25780.0,2378.0,4472.0,78862.0,57.702611579887375,25.12870584058228,27.291978392635237,23991.0,48021.0,6850.0,60.89244503055971,49.95939276566502,0.862723041117145,78.862,Volta (pre 2022),1.2,0.3,0.75,53.15714285714286,41.46666666666667,29.342857142857145,33.333333333333336,34.4,45.56,0.47,2.54,330000.0,13000.0,36.0,126.0,20009.0,46.0,12.0,90.0,192.0,2.66,41.1,25.03213501,-1.329062098341774,0.8965651652159424,-0.2704744335684295,-0.2615553462335538,-0.5189760301231604,2.0,0.9208118736222883,109.86101766607669,8.293646714282074,65.06207388526298,87.10861150573439,40.22744226648152,2.8087393358796886,43.29706787475267,28.501303576638303,0.0,0.9745652495107003,3,0.001,1,Low-Low,1.1368582643019918,3,0.029,1,Low-Low,-1.2167469981209285,0.001,Not Significant,5.947096350915354,0.9085052426568021,1.1951462544093874,0.10311119802077251,-0.2199864138415459
55,55,OTI,KADJEBI,54,153126.459183,707023676.226,707023676.226418,153126.459182912,KADJEBI,OTI,OTI,KADJEBI,Kadjebi,Oti,District,7.7210325,0.534053201682814,27062.0,19482.0,27.2,41.5,21183.0,21373.0,14138.0,13277.0,21950.0,20709.0,1814.0,2071.0,73959.0,41.85716741148161,28.641544639597615,28.898443732338187,27415.0,42659.0,3885.0,57.679254722210956,64.26545394875642,1.0599256361968226,73.959,Volta (pre 2022),1.2,0.3,0.75,53.15714285714286,41.46666666666667,29.342857142857145,33.333333333333336,34.4,45.56,0.47,2.54,330000.0,13000.0,36.0,126.0,20009.0,46.0,12.0,90.0,192.0,2.66,41.1,25.03213501,-1.329062098341774,-1.1172343883241747,-0.15157088774500643,-0.02325499020836978,-0.643063492852106,1.0,-0.9137827753503625,40.0,5.0,58.248348104343755,91.45838214438393,29.48832580309014,1.980470949630356,39.97119485275004,23.505802731295027,0.0,2.089367681594229,3,0.001,1,Low-Low,2.3606230435515942,3,0.001,1,Low-Low,-1.4569123093342613,0.001,Not Significant,6.7849763573705015,0.9566042963023946,1.018257008188474,0.12009667786372771,-0.13400726883782846
56,56,CENTRAL,MFANTSEMAN MUNICIPAL,55,129056.491925,305364638.162,305364638.162533,129056.491925041,MFANTSEMAN MUNICIPAL,CENTRAL,,,MFANTSEMAN MUNICIPAL,CENTRAL,,5.530626336363632,-1.1449043731652988,39064.09090909091,38146.818181818184,24.518181818181816,43.67272727272728,26027.18181818182,50993.90909090909,21178.090909090908,20635.0,34953.63636363636,36926.72727272727,2112.5454545454545,3218.0,119024.0,49.136172448175465,23.78469259020306,43.64378727187751,41813.09090909091,71880.36363636363,5330.545454545455,59.91984740183338,59.18865605254901,0.9465626308689931,119.024,,1.7,0.3,1.0,51.407142857142865,34.83333333333333,24.157142857142855,33.33333333333333,49.8,38.0,0.47,2.54,330000.0,13000.0,36.0,126.0,20009.0,46.0,12.0,90.0,192.0,2.66,41.1,25.03213501,-1.0346424686802538,0.1328905293280026,0.9398150188814784,-0.3527291388248077,0.09293751836036196,1.2727272727272727,-0.4134387801760031,89.14599386570036,7.0792473964983795,57.70717016102228,89.33536465091099,32.71134643203909,2.3377419041823067,38.546540685125365,26.953310958683257,0.0,0.6198775346507527,3,0.139,0,Not Significant,0.9565648851486731,3,0.055,0,Not Significant,-0.6009984941856487,0.139,Not Significant,7.252982313655539,0.9652204241504245,1.1458618096739568,0.1849223635536868,-0.27795329216998543
57,57,VOLTA,SOUTH TONGU,56,174530.432261,654689366.766,654689366.765488,174530.432261362,SOUTH TONGU,VOLTA,VOLTA,SOUTH TONGU,South Tongu,Volta,District,5.96577275,0.641061228110148,33924.0,38903.0,32.4,45.2,32459.0,38843.0,20408.0,19879.0,29659.0,35644.0,2421.0,5103.0,113114.0,53.41837505320829,28.695828986686,34.3396926994006,40287.0,65303.0,7524.0,57.732022561309826,61.69241841875564,0.832089552238806,113.114,Volta (pre 2022),1.2,0.3,0.75,53.15714285714286,41.46666666666667,29.342857142857145,33.333333333333336,34.4,45.56,0.47,2.54,330000.0,13000.0,36.0,126.0,20009.0,46.0,12.0,90.0,192.0,2.66,41.1,25.03213501,-1.329062098341774,1.0116394254182364,0.25116658806719633,-0.019572504339282207,0.18000358312335993,1.0,-0.9137827753503625,101.37696003387514,5.276463886350902,54.42811383547309,84.78060043638247,29.431980072188644,1.9577337950038132,29.55495628641746,33.362405161941524,0.0,0.6593206781490369,3,0.091,0,Not Significant,0.5991215875982067,3,0.113,0,Not Significant,-0.4809324999356308,0.091,Not Significant,6.088462446202306,0.9147038136154801,1.2652098981187667,0.10682926959939187,-0.43275637093361313
58,58,CENTRAL,EKUMFI,57,85442.9662705,280986403.112,280986403.112293,85442.9662704923,EKUMFI,CENTRAL,CENTRAL,EKUMFI,Ekumfi,Central,District,5.28914455,-0.908864632637807,17067.0,18338.0,31.5,45.6,18491.0,33670.0,10736.0,10600.0,14073.0,16944.0,1575.0,2813.0,56741.0,51.794944216918516,32.58842812075924,59.33980719409245,21336.0,31017.0,4388.0,54.66417581642904,68.78808395396074,0.8305594900849859,56.741,Central,1.7,0.3,1.0,51.40714285714286,34.833333333333336,24.157142857142855,33.333333333333336,49.8,38.0,0.47,2.54,330000.0,13000.0,36.0,126.0,20009.0,46.0,12.0,90.0,192.0,2.66,41.1,25.03213501,-1.0346424686802538,1.2417879458228205,2.1015658378636943,0.24448964385066296,-1.1541772261446845,1.0,-0.9137827753503625,92.67197466452873,13.930581068694183,39.97937792021393,83.29487026061871,28.81645660719391,1.4057538219036274,33.05120585685651,38.445023357550454,0.0,-0.27344321975769276,4,0.046,1,High-Low,0.8496385979780401,3,0.074,0,Not Significant,-0.9296737254240491,0.046,Not Significant,7.207319429063457,0.9525339910810049,1.4190787718306301,0.16035179192369287,-0.5672916172286429
59,59,CENTRAL,TWIFO HEMANG LOWER DENKYIRA,58,174394.365885,584727750.49,584727750.490501,174394.365885094,TWIFO HEMANG LOWER DENKYIRA,CENTRAL,,,TWIFO HEMANG LOWER DENKYIRA,CENTRAL,,5.530626336363632,-1.1449043731652988,39064.09090909091,38146.818181818184,24.518181818181816,43.67272727272728,26027.18181818182,50993.90909090909,21178.090909090908,20635.0,34953.63636363636,36926.72727272727,2112.5454545454545,3218.0,119024.0,49.136172448175465,23.78469259020306,43.64378727187751,41813.09090909091,71880.36363636363,5330.545454545455,59.91984740183338,59.18865605254901,0.9465626308689931,119.024,,1.7,0.3,1.0,51.407142857142865,34.83333333333333,24.157142857142855,33.33333333333333,49.8,38.0,0.47,2.54,330000.0,13000.0,36.0,126.0,20009.0,46.0,12.0,90.0,192.0,2.66,41.1,25.03213501,-1.0346424686802538,0.1328905293280026,0.9398150188814784,-0.3527291388248077,0.09293751836036196,1.2727272727272727,-0.4134387801760031,89.14599386570036,7.0792473964983795,57.70717016102228,89.33536465091099,32.71134643203909,2.3377419041823067,38.546540685125365,26.953310958683257,0.0,0.7792325102586307,3,0.033,1,Low-Low,1.0614583347484343,3,0.011,1,Low-Low,-0.7544691722099,0.033,Not Significant,7.133051851686902,0.9770144259780894,1.10413200440675,0.1592870219582092,-0.19315777055697758
60,60,OTI,JASIKAN,59,172249.805539,568734991.448,568734991.448187,172249.805539417,JASIKAN,OTI,,,JASIKAN,OTI,,7.85173986,0.28897175993930907,33502.2,22792.8,38.52,41.58,38164.4,43817.4,19642.2,18481.0,26298.2,26036.6,1793.0,2167.2,94418.2,40.42457771368513,39.2138703759114,45.213172694658866,38123.2,52334.8,3960.2,55.580795717373135,72.15250816672282,1.0133636696806725,94.4182,,1.2,0.3,0.75,53.157142857142865,41.46666666666667,29.342857142857145,33.333333333333336,34.4,45.56,0.47,2.54,330000.0,13000.0,36.0,126.0,20009.0,46.0,12.0,90.0,192.0,2.66,41.1,25.03213501,-1.3290620983417738,-1.0712046842432579,1.0559740712559296,0.6939396011528928,-0.23299134631391533,1.4,-0.17994491576130214,55.08374525972313,5.0,60.72158145254648,93.42408871793806,30.469044413446035,2.735554762286726,43.27806178287706,19.921004955249245,0.0,2.088290041924321,3,0.001,1,Low-Low,2.472649599539169,3,0.001,1,Low-Low,-1.4561637522053794,0.001,Not Significant,6.422109806511883,0.96253112835873,0.5643522095948236,0.10541001993682156,-0.09744349642637441
61,61,CENTRAL,TWIFO ATTI-MORKWA,60,190452.552937,971587937.765,971587937.764793,190452.552937435,TWIFO ATTI-MORKWA,CENTRAL,,,TWIFO ATTI-MORKWA,CENTRAL,,5.530626336363632,-1.1449043731652988,39064.09090909091,38146.818181818184,24.518181818181816,43.67272727272728,26027.18181818182,50993.90909090909,21178.090909090908,20635.0,34953.63636363636,36926.72727272727,2112.5454545454545,3218.0,119024.0,49.136172448175465,23.78469259020306,43.64378727187751,41813.09090909091,71880.36363636363,5330.545454545455,59.91984740183338,59.18865605254901,0.9465626308689931,119.024,,1.7,0.3,1.0,51.407142857142865,34.83333333333333,24.157142857142855,33.33333333333333,49.8,38.0,0.47,2.54,330000.0,13000.0,36.0,126.0,20009.0,46.0,12.0,90.0,192.0,2.66,41.1,25.03213501,-1.0346424686802538,0.1328905293280026,0.9398150188814784,-0.3527291388248077,0.09293751836036196,1.2727272727272727,-0.4134387801760031,89.14599386570036,7.0792473964983795,57.70717016102228,89.33536465091099,32.71134643203909,2.3377419041823067,38.546540685125365,26.953310958683257,0.0,0.4105561030409517,3,0.125,0,Not Significant,0.6172735307151809,3,0.048,1,Low-Low,-0.3994064076403768,0.125,Not Significant,7.019569342766372,0.9802542890844181,1.2249819598309688,0.1372032783740592,-0.20572114553903997
62,62,OTI,KRACHI EAST MUNICIPAL,61,322877.835494,2829436425.58,2829436425.57529,322877.835494466,KRACHI EAST MUNICIPAL,OTI,OTI,KRACHI EAST MUNICIPAL,Krachi East Municipal,Oti,Municipal,7.69817,0.22447,38222.0,26542.0,41.2,41.6,48059.0,50657.0,23489.0,22182.0,30990.0,30218.0,1707.0,1849.0,110435.0,40.98264467914273,43.517906460814054,45.87042151491828,45671.0,61208.0,3556.0,55.42445782587042,74.61606325970462,1.0255476868091866,110.435,Volta (pre 2022),1.2,0.3,0.75,53.15714285714286,41.46666666666667,29.342857142857145,33.333333333333336,34.4,45.56,0.47,2.54,330000.0,13000.0,36.0,126.0,20009.0,46.0,12.0,90.0,192.0,2.66,41.1,25.03213501,-1.329062098341774,-1.0596972582230275,1.104620757421942,0.9859123872838809,0.1334768176253843,2.0,0.9208118736222883,64.07372689414814,5.0,67.01998155631006,98.0,34.146466609929064,3.3623969139685834,50.1831262496003,18.846353373271118,0.0,1.4224552634372136,3,0.004,1,Low-Low,2.391621158164143,3,0.001,1,Low-Low,-0.9936572354060911,0.004,Not Significant,6.853945295765864,0.9579886811804392,1.2965167505217738,0.13943905867576606,-0.21388077429571792
63,63,CENTRAL,AWUTU SENYA,62,108131.979863,248592039.438,248592039.437904,108131.979863376,AWUTU SENYA,CENTRAL,,,AWUTU SENYA,CENTRAL,,5.530626336363632,-1.1449043731652988,39064.09090909091,38146.818181818184,24.518181818181816,43.67272727272728,26027.18181818182,50993.90909090909,21178.090909090908,20635.0,34953.63636363636,36926.72727272727,2112.5454545454545,3218.0,119024.0,49.136172448175465,23.78469259020306,43.64378727187751,41813.09090909091,71880.36363636363,5330.545454545455,59.91984740183338,59.18865605254901,0.9465626308689931,119.024,,1.7,0.3,1.0,51.407142857142865,34.83333333333333,24.157142857142855,33.33333333333333,49.8,38.0,0.47,2.54,330000.0,13000.0,36.0,126.0,20009.0,46.0,12.0,90.0,192.0,2.66,41.1,25.03213501,-1.0346424686802538,0.1328905293280026,0.9398150188814784,-0.3527291388248077,0.09293751836036196,1.2727272727272727,-0.4134387801760031,89.14599386570036,7.0792473964983795,57.70717016102228,89.33536465091099,32.71134643203909,2.3377419041823067,38.546540685125365,26.953310958683257,0.0,0.5816424207164907,3,0.125,0,Not Significant,0.13761282715850098,3,0.379,0,Not Significant,-0.5641752394523615,0.125,Not Significant,7.556483076905364,0.9446616933686176,2.3571329399778658,0.12664084546103582,-0.6515975040777101
64,64,OTI,NKWANTA SOUTH MUNICIPAL,63,345447.332497,2808285967.09,2808285967.08988,345447.332496627,NKWANTA SOUTH MUNICIPAL,OTI,OTI,NKWANTA SOUTH MUNICIPAL,Nkwanta South Municipal,Oti,Municipal,8.25811615,0.509975335946734,47109.0,32265.0,42.8,41.8,60865.0,71074.0,29048.0,27514.0,36847.0,37565.0,2248.0,2714.0,135936.0,40.64933101519389,44.774746939736346,52.28489877589454,56562.0,74412.0,4962.0,54.74046610169492,76.01193355910337,0.9808864634633302,135.936,Volta (pre 2022),1.2,0.3,0.75,53.15714285714286,41.46666666666667,29.342857142857145,33.333333333333336,34.4,45.56,0.47,2.54,330000.0,13000.0,36.0,126.0,20009.0,46.0,12.0,90.0,192.0,2.66,41.1,25.03213501,-1.329062098341774,-0.9446229980207376,1.579392339530789,1.0711726428008712,0.5370664914623365,2.0,0.9208118736222883,86.42778136392148,5.0,62.444322989423945,92.24860230659567,32.688079329404204,4.191676255437702,48.150588869541096,15.66677819681172,0.0,1.7834896195566996,3,0.001,1,Low-Low,2.747130267600138,3,0.001,1,Low-Low,-1.2444412855770757,0.001,Not Significant,7.290510448965737,0.9343957969146549,1.4938960366240162,0.15241467908506043,-0.5119930624638678
65,65,CENTRAL,AWUTU SENYA EAST,64,69960.6900978,109769812.836,109769812.835636,69960.6900977927,AWUTU SENYA EAST,CENTRAL,,,AWUTU SENYA EAST,CENTRAL,,5.530626336363632,-1.1449043731652988,39064.09090909091,38146.818181818184,24.518181818181816,43.67272727272728,26027.18181818182,50993.90909090909,21178.090909090908,20635.0,34953.63636363636,36926.72727272727,2112.5454545454545,3218.0,119024.0,49.136172448175465,23.78469259020306,43.64378727187751,41813.09090909091,71880.36363636363,5330.545454545455,59.91984740183338,59.18865605254901,0.9465626308689931,119.024,,1.7,0.3,1.0,51.407142857142865,34.83333333333333,24.157142857142855,33.33333333333333,49.8,38.0,0.47,2.54,330000.0,13000.0,36.0,126.0,20009.0,46.0,12.0,90.0,192.0,2.66,41.1,25.03213501,-1.0346424686802538,0.1328905293280026,0.9398150188814784,-0.3527291388248077,0.09293751836036196,1.2727272727272727,-0.4134387801760031,89.14599386570036,7.0792473964983795,57.70717016102228,89.33536465091099,32.71134643203909,2.3377419041823067,38.546540685125365,26.953310958683257,0.0,0.9264497206591754,3,0.023,1,Low-Low,0.14350136889535872,3,0.375,0,Not Significant,-0.8962502807747549,0.023,Not Significant,7.582969341884241,0.9354681766948632,2.4236494356337186,0.12489081392241291,-0.5994333857367178
66,66,ASHANTI,AFIGYA KWABRE SOUTH,65,87984.7124339,227751884.734,227751884.733505,87984.7124339016,AFIGYA KWABRE SOUTH,ASHANTI,ASHANTI,AFIGYA KWABRE SOUTH,Afigya Kwabre South,Ashanti,District,6.83998064999999,-1.60957900170106,75019.0,72938.0,13.0,43.3,31504.0,58599.0,43742.0,42968.0,68528.0,72634.0,2797.0,3998.0,234667.0,49.29675513831722,13.424980930424816,24.97112930237315,86710.0,141162.0,6795.0,60.15417591736375,61.42587948598065,0.9434700002753531,234.667,Ashanti,2.5,1.3,1.9,56.864285714285714,29.033333333333335,22.928571428571427,33.31666666666666,72.35,43.31,0.47,2.54,330000.0,13000.0,36.0,126.0,20009.0,46.0,12.0,90.0,192.0,2.66,41.1,25.03213501,0.02526819810121843,-0.0815660465035446,-0.44225354347705326,-1.0555006344981646,1.6003409407734155,1.0,-0.9137827753503625,122.38138562980204,6.608211731288214,59.60226300903376,83.75467013250217,31.727427161068864,1.6910763472007415,32.631737855597436,27.582772515086415,0.0,0.5764650165305399,3,0.08,0,Not Significant,0.009538586452778471,1,0.149,0,Not Significant,-0.514760133633495,0.08,Not Significant,7.397748326873042,0.606612473860625,1.4678368312535979,0.1448441130663224,-0.22110340809852227
67,67,GREATER ACCRA,LA-NKWANTANANG-MADINA,66,54376.7027741,72098314.0465,72098314.0465422,54376.7027740909,LA-NKWANTANANG-MADINA,GREATER ACCRA,,,LA-NKWANTANANG-MADINA,GREATER ACCRA,,5.624192658333333,-0.23498286628694398,67464.0,53000.38888888889,13.344444444444443,43.34444444444444,18517.277777777777,71015.16666666667,26534.944444444445,26579.166666666668,55808.77777777778,58485.944444444445,2689.9444444444443,3479.722222222222,173578.5,44.993700934165375,12.344920186799994,40.636601097780456,53114.11111111111,114294.72222222222,6169.666666666667,65.98249284508076,46.14543527948846,0.9474146027276813,173.5785,,2.6,1.4,2.0,55.5357142857143,43.53333333333333,31.47142857142857,33.33333333333334,60.05,52.97,0.47,2.54,330000.0,13000.0,36.0,126.0,20009.0,46.0,12.0,90.0,192.0,2.66,41.1,25.03213501,0.14303604996582658,-0.05599398868081167,0.7172362366231387,-1.128768687619977,0.7107491115522266,1.8888888888888888,0.7169680237364382,144.0384651859599,12.35353247494442,67.95737985565589,92.37824944419664,39.42698900961371,3.3474906506070354,45.87963772048502,22.56093875901817,0.16666666666666666,0.00017741566671577977,3,0.495,0,Not Significant,0.1040041646547426,1,0.046,1,High-High,-0.013370981623306813,0.495,Not Significant,7.860456030596325,0.9179050864788691,2.7402439990974843,0.1363105037532012,-0.6404969083257546
68,68,ASHANTI,ATWIMA KWANWOMA,67,104620.960911,256629938.994,256629938.994171,104620.960910507,ATWIMA KWANWOMA,ASHANTI,ASHANTI,ATWIMA KWANWOMA,Atwima Kwanwoma,Ashanti,District,6.65,-1.73333,74959.0,74937.0,13.8,43.3,31864.0,61419.0,42664.0,42286.0,68316.0,73750.0,3143.0,4687.0,234846.0,49.992661578694566,13.568040332813844,26.15288316598963,84950.0,142066.0,7830.0,60.493259412551204,59.796151084707105,0.9263186440677966,234.846,Ashanti,2.5,1.3,1.9,56.864285714285714,29.033333333333335,22.928571428571427,33.31666666666666,72.35,43.31,0.47,2.54,330000.0,13000.0,36.0,126.0,20009.0,46.0,12.0,90.0,192.0,2.66,41.1,25.03213501,0.02526819810121843,-0.0815660465035446,-0.35478528555590094,-1.0457959174665685,1.6018279374924775,1.0,-0.9137827753503625,112.78295066298271,13.935496374349324,56.32912815005652,88.25131717486424,35.12057689242195,1.711504645102552,36.03428925350121,26.07319848384576,0.0,-0.057753316644099426,4,0.344,0,Not Significant,0.005996909924331165,1,0.295,0,Not Significant,-0.19482081171952692,0.344,Not Significant,7.196709861758613,0.6721717620046129,1.4838110787116816,0.12788908198458215,-0.2640690827730703
69,69,ASHANTI,SEKYERE SOUTH,68,127158.291879,425990690.267,425990690.2677,127158.291878927,SEKYERE SOUTH,ASHANTI,ASHANTI,SEKYERE SOUTH,Sekyere South,Ashanti,District,6.99532965,-1.50292100938884,36646.0,41020.0,22.6,42.8,21298.0,32338.0,21744.0,20666.0,33678.0,37497.0,2643.0,3848.0,120076.0,52.81590399917596,17.737099836770046,26.93127685798994,42410.0,71175.0,6491.0,59.27495919251141,59.585528626624516,0.8981518521481718,120.076,Ashanti,2.5,1.3,1.9,56.864285714285714,29.033333333333335,22.928571428571427,33.31666666666666,72.35,43.31,0.47,2.54,330000.0,13000.0,36.0,126.0,20009.0,46.0,12.0,90.0,192.0,2.66,41.1,25.03213501,0.02526819810121843,-0.36925169700927557,-0.2971719852636355,-0.7629795342151027,0.2959861444671432,1.0,-0.9137827753503625,117.35109559440981,10.583861436574272,59.31863028713278,84.70230692888319,31.87602969489084,2.1480418344634504,36.56938404490005,28.54784234324393,0.0,0.13337324251430524,3,0.143,0,Not Significant,-0.0005237711341924973,4,0.439,0,Not Significant,-0.3740475389882764,0.143,Not Significant,7.363756846947402,0.6510685489422566,1.4134919947519056,0.15479968081966877,-0.20216397323428725
70,70,GREATER ACCRA,GA EAST,69,59679.1049744,87112684.6613,87112684.6613131,59679.1049744135,GA EAST,GREATER ACCRA,,,GA EAST,GREATER ACCRA,,5.624192658333333,-0.23498286628694398,67464.0,53000.38888888889,13.344444444444443,43.34444444444444,18517.277777777777,71015.16666666667,26534.944444444445,26579.166666666668,55808.77777777778,58485.944444444445,2689.9444444444443,3479.722222222222,173578.5,44.993700934165375,12.344920186799994,40.636601097780456,53114.11111111111,114294.72222222222,6169.666666666667,65.98249284508076,46.14543527948846,0.9474146027276813,173.5785,,2.6,1.4,2.0,55.5357142857143,43.53333333333333,31.47142857142857,33.33333333333334,60.05,52.97,0.47,2.54,330000.0,13000.0,36.0,126.0,20009.0,46.0,12.0,90.0,192.0,2.66,41.1,25.03213501,0.14303604996582658,-0.05599398868081167,0.7172362366231387,-1.128768687619977,0.7107491115522266,1.8888888888888888,0.7169680237364382,144.0384651859599,12.35353247494442,67.95737985565589,92.37824944419664,39.42698900961371,3.3474906506070354,45.87963772048502,22.56093875901817,0.16666666666666666,0.0017381757440871613,3,0.417,0,Not Significant,0.11804127035612882,1,0.031,1,High-High,-0.1305474252163796,0.417,Not Significant,7.80017115483747,0.9223660368698148,2.727177370589767,0.12977497363094914,-0.6608327510415175
71,71,GREATER ACCRA,AYAWASO WEST,70,38933.1852666,33158541.0353,33158541.0353336,38933.1852665901,AYAWASO WEST,GREATER ACCRA,,,AYAWASO WEST,GREATER ACCRA,,5.624192658333333,-0.23498286628694398,67464.0,53000.38888888889,13.344444444444443,43.34444444444444,18517.277777777777,71015.16666666667,26534.944444444445,26579.166666666668,55808.77777777778,58485.944444444445,2689.9444444444443,3479.722222222222,173578.5,44.993700934165375,12.344920186799994,40.636601097780456,53114.11111111111,114294.72222222222,6169.666666666667,65.98249284508076,46.14543527948846,0.9474146027276813,173.5785,,2.6,1.4,2.0,55.5357142857143,43.53333333333333,31.47142857142857,33.33333333333334,60.05,52.97,0.47,2.54,330000.0,13000.0,36.0,126.0,20009.0,46.0,12.0,90.0,192.0,2.66,41.1,25.03213501,0.14303604996582658,-0.05599398868081167,0.7172362366231387,-1.128768687619977,0.7107491115522266,1.8888888888888888,0.7169680237364382,144.0384651859599,12.35353247494442,67.95737985565589,92.37824944419664,39.42698900961371,3.3474906506070354,45.87963772048502,22.56093875901817,0.16666666666666666,-0.0013054199935532578,2,0.385,0,Not Significant,0.10152983152285858,1,0.013,1,High-High,0.09795516748985203,0.385,Not Significant,7.861976632509757,0.9131043411636555,2.7899358903126137,0.13266183292701617,-0.6028113285192471
72,72,ASHANTI,SEKYERE EAST,71,99055.5994577,244211167.234,244211167.233665,99055.5994577337,SEKYERE EAST,ASHANTI,ASHANTI,SEKYERE EAST,Sekyere East,Ashanti,District,6.77947295,-1.29935419961981,23709.0,24423.0,17.3,42.5,12874.0,17639.0,13736.0,12921.0,20506.0,23780.0,1489.0,2357.0,74789.0,50.74171029668412,17.21376138202142,23.58501918731364,26657.0,44286.0,3846.0,59.21459038093837,60.19283746556474,0.8623212783851977,74.789,Ashanti,2.5,1.3,1.9,56.864285714285714,29.033333333333335,22.928571428571427,33.31666666666666,72.35,43.31,0.47,2.54,330000.0,13000.0,36.0,126.0,20009.0,46.0,12.0,90.0,192.0,2.66,41.1,25.03213501,0.02526819810121843,-0.5418630873127126,-0.5448473583008228,-0.7984812316238264,-0.6214968994060048,1.0,-0.9137827753503625,86.09131605195617,11.064864697864994,58.546097423294334,88.1655435719122,31.664279561966737,1.8575101007016521,34.11651099244265,24.448099331116044,0.0,0.11417250041188011,3,0.177,0,Not Significant,-0.005299883205226093,4,0.314,0,Not Significant,-0.43306287793971443,0.177,Not Significant,6.892660473689175,0.8010647720686611,1.2505523832825731,0.13307413695819292,-0.3100628323278415
73,73,GREATER ACCRA,GA SOUTH MUNICIPAL,72,74063.5698025,181213883.865,181213883.865276,74063.569802533,GA SOUTH MUNICIPAL,GREATER ACCRA,GREATER ACCRA,GA SOUTH MUNICIPAL,Ga South Municipal,Greater Accra,Municipal,5.669162,-0.333376,125103.0,103262.0,15.8,44.1,49991.0,179053.0,61267.0,60489.0,107044.0,111736.0,4181.0,5404.0,350121.0,45.21796247235785,14.278206677120195,51.14032006077899,121756.0,218780.0,9585.0,62.48696879078947,55.65225340524728,0.95800816209637,350.121,Greater Accra,2.6,1.4,2.0,55.535714285714285,43.53333333333334,31.47142857142857,33.333333333333336,60.05,52.97,0.47,2.54,330000.0,13000.0,36.0,126.0,20009.0,46.0,12.0,90.0,192.0,2.66,41.1,25.03213501,0.14303604996582658,0.37873099430562746,1.494675623684046,-0.9976203812783598,2.381211343739164,2.0,0.9208118736222883,161.3088155527292,15.391925648539065,61.64275439200533,86.67795092929303,38.044467184580945,3.400303004357161,45.2234107660517,26.4308945543954,0.0,-0.2531062363345386,4,0.194,0,Not Significant,0.0648929449596162,1,0.173,0,Not Significant,-0.43563458092994933,0.194,Not Significant,7.625097312078324,0.940036380797854,2.5261256864833523,0.1216353725067486,-0.6760577397239161
74,74,GREATER ACCRA,GA WEST MUNICIPAL,73,108019.937186,177827134.919,177827134.91931,108019.937185519,GA WEST MUNICIPAL,GREATER ACCRA,GREATER ACCRA,GA WEST MUNICIPAL,Ga West Municipal,Greater Accra,Municipal,5.669162,-0.333376,110786.0,92906.0,10.5,43.3,35609.0,123514.0,55150.0,55457.0,97011.0,99245.0,3382.0,4054.0,314299.0,45.611020560454016,11.329657428117812,39.29824784679557,110607.0,196256.0,7436.0,62.44245129637702,56.358531713680094,0.9774900498765681,314.299,Greater Accra,2.6,1.4,2.0,55.535714285714285,43.53333333333334,31.47142857142857,33.333333333333336,60.05,52.97,0.47,2.54,330000.0,13000.0,36.0,126.0,20009.0,46.0,12.0,90.0,192.0,2.66,41.1,25.03213501,0.14303604996582658,-0.0815660465035446,0.6181771762291969,-1.1976410414896996,2.1704595687265935,2.0,0.9208118736222883,165.6150427133095,11.194063030801455,70.72733742734682,91.4119342650663,40.16023765229754,3.668775927135621,44.920510771903075,23.04898260117714,0.0,0.04528792700152332,3,0.374,0,Not Significant,0.1353086809013603,1,0.02,1,High-High,-0.19032427565993335,0.374,Not Significant,7.652248635503905,0.9370727402150448,2.5942326261080995,0.12065506111656983,-0.7119936556239368
75,75,ASHANTI,SEKYERE CENTRAL,74,247208.92543,1668849122.88,1668849122.88109,247208.925430461,SEKYERE CENTRAL,ASHANTI,ASHANTI,SEKYERE CENTRAL,Sekyere Central,Ashanti,District,7.21625465,-1.09955606489201,23803.0,21724.0,39.8,42.4,24179.0,38329.0,14277.0,13424.0,20482.0,20859.0,1731.0,2455.0,73228.0,47.71673951720957,33.0187906265363,52.342000327743484,27701.0,41341.0,4186.0,56.45518107827607,67.00611983261169,0.981926266839254,73.228,Ashanti,2.5,1.3,1.9,56.864285714285714,29.033333333333335,22.928571428571427,33.31666666666666,72.35,43.31,0.47,2.54,330000.0,13000.0,36.0,126.0,20009.0,46.0,12.0,90.0,192.0,2.66,41.1,25.03213501,0.02526819810121843,-0.5994002174138596,1.5836187469228806,0.2736841341800544,-0.6622563884700048,1.0,-0.9137827753503625,76.6585150890603,14.465527106806068,46.19976575586346,88.08767246214455,28.32239887108364,2.0638407645653314,36.83188146230831,24.346640188404322,0.0,-0.09309711541373633,4,0.315,0,Not Significant,-0.004742139589412012,4,0.341,0,Not Significant,-0.23245034608657109,0.315,Not Significant,7.299465435927839,0.8277523912820526,0.7282793129301453,0.18905600001091205,-0.09306091165661734
76,76,GREATER ACCRA,GA CENTRAL MUNICIPAL,75,42692.9678243,49815733.1986,49815733.1986237,42692.9678243326,GA CENTRAL MUNICIPAL,GREATER ACCRA,GREATER ACCRA,GA CENTRAL MUNICIPAL,Ga Central Municipal,Greater Accra,Municipal,5.3203951,-2.0334832,135748.0,95640.0,8.3,42.6,23248.0,145106.0,50214.0,50630.0,106324.0,113999.0,5054.0,6011.0,332232.0,41.33317198817571,6.997519805437165,43.67610585374076,100844.0,220323.0,11065.0,66.31600809073178,45.770981695056804,0.9326748480249827,332.232,Greater Accra,2.6,1.4,2.0,55.535714285714285,43.53333333333334,31.47142857142857,33.333333333333336,60.05,52.97,0.47,2.54,330000.0,13000.0,36.0,126.0,20009.0,46.0,12.0,90.0,192.0,2.66,41.1,25.03213501,0.14303604996582658,-0.4843259572115655,0.9422070991116288,-1.4915201509222946,2.278798254790637,2.0,0.9208118736222883,142.47445005658682,8.105680061017127,68.83186061362805,95.09864847215377,38.35014007334302,3.6218848764118285,47.595333804131336,19.453392762460656,0.0,-0.03147818233515379,2,0.458,0,Not Significant,0.14783100548611286,1,0.014,1,High-High,0.034260262191718155,0.458,Not Significant,7.733317510122656,0.9266096487860302,2.692057452379684,0.12263569050856536,-0.6423673145820953
77,77,ASHANTI,OFFINSO NORTH,76,230693.119789,967968868.556,967968868.555939,230693.119788847,OFFINSO NORTH,ASHANTI,ASHANTI,OFFINSO NORTH,Offinso North,Ashanti,District,7.27974815,-1.79832745610104,28302.0,22051.0,34.3,41.5,31198.0,27930.0,16942.0,16145.0,22483.0,24424.0,1532.0,1914.0,83440.0,43.79282267193613,37.38974113135187,33.47315436241611,33087.0,46907.0,3446.0,56.21644295302013,70.53744643656597,0.920528987880773,83.44,Ashanti,2.5,1.3,1.9,56.864285714285714,29.033333333333335,22.928571428571427,33.31666666666666,72.35,43.31,0.47,2.54,330000.0,13000.0,36.0,126.0,20009.0,46.0,12.0,90.0,192.0,2.66,41.1,25.03213501,0.02526819810121843,-1.1172343883241747,0.1870292062557468,0.5701961921082385,-0.4098078687218943,1.0,-0.9137827753503625,88.40703171741191,9.467513838076787,66.01229172752176,90.63907354592664,28.714817893403602,1.9671645025269817,39.21434714485994,24.440721668085384,0.0,0.07614489244174194,3,0.358,0,Not Significant,0.006120472622656434,1,0.246,0,Not Significant,-0.1346354211163865,0.358,Not Significant,9.099343253259246,0.5672406734298586,1.560396052805569,0.19273619813901058,-0.14929230074760946
78,78,OTI,KRACHI WEST,77,146753.931113,952664534.99,952664534.990345,146753.931113433,KRACHI WEST,OTI,,,KRACHI WEST,OTI,,7.85173986,0.28897175993930907,33502.2,22792.8,38.52,41.58,38164.4,43817.4,19642.2,18481.0,26298.2,26036.6,1793.0,2167.2,94418.2,40.42457771368513,39.2138703759114,45.213172694658866,38123.2,52334.8,3960.2,55.580795717373135,72.15250816672282,1.0133636696806725,94.4182,,1.2,0.3,0.75,53.157142857142865,41.46666666666667,29.342857142857145,33.333333333333336,34.4,45.56,0.47,2.54,330000.0,13000.0,36.0,126.0,20009.0,46.0,12.0,90.0,192.0,2.66,41.1,25.03213501,-1.3290620983417738,-1.0712046842432579,1.0559740712559296,0.6939396011528928,-0.23299134631391533,1.4,-0.17994491576130214,55.08374525972313,5.0,60.72158145254648,93.42408871793806,30.469044413446035,2.735554762286726,43.27806178287706,19.921004955249245,0.0,0.7555428452801987,3,0.171,0,Not Significant,2.074945707005074,3,0.006,1,Low-Low,-0.5304021614779214,0.171,Not Significant,7.053081431455498,0.9534047670326535,1.5440960505087344,0.15390287743788436,-0.3345701973825371
79,79,ASHANTI,OFFINSO MUNICIPAL,78,149654.907442,598752123.089,598752123.089066,149654.90744197,OFFINSO MUNICIPAL,ASHANTI,ASHANTI,OFFINSO MUNICIPAL,Offinso Municipal,Ashanti,Municipal,7.0579413,-1.73462655987467,42048.0,43960.0,23.5,42.8,34107.0,42296.0,26183.0,25081.0,38040.0,42369.0,2346.0,3253.0,137272.0,51.11152450934797,24.846290576373914,30.811818870563553,51264.0,80409.0,5599.0,58.57640305379101,63.754057381636386,0.8978262408836649,137.272,Ashanti,2.5,1.3,1.9,56.864285714285714,29.033333333333335,22.928571428571427,33.31666666666666,72.35,43.31,0.47,2.54,330000.0,13000.0,36.0,126.0,20009.0,46.0,12.0,90.0,192.0,2.66,41.1,25.03213501,0.02526819810121843,-0.36925169700927557,-0.009951219518957902,-0.28071354330956677,0.5560816278625558,2.0,0.9208118736222883,138.8683602594558,9.129517170237712,82.55416154668227,98.0,41.99555075820619,3.697335835088878,45.82596911624413,22.488533312770073,0.0,0.2745742494944071,3,0.155,0,Not Significant,-0.009148695274030559,4,0.191,0,Not Significant,-0.4310170238411335,0.155,Not Significant,8.347416965338692,0.5398018483590444,1.572876095920527,0.1729613260445497,-0.14341650992765517
80,80,ASHANTI,OBUASI MUNICIPAL,234,65431.3875016,148425768.709,148425768.709381,65431.3875016161,OBUASI MUNICIPAL,ASHANTI,ASHANTI,OBUASI MUNICIPAL,Obuasi Municipal,Ashanti,Municipal,6.211542,-1.6894045,36104.0,34814.0,11.1,42.8,12845.0,20504.0,16924.0,16455.0,33517.0,34084.0,1444.0,1873.0,104297.0,49.090498886037395,12.315790482947737,19.659242355964217,33379.0,67601.0,3317.0,64.81586239297391,49.37648851348353,0.9833646285647224,104.297,Ashanti,2.5,1.3,1.9,56.864285714285714,29.033333333333335,22.928571428571427,33.31666666666666,72.35,43.31,0.47,2.54,330000.0,13000.0,36.0,126.0,20009.0,46.0,12.0,90.0,192.0,2.66,41.1,25.03213501,0.02526819810121843,-0.36925169700927557,-0.8354162077010857,-1.1307447585973438,0.022515750272493577,2.0,0.9208118736222883,118.28222863587962,9.120788076633158,78.71351773241469,98.0,39.74887833451309,3.7455542629578815,46.76713928839749,17.098456928015413,0.0,0.25726615396346925,3,0.211,0,Not Significant,-0.010749888619029334,4,0.186,0,Not Significant,-0.40294944551708345,0.211,Not Significant,6.976230127232115,0.8910391671176078,1.3954585598248799,0.1206037873237964,-0.40328120046011173
81,81,OTI,KRACHI NCHUMURU,80,207027.233313,1227744428.35,1227744428.34659,207027.233313445,KRACHI NCHUMURU,OTI,OTI,KRACHI NCHUMURU,Krachi Nchumuru,Oti,District,8.1892008,-0.0866133771431008,28802.0,17142.0,47.2,40.8,38203.0,47974.0,17598.0,16392.0,21445.0,21370.0,1324.0,1805.0,79934.0,37.310639038829876,47.793179372982706,60.01701403658017,33990.0,42815.0,3129.0,53.56293942502565,79.388064930515,1.003509592887225,79.934,Volta (pre 2022),1.2,0.3,0.75,53.15714285714286,41.46666666666667,29.342857142857145,33.333333333333336,34.4,45.56,0.47,2.54,330000.0,13000.0,36.0,126.0,20009.0,46.0,12.0,90.0,192.0,2.66,41.1,25.03213501,-1.329062098341774,-1.5199942990321995,2.1516897296387656,1.2759339667996246,-0.4928618371889866,1.0,-0.9137827753503625,40.0,5.0,59.106990179185594,91.3094519638999,25.556396328276033,2.0798408065153513,42.1793784301287,16.958392112152143,0.0,0.6361257106908816,3,0.139,0,Not Significant,1.8037639640392442,3,0.001,1,Low-Low,-0.4474518489536162,0.139,Not Significant,7.273426835374709,0.9407422633823374,1.6140781509833177,0.1663585532677807,-0.39840681039762255
82,82,ASHANTI,KWABRE EAST,81,57763.9434936,125569947.84,125569947.839691,57763.9434936091,KWABRE EAST,ASHANTI,ASHANTI,KWABRE EAST,Kwabre East,Ashanti,Municipal,6.7897864,-1.53792852576917,99847.0,89434.0,10.6,43.3,38251.0,72440.0,54194.0,53339.0,85713.0,93804.0,3777.0,5987.0,296814.0,47.24932771910545,12.887195347928332,24.40585686658985,107533.0,179517.0,9764.0,60.481311528431945,59.90129068556181,0.9137456824868876,296.814,Ashanti,2.5,1.3,1.9,56.864285714285714,29.033333333333335,22.928571428571427,33.31666666666666,72.35,43.31,0.47,2.54,330000.0,13000.0,36.0,126.0,20009.0,46.0,12.0,90.0,192.0,2.66,41.1,25.03213501,0.02526819810121843,-0.0815660465035446,-0.4840925395074972,-1.0919823813434923,2.0587234658249183,2.0,0.9208118736222883,167.34375666406333,7.955716230796908,72.76027048323604,95.75759219375136,43.277380886454914,3.4552025573239913,46.50377649903468,23.48348570293498,0.0,0.41163720866010534,3,0.118,0,Not Significant,0.00837538342456212,1,0.195,0,Not Significant,-0.4772866897648098,0.118,Not Significant,7.141562552688955,0.6663826266894077,1.406791111994569,0.13769759157542102,-0.25848632585396525
83,83,VOLTA,AGOTIME ZIOPE,82,122080.325171,321711761.48,321711761.480251,122080.325171206,AGOTIME ZIOPE,VOLTA,,,AGOTIME ZIOPE,VOLTA,,6.470662885714283,0.5501216246101069,25867.85714285714,29499.785714285714,29.307142857142857,44.03571428571428,18974.285714285714,23355.5,13934.0,13501.142857142857,23423.928571428572,26152.35714285714,2193.6428571428573,3597.714285714286,82802.78571428571,53.24838224688107,24.189292611574892,29.457217794083082,27435.14285714286,49576.28571428572,5791.357142857143,59.231683376968604,56.78156407458765,0.9089135422790011,82.8027857142857,,1.2,0.3,0.75,53.15714285714286,41.466666666666676,29.34285714285715,33.33333333333333,34.4,45.56,0.47,2.54,330000.0,13000.0,36.0,126.0,20009.0,46.0,12.0,90.0,192.0,2.66,41.1,25.03213501,-1.3290620983417738,0.3417428392406041,-0.11021287296959269,-0.32528229749302484,-0.6237497121647977,1.2857142857142858,-0.38961287564389085,81.46977866097879,5.779046806604607,59.41628112226838,87.98502955496129,32.87215417296165,2.222009344871663,37.69241023489102,27.770435240749286,0.0,1.7028395112586971,3,0.001,1,Low-Low,1.880589611879673,3,0.002,1,Low-Low,-1.325479859964739,0.001,Not Significant,5.6894274031619645,0.9404453275889876,0.4664071253452689,0.1363204946735792,0.15210978058502375
84,84,VOLTA,ADAKLU,83,151494.827087,816134587.429,816134587.428633,151494.827086629,ADAKLU,VOLTA,VOLTA,ADAKLU,Adaklu,Volta,District,6.4470511,0.6286474,12326.0,12465.0,33.2,43.6,11060.0,10446.0,7153.0,6705.0,10721.0,11393.0,1089.0,1588.0,38649.0,50.280343673107176,28.616523066573517,27.02786618023752,13858.0,22114.0,2677.0,57.21752179875288,62.666184317626836,0.9410164135872905,38.649,Volta (pre 2022),1.2,0.3,0.75,53.15714285714286,41.46666666666667,29.342857142857145,33.333333333333336,34.4,45.56,0.47,2.54,330000.0,13000.0,36.0,126.0,20009.0,46.0,12.0,90.0,192.0,2.66,41.1,25.03213501,-1.329062098341774,0.09104534379989646,-0.2900228656280744,-0.02495237801951104,-1.8903758476987187,1.0,-0.9137827753503625,78.94035620423666,5.0,55.895328229927195,84.95365996563261,30.091781014062573,2.119409900520578,34.72574916239841,28.210109412773345,0.0,2.016263765687601,3,0.001,1,Low-Low,1.5838786459772323,3,0.017,1,Low-Low,-1.4061323882445471,0.001,Not Significant,5.586811126349961,0.9436527333024299,0.33226235853036784,0.14304935298255722,-0.16343756440751994
85,85,ASHANTI,EJURA-SEKYEDUMASE,84,232112.152201,1372161748.44,1372161748.44477,232112.152200728,EJURA-SEKYEDUMASE,ASHANTI,,,EJURA-SEKYEDUMASE,ASHANTI,,6.648968471212119,-1.5710996271278177,40225.78787878788,39177.72727272727,21.233333333333334,42.8939393939394,23077.303030303032,34405.63636363636,21558.636363636364,20916.666666666668,36505.0,37998.333333333336,2047.090909090909,2853.090909090909,121878.81818181818,48.779394994473165,20.971243347428945,30.35424582408351,42475.30303030303,74503.33333333333,4900.181818181818,60.40712501501989,58.91849355140668,0.9662006900935022,121.87881818181818,,2.5,1.3,1.9,56.86428571428571,29.033333333333335,22.928571428571427,33.316666666666656,72.35,43.31,0.47,2.54,330000.0,13000.0,36.0,126.0,20009.0,46.0,12.0,90.0,192.0,2.66,41.1,25.03213501,0.025268198101218428,-0.3152016657021368,-0.04381877729008543,-0.5435850233589301,0.12715045788525137,1.4242424242424243,-0.13546989396802583,115.5257832149487,10.538249727084729,65.48132841962365,90.77941777709772,34.71769297793984,2.64667986240882,40.68058247570054,23.965784469313288,0.030303030303030304,0.030915714081721626,3,0.416,0,Not Significant,-0.006799223549181087,4,0.194,0,Not Significant,-0.08570509663609854,0.416,Not Significant,8.396277421123239,0.7059199356711303,1.2791569666591005,0.2091488386498846,0.006584479647605446
86,86,ASHANTI,ATWIMA NWABIAGYA SOUTH,85,123286.283653,373893662.859,373893662.859238,123286.283652935,ATWIMA NWABIAGYA SOUTH,ASHANTI,,,ATWIMA NWABIAGYA SOUTH,ASHANTI,,6.648968471212119,-1.5710996271278177,40225.78787878788,39177.72727272727,21.233333333333334,42.8939393939394,23077.303030303032,34405.63636363636,21558.636363636364,20916.666666666668,36505.0,37998.333333333336,2047.090909090909,2853.090909090909,121878.81818181818,48.779394994473165,20.971243347428945,30.35424582408351,42475.30303030303,74503.33333333333,4900.181818181818,60.40712501501989,58.91849355140668,0.9662006900935022,121.87881818181818,,2.5,1.3,1.9,56.86428571428571,29.033333333333335,22.928571428571427,33.316666666666656,72.35,43.31,0.47,2.54,330000.0,13000.0,36.0,126.0,20009.0,46.0,12.0,90.0,192.0,2.66,41.1,25.03213501,0.025268198101218428,-0.3152016657021368,-0.04381877729008543,-0.5435850233589301,0.12715045788525137,1.4242424242424243,-0.13546989396802583,115.5257832149487,10.538249727084729,65.48132841962365,90.77941777709772,34.71769297793984,2.64667986240882,40.68058247570054,23.965784469313288,0.030303030303030304,0.15227755315527913,3,0.128,0,Not Significant,-0.0026214159353609066,4,0.378,0,Not Significant,-0.4166061864411645,0.128,Not Significant,7.240686120698518,0.5945081548534425,1.4869736990407745,0.13143790478190448,-0.2303305270616529
87,87,VOLTA,AKATSI SOUTH,86,170376.10787,545523265.241,545523265.241421,170376.107870394,AKATSI SOUTH,VOLTA,,,AKATSI SOUTH,VOLTA,,6.470662885714283,0.5501216246101069,25867.85714285714,29499.785714285714,29.307142857142857,44.03571428571428,18974.285714285714,23355.5,13934.0,13501.142857142857,23423.928571428572,26152.35714285714,2193.6428571428573,3597.714285714286,82802.78571428571,53.24838224688107,24.189292611574892,29.457217794083082,27435.14285714286,49576.28571428572,5791.357142857143,59.231683376968604,56.78156407458765,0.9089135422790011,82.8027857142857,,1.2,0.3,0.75,53.15714285714286,41.466666666666676,29.34285714285715,33.33333333333333,34.4,45.56,0.47,2.54,330000.0,13000.0,36.0,126.0,20009.0,46.0,12.0,90.0,192.0,2.66,41.1,25.03213501,-1.3290620983417738,0.3417428392406041,-0.11021287296959269,-0.32528229749302484,-0.6237497121647977,1.2857142857142858,-0.38961287564389085,81.46977866097879,5.779046806604607,59.41628112226838,87.98502955496129,32.87215417296165,2.222009344871663,37.69241023489102,27.770435240749286,0.0,1.5480705781300959,3,0.001,1,Low-Low,1.480880165396625,3,0.004,1,Low-Low,-1.2054623930342967,0.001,Not Significant,5.769018282287857,0.921210437146501,0.8653047025538416,0.11412032802099453,-0.23385267250034608
88,88,ASHANTI,ATWIMA MPONUA,87,377435.682503,1921014924.84,1921014924.83662,377435.682502746,ATWIMA MPONUA,ASHANTI,ASHANTI,ATWIMA MPONUA,Atwima Mponua,Ashanti,District,6.5558963,-2.17659077213842,54588.0,42035.0,25.1,42.4,45371.0,37467.0,30112.0,28519.0,47076.0,43265.0,3047.0,3235.0,155254.0,43.5041346263312,29.223723704381204,24.132711556546045,58631.0,90341.0,6282.0,58.18916098780063,64.89965796260833,1.0880850572055933,155.254,Ashanti,2.5,1.3,1.9,56.864285714285714,29.033333333333335,22.928571428571427,33.31666666666666,72.35,43.31,0.47,2.54,330000.0,13000.0,36.0,126.0,20009.0,46.0,12.0,90.0,192.0,2.66,41.1,25.03213501,0.02526819810121843,-0.5994002174138596,-0.5043095619894464,0.016238276162755885,0.795526467547225,1.0,-0.9137827753503625,100.57773630765504,5.764671336292899,65.01226564094634,88.22000667861393,28.67741833415316,2.228779590943109,35.27122597616819,28.32710403420082,0.0,-0.2317409982091208,2,0.293,0,Not Significant,-0.008761973689912668,4,0.142,0,Not Significant,0.1743179181152872,0.293,Not Significant,7.173039349044179,0.6358961897939697,1.3429167714436905,0.11978579670308262,-0.31376532530695345
89,89,VOLTA,AKATSI NORTH,88,113084.364804,319902453.138,319902453.138412,113084.364803894,AKATSI NORTH,VOLTA,VOLTA,AKATSI NORTH,Akatsi North,Volta,District,6.3108306,0.876439062223793,10667.0,10630.0,39.3,44.4,11624.0,16744.0,5827.0,5631.0,8505.0,10014.0,913.0,1865.0,32755.0,49.91313330516035,35.48771179972523,51.1189131430316,11458.0,18519.0,2778.0,56.53793313997863,61.8715913386252,0.8493109646494907,32.755,Volta (pre 2022),1.2,0.3,0.75,53.15714285714286,41.46666666666667,29.342857142857145,33.333333333333336,34.4,45.56,0.47,2.54,330000.0,13000.0,36.0,126.0,20009.0,46.0,12.0,90.0,192.0,2.66,41.1,25.03213501,-1.329062098341774,0.5513423846090644,1.4930911771588655,0.4411682768438035,-2.2055691650135327,1.0,-0.9137827753503625,48.02210467268611,7.539216650486849,46.05768591290245,87.73886179559585,26.546882118470894,1.665801179979736,36.64417708611692,32.180391788431685,0.0,1.2302653777129737,3,0.002,1,Low-Low,1.5905040840027276,3,0.014,1,Low-Low,-1.2996687111213747,0.002,Not Significant,5.686704133208956,0.9280312321019538,0.6657176803671587,0.12123376237195606,-0.050490995695175435
90,90,VOLTA,HO MUNICIPAL,89,173656.596537,585336411.689,585336411.688627,173656.596536798,HO MUNICIPAL,VOLTA,VOLTA,HO MUNICIPAL,Ho Municipal,Volta,Municipal,6.6126598,0.4688932,61676.0,68181.0,12.5,42.1,19028.0,24246.0,25031.0,25254.0,55464.0,63965.0,4215.0,6213.0,180142.0,52.50467822296834,10.56277825271175,13.459382043054923,50285.0,119429.0,10428.0,66.29714336467897,42.10451397901682,0.8670991948721958,180.142,Volta (pre 2022),1.2,0.3,0.75,53.15714285714286,41.46666666666667,29.342857142857145,33.333333333333336,34.4,45.56,0.47,2.54,330000.0,13000.0,36.0,126.0,20009.0,46.0,12.0,90.0,192.0,2.66,41.1,25.03213501,-1.329062098341774,-0.7720116077172965,-1.294302780972031,-1.2496638045549415,1.0849876060460173,2.0,0.9208118736222883,80.71245324231582,5.0,75.77711976406003,98.0,41.983848483301664,3.692886524049976,50.28358621778655,15.717899503600224,0.0,1.9797118077342872,3,0.014,1,Low-Low,1.6421900204123456,3,0.035,1,Low-Low,-1.38074242769969,0.014,Not Significant,5.762626619647055,0.9554976783673589,0.32494511161737577,0.14787445066390212,0.14748622799668673
91,91,ASHANTI,ADANSI SOUTH,90,199962.862389,773852276.985,773852276.984451,199962.862389052,ADANSI SOUTH,ASHANTI,ASHANTI,ADANSI SOUTH,Adansi South,Ashanti,District,6.00427495,-1.39314032189093,29633.0,24270.0,35.0,43.2,23064.0,39272.0,16212.0,15085.0,24648.0,25348.0,1692.0,2215.0,85200.0,45.02532326586646,27.070422535211268,46.093896713615024,31297.0,49996.0,3907.0,58.68075117370892,62.59900792063365,0.9723844090263531,85.2,Ashanti,2.5,1.3,1.9,56.864285714285714,29.033333333333335,22.928571428571427,33.31666666666666,72.35,43.31,0.47,2.54,330000.0,13000.0,36.0,126.0,20009.0,46.0,12.0,90.0,192.0,2.66,41.1,25.03213501,0.02526819810121843,-0.13910317660468752,1.1211614152699043,-0.12983516033722647,-0.3694063346526092,1.0,-0.9137827753503625,101.18491769178831,14.112902491701744,56.454977854250416,88.438127441857,31.039101418842368,2.0822667939714887,36.96747284257894,27.800974503439857,0.0,-0.19664339378707224,4,0.112,0,Not Significant,-0.02472552811927701,4,0.02,1,High-Low,-0.5959628348283598,0.112,Not Significant,6.716805704162434,0.9741156423612103,1.2917119045682497,0.09698316036427346,-0.7213246787429664
92,92,VOLTA,HOHOE MUNICIPAL,91,165045.139992,699385712.352,699385712.352121,165045.139992116,HOHOE MUNICIPAL,VOLTA,VOLTA,HOHOE MUNICIPAL,Hohoe Municipal,Volta,Municipal,7.153187,0.477735,37248.0,39037.0,18.8,42.8,18377.0,22140.0,19113.0,19074.0,33152.0,36705.0,2628.0,3800.0,114472.0,51.17257652225208,16.05370745684534,19.340974212034386,38187.0,69857.0,6428.0,61.0254035921448,54.66452896631691,0.9032011987467647,114.472,Volta (pre 2022),1.2,0.3,0.75,53.15714285714286,41.46666666666667,29.342857142857145,33.333333333333336,34.4,45.56,0.47,2.54,330000.0,13000.0,36.0,126.0,20009.0,46.0,12.0,90.0,192.0,2.66,41.1,25.03213501,-1.329062098341774,-0.36925169700927557,-0.8589730252063386,-0.8771757801625638,0.20317273107890285,2.0,0.9208118736222883,99.536727528985,5.0,72.2419071523847,98.0,39.01529126892058,3.4142177076269644,46.228687669283914,19.470999156997443,0.0,2.0885055698583024,3,0.001,1,Low-Low,2.5677216735790998,3,0.001,1,Low-Low,-1.4563134636311559,0.001,Not Significant,6.2534489655855845,0.9636944544391731,0.5180159957018667,0.11609932720051917,0.007132212533378504
93,93,ASHANTI,ADANSI ASOKWA,92,189752.568294,607016648.619,607016648.618858,189752.568294219,ADANSI ASOKWA,ASHANTI,ASHANTI,ADANSI ASOKWA,Adansi Asokwa,Ashanti,District,6.2467263,-1.50841,23550.0,21838.0,32.4,43.3,20304.0,36029.0,13691.0,12765.0,20664.0,21335.0,1589.0,1800.0,71844.0,48.11403895302723,28.261232670786708,50.14893380101331,26456.0,41999.0,3389.0,58.45860475474639,62.99197599942856,0.968549332083431,71.844,Ashanti,2.5,1.3,1.9,56.864285714285714,29.033333333333335,22.928571428571427,33.31666666666666,72.35,43.31,0.47,2.54,330000.0,13000.0,36.0,126.0,20009.0,46.0,12.0,90.0,192.0,2.66,41.1,25.03213501,0.02526819810121843,-0.0815660465035446,1.4212975440869113,-0.04905420353796566,-0.6991175945861455,1.0,-0.9137827753503625,119.81310535940496,11.856425099294057,53.451267860253104,82.60203305941513,28.55757277286005,2.116996853510831,36.44911735174171,27.939901433937017,0.0,0.04013012039265927,3,0.186,0,Not Significant,-0.015615788599375832,4,0.057,0,Not Significant,-0.36480619699661776,0.186,Not Significant,6.765587439921523,0.9405301662913913,1.3436278713353729,0.1033373868910869,-0.5734236116283704
94,94,VOLTA,HO WEST,93,286960.505765,-1022658004.29,1022658003.91821,286960.506363096,HO WEST,VOLTA,VOLTA,HO WEST,Ho West,Volta,District,6.590707,0.46714,28395.0,28088.0,27.9,42.7,15702.0,25710.0,13846.0,12843.0,23357.0,25820.0,2929.0,4377.0,83172.0,49.728236814616785,18.878949646515654,30.911845332563843,26689.0,49177.0,7306.0,59.12686961958351,54.271305691685136,0.9046088303640589,83.172,Volta (pre 2022),1.2,0.3,0.75,53.15714285714286,41.46666666666667,29.342857142857145,33.333333333333336,34.4,45.56,0.47,2.54,330000.0,13000.0,36.0,126.0,20009.0,46.0,12.0,90.0,192.0,2.66,41.1,25.03213501,-1.329062098341774,-0.42678882711041854,-0.0025476978157099477,-0.6855198977905851,-0.41603369946198243,1.0,-0.9137827753503625,50.43830065451137,5.0,56.14093973956841,89.55860579646779,29.550136395958482,2.027489910593102,37.32406308570446,24.001023481056002,0.0,-0.0,3,0.001,1,Low-Low,-0.0,3,0.001,1,Low-Low,,0.001,Not Significant,5.539287360433471,0.9569016240023318,0.061598358410522296,0.16301197565936307,-0.20379370333581762
95,95,ASHANTI,BOSOME FREHO,94,200830.307853,579806190.877,579806190.876884,200830.307853351,BOSOME FREHO,ASHANTI,ASHANTI,BOSOME FREHO,Bosome Freho,Ashanti,District,6.3681227,-1.36632312680072,22887.0,15579.0,31.3,41.0,17772.0,30539.0,12446.0,11347.0,17554.0,17537.0,1427.0,1948.0,62259.0,40.50070191857745,28.545270563292053,49.05154274883953,23793.0,35091.0,3375.0,56.36293547920782,67.803710353082,1.0009693790271996,62.259,Ashanti,2.5,1.3,1.9,56.864285714285714,29.033333333333335,22.928571428571427,33.31666666666666,72.35,43.31,0.47,2.54,330000.0,13000.0,36.0,126.0,20009.0,46.0,12.0,90.0,192.0,2.66,41.1,25.03213501,0.02526819810121843,-1.4049200388299055,1.3400734528889733,-0.02978593226755051,-0.9754263048505937,1.0,-0.9137827753503625,62.16765339433949,10.029378059267978,59.70040332968233,91.55913865444602,29.904537144188374,2.648595018738672,35.10619859330386,19.40764272374827,0.0,0.18543985628048193,3,0.118,0,Not Significant,0.0004959165254642321,1,0.49,0,Not Significant,-0.39993118035252556,0.118,Not Significant,6.7972137537058765,0.9258862734730238,1.3421173680315235,0.1058479366470218,-0.5054889249611647
96,96,VOLTA,AFADZATO SOUTH,95,193579.941233,564756958.306,564756958.306145,193579.941233472,AFADZATO SOUTH,VOLTA,VOLTA,AFADZATO SOUTH,Afadzato South,Volta,District,7.0222497,0.561946,21981.0,25555.0,32.5,43.7,14099.0,21171.0,13038.0,12572.0,20683.0,21229.0,2360.0,3264.0,73146.0,53.7592561427129,19.275148333470046,28.94348289721926,25610.0,41912.0,5624.0,57.299100429278425,61.10421836228288,0.9742804654011022,73.146,Volta (pre 2022),1.2,0.3,0.75,53.15714285714286,41.46666666666667,29.342857142857145,33.333333333333336,34.4,45.56,0.47,2.54,330000.0,13000.0,36.0,126.0,20009.0,46.0,12.0,90.0,192.0,2.66,41.1,25.03213501,-1.329062098341774,0.14858247390104345,-0.14823728553590093,-0.6586429775674291,-0.6644211333502819,1.0,-0.9137827753503625,50.81909400759713,5.0,57.644138770678815,88.75899171918552,28.826702170824213,2.261316298736319,33.66724311501353,27.86060627253047,0.0,2.0885055698583024,3,0.001,1,Low-Low,1.918018865354301,3,0.002,1,Low-Low,-1.4563134636311559,0.001,Not Significant,5.984376482078846,0.9638778638311255,0.39093515416040653,0.1441334332155966,0.14758326089888357
97,97,ASHANTI,AHAFO ANO SOUTH EAST,96,164425.146935,700981582.156,700981582.156464,164425.146935033,AHAFO ANO SOUTH EAST,ASHANTI,ASHANTI,AHAFO ANO SOUTH EAST,Ahafo Ano South East,Ashanti,District,6.94633355,-1.90095355028736,20560.0,17723.0,31.8,42.5,20459.0,20524.0,12966.0,12219.0,17786.0,17591.0,1319.0,1587.0,63468.0,46.29469999738787,32.235142118863045,32.337555933698866,25185.0,35377.0,2906.0,55.739900422260035,71.1903213952568,1.0110852140299016,63.468,Ashanti,2.5,1.3,1.9,56.864285714285714,29.033333333333335,22.928571428571427,33.31666666666666,72.35,43.31,0.47,2.54,330000.0,13000.0,36.0,126.0,20009.0,46.0,12.0,90.0,192.0,2.66,41.1,25.03213501,0.02526819810121843,-0.5418630873127126,0.10297717197347851,0.2205237903494504,-0.9383490826677856,1.0,-0.9137827753503625,92.54085901894578,11.354157621835833,57.37980011465811,92.58556258319848,28.94885605223397,2.0304877650425905,35.773709456239864,24.647934184942446,0.0,0.14840501888437474,3,0.035,1,Low-Low,-0.012961212107141231,4,0.091,0,Not Significant,-0.7145028858024531,0.035,Not Significant,7.468005385028368,0.5185300244878498,1.4893857130323074,0.13492290174605678,-0.2246880612446941
98,98,VOLTA,NORTH DAYI,97,131211.847445,472498676.511,472498676.510769,131211.847445146,NORTH DAYI,VOLTA,VOLTA,NORTH DAYI,North Dayi,Volta,District,6.91384645,0.22267318926127,12527.0,14591.0,30.1,43.6,7589.0,8976.0,6244.0,5906.0,11277.0,11896.0,1554.0,2391.0,39268.0,53.8055903827716,19.326168890699808,22.858307018437404,12150.0,23173.0,3945.0,59.01242742181929,52.431709316877395,0.9479657027572294,39.268,Volta (pre 2022),1.2,0.3,0.75,53.15714285714286,41.46666666666667,29.342857142857145,33.333333333333336,34.4,45.56,0.47,2.54,330000.0,13000.0,36.0,126.0,20009.0,46.0,12.0,90.0,192.0,2.66,41.1,25.03213501,-1.329062098341774,0.09104534379989646,-0.5986354180471927,-0.6551818973277485,-1.8600361820006872,1.0,-0.9137827753503625,77.53660808773515,5.0,61.60232435390994,85.44281279658637,32.027846156895194,1.3272077339234114,39.14654868800415,27.95396647825178,0.0,2.0893676815942284,3,0.001,1,Low-Low,2.386996354476658,3,0.003,1,Low-Low,-1.4569123093342613,0.001,Not Significant,5.8167097827207375,0.9668363845329583,0.22444602315952095,0.16455700548181612,0.0033917251750891935
99,99,ASHANTI,BEKWAI MUNICIPAL,98,161055.780564,545843561.208,545843561.208199,161055.78056405,BEKWAI MUNICIPAL,ASHANTI,ASHANTI,BEKWAI MUNICIPAL,Bekwai Municipal,Ashanti,Municipal,6.43631235,-1.59282285301503,44017.0,45866.0,19.4,43.6,24658.0,38214.0,24713.0,23371.0,38899.0,43202.0,3004.0,4778.0,137967.0,51.028559349376415,17.872389774366333,27.69792776533519,48084.0,82101.0,7782.0,59.50770836504381,58.56688712683159,0.9003981297162168,137.967,Ashanti,2.5,1.3,1.9,56.864285714285714,29.033333333333335,22.928571428571427,33.31666666666666,72.35,43.31,0.47,2.54,330000.0,13000.0,36.0,126.0,20009.0,46.0,12.0,90.0,192.0,2.66,41.1,25.03213501,0.02526819810121843,0.09104534379989646,-0.24042783458749897,-0.7538018741685167,0.5659009615823054,2.0,0.9208118736222883,152.2623474416481,11.329647803149344,70.45703886146553,91.8376393131832,40.215401438107605,3.32664732157182,48.15960489250643,24.726090744218578,0.0,0.01893759688629817,3,0.414,0,Not Significant,-0.012083105602363997,4,0.112,0,Not Significant,-0.08984884557382165,0.414,Not Significant,6.970247762278467,0.8029658108436296,1.4583281722024193,0.12190253697700981,-0.3359390910346063
100,100,VOLTA,KPANDO MUNICIPAL,99,86338.2026063,320905882.0,320905882.000517,86338.2026062773,KPANDO MUNICIPAL,VOLTA,VOLTA,KPANDO MUNICIPAL,Kpando Municipal,Volta,Municipal,7.0000115,0.318327973849328,18561.0,21639.0,23.4,43.4,10992.0,11556.0,9306.0,9046.0,18573.0,18164.0,1415.0,2048.0,58552.0,53.82835820895523,18.773056428473836,19.73630277360295,18352.0,36737.0,3463.0,62.74251946987294,49.95508615292484,1.0225170667253909,58.552,Volta (pre 2022),1.2,0.3,0.75,53.15714285714286,41.46666666666667,29.342857142857145,33.333333333333336,34.4,45.56,0.47,2.54,330000.0,13000.0,36.0,126.0,20009.0,46.0,12.0,90.0,192.0,2.66,41.1,25.03213501,-1.329062098341774,-0.02402891640239758,-0.8297125322631994,-0.6927033733224229,-1.0936944802279214,2.0,0.9208118736222883,81.88664396568377,5.0,86.33501795939264,90.90429727563311,39.8813266265785,3.1698748066764924,46.73958128828481,23.851350731457092,0.0,2.0885055698583024,3,0.001,1,Low-Low,2.2399380198055137,3,0.001,1,Low-Low,-1.4563134636311559,0.001,Not Significant,6.075274471298159,0.9673849178415629,0.4354585103373327,0.14155183939009436,0.05246972370071218
101,101,ASHANTI,BOSOMTWE,100,130806.244335,431043665.162,431043665.161499,130806.244335185,BOSOMTWE,ASHANTI,,,BOSOMTWE,ASHANTI,,6.648968471212119,-1.5710996271278177,40225.78787878788,39177.72727272727,21.233333333333334,42.8939393939394,23077.303030303032,34405.63636363636,21558.636363636364,20916.666666666668,36505.0,37998.333333333336,2047.090909090909,2853.090909090909,121878.81818181818,48.779394994473165,20.971243347428945,30.35424582408351,42475.30303030303,74503.33333333333,4900.181818181818,60.40712501501989,58.91849355140668,0.9662006900935022,121.87881818181818,,2.5,1.3,1.9,56.86428571428571,29.033333333333335,22.928571428571427,33.316666666666656,72.35,43.31,0.47,2.54,330000.0,13000.0,36.0,126.0,20009.0,46.0,12.0,90.0,192.0,2.66,41.1,25.03213501,0.025268198101218428,-0.3152016657021368,-0.04381877729008543,-0.5435850233589301,0.12715045788525137,1.4242424242424243,-0.13546989396802583,115.5257832149487,10.538249727084729,65.48132841962365,90.77941777709772,34.71769297793984,2.64667986240882,40.68058247570054,23.965784469313288,0.030303030303030304,0.12480820835087467,3,0.211,0,Not Significant,0.0019836618453200183,1,0.442,0,Not Significant,-0.34170919904054264,0.211,Not Significant,6.904506323717257,0.8201777603456287,1.4059493024612728,0.12295384268795936,-0.33346192354070114
102,102,VOLTA,NORTH TONGU,101,204312.290544,1152379840.36,1152379840.35569,204312.29054402,NORTH TONGU,VOLTA,VOLTA,NORTH TONGU,North Tongu,Volta,District,6.14399495,0.297188924896433,33245.0,36059.0,38.4,45.4,34242.0,45575.0,21452.0,20654.0,29254.0,33512.0,2535.0,4003.0,111410.0,52.03018584785871,30.73512252042007,40.9074589354636,42106.0,62766.0,6538.0,56.337851180324925,67.08409011248128,0.8729410360467892,111.41,Volta (pre 2022),1.2,0.3,0.75,53.15714285714286,41.46666666666667,29.342857142857145,33.333333333333336,34.4,45.56,0.47,2.54,330000.0,13000.0,36.0,126.0,20009.0,46.0,12.0,90.0,192.0,2.66,41.1,25.03213501,-1.329062098341774,1.1267136856205264,0.737283950394882,0.11876699910303427,0.1505380576835303,1.0,-0.9137827753503625,108.43380836001992,6.4206377147920755,49.84637806229443,81.79075500688386,28.70366830621778,1.585456693023425,32.115840663407,34.1879814640115,0.0,0.23409154116978523,3,0.358,0,Not Significant,0.3601027285328481,3,0.279,0,Not Significant,-0.20532344547019393,0.358,Not Significant,5.946428133775323,0.9316066249920983,0.7971361804309336,0.14000364612665603,-0.858504428229922
103,103,VOLTA,CENTRAL TONGU,102,182580.467667,694594151.703,694594151.703419,182580.467666605,CENTRAL TONGU,VOLTA,VOLTA,CENTRAL TONGU,Central Tongu,Volta,District,6.16884364999999,0.611561745917151,24532.0,28243.0,36.0,44.4,29161.0,26329.0,15476.0,15033.0,21648.0,25244.0,2067.0,3816.0,83284.0,53.51586925627665,35.01392824552135,31.613515200998993,30509.0,46892.0,5883.0,56.30373180923106,65.06227074980806,0.8575503089843131,83.284,Volta (pre 2022),1.2,0.3,0.75,53.15714285714286,41.46666666666667,29.342857142857145,33.333333333333336,34.4,45.56,0.47,2.54,330000.0,13000.0,36.0,126.0,20009.0,46.0,12.0,90.0,192.0,2.66,41.1,25.03213501,-1.329062098341774,0.5513423846090644,0.04938684026142109,0.40902823395959553,-0.41342945210498533,1.0,-0.9137827753503625,82.71346070462273,5.0,52.2894073011383,83.44757650083096,30.633737771241634,1.4098831912244205,33.64301060293735,29.922743201543085,0.0,1.9060917742734742,3,0.001,1,Low-Low,1.2280740185077634,3,0.018,1,Low-Low,-1.3296039976525629,0.001,Not Significant,5.774130517950199,0.9272006263983584,0.7843777811189094,0.12270199231508934,-0.4216643060461853
104,104,ASHANTI,MAMPONG MUNICIPAL,103,169174.915795,685510366.789,685510366.788643,169174.915794793,MAMPONG MUNICIPAL,ASHANTI,ASHANTI,MAMPONG MUNICIPAL,Mampong Municipal,Ashanti,Municipal,7.056139,-1.40425,35620.0,41077.0,22.5,42.6,24107.0,34749.0,20344.0,19591.0,34298.0,36738.0,2323.0,3338.0,116632.0,53.55750550869004,20.66928458742026,29.79371013101036,39935.0,71036.0,5661.0,60.906097811921256,56.21797398502167,0.9335837552398062,116.632,Ashanti,2.5,1.3,1.9,56.864285714285714,29.033333333333335,22.928571428571427,33.31666666666666,72.35,43.31,0.47,2.54,330000.0,13000.0,36.0,126.0,20009.0,46.0,12.0,90.0,192.0,2.66,41.1,25.03213501,0.02526819810121843,-0.4843259572115655,-0.08530718031987683,-0.5640689920611552,0.23946942633748255,2.0,0.9208118736222883,132.94540533050412,10.538675488600127,76.70716206582881,97.8961805749092,37.99481686852356,3.5425564900919833,46.78592075511935,16.351005656598947,0.0,0.07280468228161842,3,0.361,0,Not Significant,-0.015617679804870383,4,0.097,0,Not Significant,-0.19996267752778274,0.361,Not Significant,7.587258063213923,0.6888996338898822,1.2609047406513771,0.17529218584853093,-0.15986218382527467
105,105,CENTRAL,AJUMAKO-ENYAN-ESSIAM,105,144151.796257,529607339.818,529607339.817646,144151.796256867,AJUMAKO-ENYAN-ESSIAM,CENTRAL,,,AJUMAKO-ENYAN-ESSIAM,CENTRAL,,5.530626336363632,-1.1449043731652988,39064.09090909091,38146.818181818184,24.518181818181816,43.67272727272728,26027.18181818182,50993.90909090909,21178.090909090908,20635.0,34953.63636363636,36926.72727272727,2112.5454545454545,3218.0,119024.0,49.136172448175465,23.78469259020306,43.64378727187751,41813.09090909091,71880.36363636363,5330.545454545455,59.91984740183338,59.18865605254901,0.9465626308689931,119.024,,1.7,0.3,1.0,51.407142857142865,34.83333333333333,24.157142857142855,33.33333333333333,49.8,38.0,0.47,2.54,330000.0,13000.0,36.0,126.0,20009.0,46.0,12.0,90.0,192.0,2.66,41.1,25.03213501,-1.0346424686802538,0.1328905293280026,0.9398150188814784,-0.3527291388248077,0.09293751836036196,1.2727272727272727,-0.4134387801760031,89.14599386570036,7.0792473964983795,57.70717016102228,89.33536465091099,32.71134643203909,2.3377419041823067,38.546540685125365,26.953310958683257,0.0,0.8643430993619571,3,0.011,1,Low-Low,1.1636959857093327,3,0.005,1,Low-Low,-0.8364369913313581,0.011,Not Significant,7.195875048399588,0.9653551506670647,1.2640618285172294,0.16524048598127294,-0.5325259526162744
106,106,CENTRAL,GOMOA WEST,106,112101.953446,342445564.546,342445564.546288,112101.953445748,GOMOA WEST,CENTRAL,CENTRAL,GOMOA WEST,Gomoa West,Central,District,5.38725545,-0.833638570821268,41686.0,40125.0,28.3,44.4,39425.0,65362.0,24256.0,23445.0,32103.0,40607.0,3061.0,6040.0,129512.0,49.045971813081366,30.44119463833467,50.46791030946939,47701.0,72710.0,9101.0,56.14151584409167,65.60445605831386,0.7905779791661536,129.512,Central,1.7,0.3,1.0,51.40714285714286,34.833333333333336,24.157142857142855,33.333333333333336,49.8,38.0,0.47,2.54,330000.0,13000.0,36.0,126.0,20009.0,46.0,12.0,90.0,192.0,2.66,41.1,25.03213501,-1.0346424686802538,0.5513423846090644,1.444906791639564,0.09882782086168936,0.44296416746853157,1.0,-0.9137827753503625,102.75469669584571,8.77166802150793,55.13757595355025,84.52244045303051,30.225560277817383,2.1662485138423153,33.256943608449255,26.928079790790935,0.0,0.7033964752401953,3,0.004,1,Low-Low,0.8628597569087911,3,0.024,1,Low-Low,-0.9931355858675808,0.004,Not Significant,7.23023678326706,0.9547950751415303,1.630613345126708,0.14194551851468643,-0.6841658943018429
107,107,CENTRAL,AGONA WEST MUNICIPAL,108,119461.549246,362165583.563,362165583.56324,119461.549246467,AGONA WEST MUNICIPAL,CENTRAL,CENTRAL,AGONA WEST MUNICIPAL,Agona West Municipal,Central,Municipal,4.8901537,-1.9664135,47040.0,43603.0,21.0,43.7,26617.0,49785.0,23329.0,22597.0,39083.0,44191.0,2961.0,4408.0,136569.0,48.104100702756966,19.489781722059913,36.45410012521143,45926.0,83274.0,7369.0,60.9757704896426,55.150467132598415,0.8844108528885972,136.569,Central,1.7,0.3,1.0,51.40714285714286,34.833333333333336,24.157142857142855,33.333333333333336,49.8,38.0,0.47,2.54,330000.0,13000.0,36.0,126.0,20009.0,46.0,12.0,90.0,192.0,2.66,41.1,25.03213501,-1.0346424686802538,0.14858247390104345,0.4076657879134702,-0.6440828978591904,0.5460989265671388,2.0,0.9208118736222883,91.75100411622672,5.718693838704963,68.91341972664573,93.5823523944219,39.351027614829995,3.717276699436905,46.22756273337611,22.344972779126334,0.0,1.1505670938762174,3,0.026,1,Low-Low,0.603333381722132,3,0.106,0,Not Significant,-0.8892784161968698,0.026,Not Significant,7.253540974027363,0.9646306346157775,1.5729747351201968,0.14667854617307605,-0.6718172795461926
108,108,CENTRAL,AGONA EAST,111,93738.3474283,332837005.571,332837005.57069,93738.3474283042,AGONA EAST,CENTRAL,CENTRAL,AGONA EAST,Agona East,Central,District,5.63553575,-0.654757357749996,32681.0,31928.0,25.9,43.6,22438.0,53181.0,17280.0,16748.0,27957.0,31096.0,2242.0,3314.0,98637.0,49.417263848689814,22.748056003325324,53.91587335381246,34028.0,59053.0,5556.0,59.86901466995144,57.62281340490746,0.8990545407769488,98.637,Central,1.7,0.3,1.0,51.40714285714286,34.833333333333336,24.157142857142855,33.333333333333336,49.8,38.0,0.47,2.54,330000.0,13000.0,36.0,126.0,20009.0,46.0,12.0,90.0,192.0,2.66,41.1,25.03213501,-1.0346424686802538,0.09104534379989646,1.700109952086414,-0.4230514285327612,-0.08569328009554526,1.0,-0.9137827753503625,98.31962166151898,10.735640775627406,48.39400567443297,84.39740357943664,30.832118923462996,1.7805370686323683,33.20910148798959,29.622618864072045,0.0,0.41505799622494904,3,0.006,1,Low-Low,0.6871038408407361,3,0.118,0,Not Significant,-1.2653525009971245,0.006,Not Significant,7.396260720822362,0.9548537974783646,2.0124875272631266,0.13371928767315688,-0.6877842999392868
109,109,CENTRAL,ASSIN NORTH,112,206495.514687,738627006.078,738627006.07785,206495.514687254,ASSIN NORTH,CENTRAL,CENTRAL,ASSIN NORTH,Assin North,Central,District,5.82545685,-1.37392719579152,29624.0,21458.0,31.9,42.0,22155.0,38011.0,15174.0,14283.0,23465.0,23635.0,1830.0,2152.0,80539.0,42.0069691867977,27.50841207365376,47.195768509666124,29457.0,47100.0,3982.0,58.4809843678218,62.541401273885356,0.9928072773429236,80.539,Central,1.7,0.3,1.0,51.40714285714286,34.833333333333336,24.157142857142855,33.333333333333336,49.8,38.0,0.47,2.54,330000.0,13000.0,36.0,126.0,20009.0,46.0,12.0,90.0,192.0,2.66,41.1,25.03213501,-1.0346424686802538,-0.8295487378184435,1.2027171515533435,-0.10012327518741322,-0.4782761528003151,1.0,-0.9137827753503625,56.65011210122774,5.0,60.05456734665734,86.02961428023099,31.256032501552493,2.0566954164645757,35.981162505059395,24.52117349857943,0.0,1.1092853763595953,3,0.023,1,Low-Low,0.6892728176580218,3,0.046,1,Low-Low,-0.7761211163589534,0.023,Not Significant,6.848728823581997,0.9828038681243851,1.2795864526197684,0.11728008275996564,-0.47360596529445975
110,110,CENTRAL,ASSIN SOUTH,114,189497.189202,1119096341.81,1119096341.80981,189497.189202314,ASSIN SOUTH,CENTRAL,CENTRAL,ASSIN SOUTH,Assin South,Central,District,5.52889644999999,-1.2709401638536,35793.0,29955.0,27.4,41.7,27205.0,38472.0,20688.0,19559.0,29056.0,31148.0,2339.0,3205.0,105995.0,45.56032122650119,25.66630501438747,36.296051700551914,40247.0,60204.0,5544.0,56.798905608755135,66.85103979802007,0.9328367792474638,105.995,Central,1.7,0.3,1.0,51.40714285714286,34.833333333333336,24.157142857142855,33.333333333333336,49.8,38.0,0.47,2.54,330000.0,13000.0,36.0,126.0,20009.0,46.0,12.0,90.0,192.0,2.66,41.1,25.03213501,-1.0346424686802538,-1.0021601281218806,0.3959677340312135,-0.22508624478986364,0.053846006627255555,1.0,-0.9137827753503625,40.0,5.0,57.42800620497115,95.90980779042663,28.06745114084051,2.3780408925581353,39.48039792667877,19.62093039130469,0.0,1.5040326585864083,3,0.003,1,Low-Low,0.9939575688190785,3,0.012,1,Low-Low,-1.0503230601708209,0.003,Not Significant,7.1640913014491705,0.978138956260603,1.201329231670967,0.16591393258546921,-0.08218966656344284
111,111,CENTRAL,ASIKUMA-ODOBEN-BRAKWA,117,145874.551992,785516182.71,785516182.710354,145874.551991864,ASIKUMA-ODOBEN-BRAKWA,CENTRAL,,,ASIKUMA-ODOBEN-BRAKWA,CENTRAL,,5.530626336363632,-1.1449043731652988,39064.09090909091,38146.818181818184,24.518181818181816,43.67272727272728,26027.18181818182,50993.90909090909,21178.090909090908,20635.0,34953.63636363636,36926.72727272727,2112.5454545454545,3218.0,119024.0,49.136172448175465,23.78469259020306,43.64378727187751,41813.09090909091,71880.36363636363,5330.545454545455,59.91984740183338,59.18865605254901,0.9465626308689931,119.024,,1.7,0.3,1.0,51.407142857142865,34.83333333333333,24.157142857142855,33.33333333333333,49.8,38.0,0.47,2.54,330000.0,13000.0,36.0,126.0,20009.0,46.0,12.0,90.0,192.0,2.66,41.1,25.03213501,-1.0346424686802538,0.1328905293280026,0.9398150188814784,-0.3527291388248077,0.09293751836036196,1.2727272727272727,-0.4134387801760031,89.14599386570036,7.0792473964983795,57.70717016102228,89.33536465091099,32.71134643203909,2.3377419041823067,38.546540685125365,26.953310958683257,0.0,1.2119214733918406,3,0.001,1,Low-Low,1.3408872211533023,3,0.002,1,Low-Low,-1.1711807828286083,0.001,Not Significant,7.17419647101441,0.9769024819378688,1.2038563806343756,0.16193075557563152,-0.49358882590106906
112,112,CENTRAL,EFFUTU MUNICIPAL,118,46344.9924792,86556026.4783,86556026.4783096,46344.9924792361,EFFUTU MUNICIPAL,CENTRAL,CENTRAL,EFFUTU MUNICIPAL,Effutu Municipal,Central,Municipal,5.38339225,-0.597395635326539,27520.0,52842.0,21.7,44.2,20228.0,32581.0,14186.0,14268.0,39432.0,36492.0,1613.0,2825.0,108816.0,65.75495881137851,18.5891780620497,29.941368916335833,28454.0,75924.0,4438.0,69.77282752536391,37.47695063484537,1.0805656034199276,108.816,Central,1.7,0.3,1.0,51.40714285714286,34.833333333333336,24.157142857142855,33.333333333333336,49.8,38.0,0.47,2.54,330000.0,13000.0,36.0,126.0,20009.0,46.0,12.0,90.0,192.0,2.66,41.1,25.03213501,-1.0346424686802538,0.4362681244067745,-0.0743781221489581,-0.7051771253763126,0.10481392691785953,2.0,0.9208118736222883,115.54504424053818,5.0,77.98985010577252,91.87495929541448,37.62356050391271,3.272169891388952,50.49519415255063,27.916070010137194,0.0,1.8715866092757245,3,0.004,1,Low-Low,0.7967805091865973,3,0.085,0,Not Significant,-1.3056357938423693,0.004,Not Significant,7.427008291177694,0.9387780177815486,2.152666942174596,0.12791426781454027,-0.6270362038910551
113,113,CENTRAL,GOMOA EAST,121,166660.175438,548497613.73,548497613.729919,166660.17543798,GOMOA EAST,CENTRAL,CENTRAL,GOMOA EAST,Gomoa East,Central,District,5.4769937,-0.589745989100534,101923.0,95607.0,14.4,43.7,43210.0,137369.0,55840.0,55327.0,93198.0,96950.0,3200.0,4182.0,308697.0,48.401255505492834,13.997544517763375,44.49962260728157,111167.0,190148.0,7382.0,61.59697049210067,58.463407451038144,0.9612996389891697,308.697,Central,1.7,0.3,1.0,51.40714285714286,34.833333333333336,24.157142857142855,33.333333333333336,49.8,38.0,0.47,2.54,330000.0,13000.0,36.0,126.0,20009.0,46.0,12.0,90.0,192.0,2.66,41.1,25.03213501,-1.0346424686802538,0.14858247390104345,1.0031602112771878,-1.0166596530252656,2.135349787204719,1.0,-0.9137827753503625,115.47606520593095,5.0,45.819303586966015,92.69493539464379,33.370895621908225,1.7488559635989758,35.560324529349366,29.51808465544522,0.0,1.2466732996215295,3,0.007,1,Low-Low,0.6032476011456679,3,0.051,0,Not Significant,-0.8715544158668966,0.007,Not Significant,7.451777000097972,0.9425557577223783,2.1750999345152002,0.12886433004410072,-0.632036621520379
114,114,CENTRAL,ABURA-ASEBU-KWAMANKESE,123,150949.986957,382608087.653,382608087.653549,150949.986957144,ABURA-ASEBU-KWAMANKESE,CENTRAL,,,ABURA-ASEBU-KWAMANKESE,CENTRAL,,5.530626336363632,-1.1449043731652988,39064.09090909091,38146.818181818184,24.518181818181816,43.67272727272728,26027.18181818182,50993.90909090909,21178.090909090908,20635.0,34953.63636363636,36926.72727272727,2112.5454545454545,3218.0,119024.0,49.136172448175465,23.78469259020306,43.64378727187751,41813.09090909091,71880.36363636363,5330.545454545455,59.91984740183338,59.18865605254901,0.9465626308689931,119.024,,1.7,0.3,1.0,51.407142857142865,34.83333333333333,24.157142857142855,33.33333333333333,49.8,38.0,0.47,2.54,330000.0,13000.0,36.0,126.0,20009.0,46.0,12.0,90.0,192.0,2.66,41.1,25.03213501,-1.0346424686802538,0.1328905293280026,0.9398150188814784,-0.3527291388248077,0.09293751836036196,1.2727272727272727,-0.4134387801760031,89.14599386570036,7.0792473964983795,57.70717016102228,89.33536465091099,32.71134643203909,2.3377419041823067,38.546540685125365,26.953310958683257,0.0,1.1669496267874464,3,0.001,1,Low-Low,1.3066706617942496,3,0.004,1,Low-Low,-1.1278695541452797,0.001,Not Significant,7.24431636146351,0.9707026581740905,1.1077465274484566,0.1844262351821005,-0.16595555435036746
115,115,WESTERN,JOMORO,124,276471.155703,1517135516.93,1517135516.92685,276471.15570316,JOMORO,WESTERN,,,JOMORO,WESTERN,,5.164444985714285,-1.9217231254902145,40278.71428571428,37095.28571428572,28.4,43.385714285714286,27955.428571428572,45377.142857142855,21232.85714285714,20664.571428571428,36725.0,36147.42857142857,1955.4285714285713,2546.1428571428573,119271.42857142857,47.67635773563508,24.74950879374478,39.886264049426686,41897.42857142857,72872.42857142857,4501.571428571428,60.84792221998605,58.407560312615026,1.0316283467912175,119.27142857142857,,3.4,1.8,2.6,53.73571428571428,31.46666666666667,22.82857142857143,33.333333333333336,68.75,39.97,0.47,2.54,330000.0,13000.0,36.0,126.0,20009.0,46.0,12.0,90.0,192.0,2.66,41.1,25.03213501,0.8496431611534749,-0.03224850641684658,0.6616995665145622,-0.28727892662967236,0.17422279661038217,1.2857142857142858,-0.38961287564389085,149.59752312955783,17.93311123275499,61.85986650673571,88.44843096904042,32.44421409626732,2.3463924902945945,37.69426740562294,25.374240299663573,0.8571428571428571,1.183900334626616,1,0.033,1,High-High,0.14069098921314807,1,0.394,0,Not Significant,1.1096078660208488,0.033,Not Significant,7.245422719424223,0.9187850898333334,0.4637346552341337,0.12051667359719981,-0.9327892942656151
116,116,WESTERN,ELLEMBELLE,126,208060.897236,1010394621.18,1010394621.18182,208060.89723551,ELLEMBELLE,WESTERN,WESTERN,ELLEMBELLE,Ellembelle,Western,District,5.14952215,-2.42142536190491,35570.0,42516.0,33.3,42.8,31771.0,36622.0,21811.0,20996.0,37019.0,36768.0,1756.0,2543.0,120893.0,54.447660272007795,26.28026436600961,30.292903642063646,42807.0,73787.0,4299.0,61.03496480358665,58.01428435903343,1.006826588337685,120.893,Western (pre 2022),3.4,1.8,2.6,53.73571428571428,31.46666666666667,22.82857142857143,33.333333333333336,68.75,39.97,0.47,2.54,330000.0,13000.0,36.0,126.0,20009.0,46.0,12.0,90.0,192.0,2.66,41.1,25.03213501,0.8496431611534749,-0.36925169700927557,-0.0483590576001827,-0.18343709991092466,0.30915728721636104,1.0,-0.9137827753503625,123.71762626695353,19.621689240271174,69.96977066571938,95.16246953782161,28.65653461064876,2.1335041400374974,37.25931174094862,25.658666526632103,1.0,1.4892831587709934,1,0.019,1,High-High,0.7768504256575403,1,0.027,1,High-High,1.0715745883141357,0.019,Not Significant,7.191072893790111,0.9449902580392799,0.5146885582387923,0.10897214331300992,-1.0977574188089383
117,117,BONO,DORMAA MUNICIPAL,127,200098.0859,-1237036780.65,1237036780.64922,200098.085899697,DORMAA MUNICIPAL,BONO,,,DORMAA MUNICIPAL,BONO,,7.597449616666665,-2.4968880775970157,30882.222222222223,31021.0,19.58888888888889,41.94444444444444,23671.555555555555,13471.777777777777,16594.777777777777,15963.888888888889,28440.0,29306.333333333332,1747.4444444444443,2409.4444444444443,94461.88888888889,49.96600167811455,27.249768364459747,15.459786513818326,32558.666666666668,57746.333333333336,4156.888888888889,60.47526340222542,58.015219441483104,0.9914027576523945,94.46188888888888,,3.8,1.3,2.55,55.40714285714285,26.26666666666666,21.057142857142853,33.333333333333336,69.25,41.26,0.47,2.54,330000.0,13000.0,36.0,126.0,20009.0,46.0,12.0,90.0,192.0,2.66,41.1,25.03213501,0.7907592352211705,-0.8615138100968578,-1.1462415817812799,-0.11766888189213416,-0.4536247959412179,1.3333333333333333,-0.3022512256928122,120.15611098995889,13.173177057628145,72.3371285034583,92.18599144540174,32.041962333876555,2.590719021536132,42.432831776589126,21.293388360995372,0.1111111111111111,0.0,4,0.001,1,High-Low,0.0,4,0.001,1,High-Low,,0.001,Not Significant,7.964490824380633,0.6322814739881889,0.8861328321191138,0.12921489595026162,-0.5316007531107632
118,118,BONO,DORMAA WEST,128,126354.849502,388988684.578,388988684.578415,126354.849501962,DORMAA WEST,BONO,BONO,DORMAA WEST,Dormaa West,Bono,District,6.97538415,-2.9463116043167,17716.0,12431.0,23.2,40.8,14423.0,9745.0,9360.0,8406.0,15341.0,13222.0,821.0,763.0,47913.0,41.23461704315521,30.102477406966795,20.338947675996078,17766.0,28563.0,1584.0,59.61430092041826,62.199348807898325,1.1602631977008018,47.913,Brong-Ahafo,3.8,1.3,2.55,55.40714285714286,26.266666666666666,21.057142857142857,33.333333333333336,69.25,41.26,0.47,2.54,330000.0,13000.0,36.0,126.0,20009.0,46.0,12.0,90.0,192.0,2.66,41.1,25.03213501,0.7907592352211705,-1.5199942990321995,-0.7851073895340053,0.07585026867527679,-1.4791377335863194,1.0,-0.9137827753503625,93.53479583967102,11.53013797095695,69.37259708292838,90.34356674786135,31.283306775311015,2.4216440533852013,40.40382706606995,23.404677487986557,0.0,-0.05781682551305569,2,0.309,0,Not Significant,0.2648351469415379,1,0.317,0,Not Significant,0.33224265381282053,0.309,Not Significant,7.850186699684515,0.6700277838632337,0.6741665962438432,0.1399151940974623,-0.5531744619199852
119,119,UPPER WEST,NADOWLI-KALEO,129,194764.627247,1176350967.96,1176350967.95779,194764.627247303,NADOWLI-KALEO,UPPER WEST,,,NADOWLI-KALEO,UPPER WEST,,10.331309325000001,-2.5010639733851683,22604.0,33357.0,38.31666666666667,45.45,39761.833333333336,16883.833333333332,17622.666666666668,16915.666666666668,25148.333333333332,26407.0,1737.3333333333333,2668.3333333333335,90499.33333333333,60.220528990226306,48.56478902504608,19.52035186362221,34538.333333333336,51555.333333333336,4405.666666666667,55.87731189798481,69.68416081546695,0.9579295459042988,90.49933333333333,,2.0,1.6,1.8,43.15,44.5,15.28,33.333333333333336,51.25,40.75,0.47,2.54,330000.0,13000.0,36.0,126.0,20009.0,46.0,12.0,90.0,192.0,2.66,41.1,25.03213501,-0.09249965376338944,1.1554822506710998,-0.8456962751339002,1.3282776310892328,-0.535918997663776,1.3333333333333333,-0.3022512256928122,145.7596566523359,15.920631782544985,59.41206422037907,86.14625119499793,28.113315343091156,2.0980669933216114,34.20467384990838,31.861068674087225,0.3333333333333333,0.4167026008217251,1,0.104,0,Not Significant,-0.09708392397954238,2,0.014,1,Low-High,0.6147159418533025,0.104,Not Significant,7.768176516872779,0.8235541173266254,1.2148135331820582,0.21082847967810875,-0.3577809650718402
120,120,WESTERN,PRESTEA/HUNI VALLEY,130,287425.547078,1838151823.69,1838151823.68607,287425.547078409,PRESTEA/HUNI VALLEY,WESTERN,,,PRESTEA/HUNI VALLEY,WESTERN,,5.164444985714285,-1.9217231254902145,40278.71428571428,37095.28571428572,28.4,43.385714285714286,27955.428571428572,45377.142857142855,21232.85714285714,20664.571428571428,36725.0,36147.42857142857,1955.4285714285713,2546.1428571428573,119271.42857142857,47.67635773563508,24.74950879374478,39.886264049426686,41897.42857142857,72872.42857142857,4501.571428571428,60.84792221998605,58.407560312615026,1.0316283467912175,119.27142857142857,,3.4,1.8,2.6,53.73571428571428,31.46666666666667,22.82857142857143,33.333333333333336,68.75,39.97,0.47,2.54,330000.0,13000.0,36.0,126.0,20009.0,46.0,12.0,90.0,192.0,2.66,41.1,25.03213501,0.8496431611534749,-0.03224850641684658,0.6616995665145622,-0.28727892662967236,0.17422279661038217,1.2857142857142858,-0.38961287564389085,149.59752312955783,17.93311123275499,61.85986650673571,88.44843096904042,32.44421409626732,2.3463924902945945,37.69426740562294,25.374240299663573,0.8571428571428571,0.7731807742117903,1,0.034,1,High-High,0.40439501364994007,1,0.108,0,Not Significant,0.7260972629565108,0.034,Not Significant,7.1391471441241405,0.9652002354551644,0.7607778482538716,0.10483344913912862,-0.975971813074338
121,121,WESTERN,AHANTA WEST MUNICIPAL,131,160108.871111,562050512.956,562050512.956345,160108.871110512,AHANTA WEST MUNICIPAL,WESTERN,WESTERN,AHANTA WEST MUNICIPAL,Ahanta West Municipal,Western,Municipal,4.8514282,-1.98665461803006,49812.0,47885.0,27.2,44.7,38266.0,70901.0,27867.0,27576.0,45127.0,47048.0,2225.0,3297.0,153140.0,49.01378752674084,24.98759305210918,46.2981585477341,55443.0,92175.0,5522.0,60.19002220190676,60.14971521562246,0.9591693589525591,153.14,Western (pre 2022),3.4,1.8,2.6,53.73571428571428,31.46666666666667,22.82857142857143,33.333333333333336,68.75,39.97,0.47,2.54,330000.0,13000.0,36.0,126.0,20009.0,46.0,12.0,90.0,192.0,2.66,41.1,25.03213501,0.8496431611534749,0.7239537749125055,1.13627998381471,-0.27112801086657723,0.7688487291204251,2.0,0.9208118736222883,184.47093995527155,18.008011893602994,61.899054874205845,88.14552050940111,39.24618221379939,3.0880441151068245,40.846730564484325,24.723950948472503,1.0,1.1822185719643996,1,0.003,1,High-High,0.8321893871524256,1,0.011,1,High-High,1.0933590224943963,0.003,Not Significant,7.1327588824774155,0.9673937345322636,0.6593326089672269,0.11843033866163975,-1.0649340885025973
122,122,UPPER WEST,DAFFIAMA BUSSIE ISSA,132,236495.738878,1514537183.83,1514537183.83333,236495.738877777,DAFFIAMA BUSSIE ISSA,UPPER WEST,UPPER WEST,DAFFIAMA BUSSIE ISSA,Daffiama Bussie Issa,Upper West,District,10.36748405,-2.26222672458466,10070.0,13695.0,38.7,44.4,21566.0,10188.0,7768.0,7221.0,10310.0,10968.0,845.0,1642.0,38754.0,57.62676204502419,55.64844919234143,26.288899210404086,14989.0,21278.0,2487.0,54.9053000980544,70.44365071905254,0.9400072939460248,38.754,Upper West,2.0,1.6,1.8,43.15,44.5,15.28,33.333333333333336,51.25,40.75,0.47,2.54,330000.0,13000.0,36.0,126.0,20009.0,46.0,12.0,90.0,192.0,2.66,41.1,25.03213501,-0.09249965376338945,0.5513423846090644,-0.3447179722002666,1.808811705212151,-1.8851961636363834,1.0,-0.9137827753503625,142.97718164225284,14.297036258056728,52.39840665249271,84.31174998795088,24.999880255990576,1.747034927168451,31.323231171629217,31.315027193453947,0.0,0.26420420593183813,1,0.033,1,High-High,-0.05774942223218384,2,0.044,1,Low-High,0.7250631362394016,0.033,Not Significant,7.856802439564243,0.8161926881326889,1.1103089755619957,0.20903667967407272,-0.5463214398792637
123,123,WESTERN,NZEMA EAST,133,234722.317858,1099913963.51,1099913963.50958,234722.31785792,NZEMA EAST,WESTERN,,,NZEMA EAST,WESTERN,,5.164444985714285,-1.9217231254902145,40278.71428571428,37095.28571428572,28.4,43.385714285714286,27955.428571428572,45377.142857142855,21232.85714285714,20664.571428571428,36725.0,36147.42857142857,1955.4285714285713,2546.1428571428573,119271.42857142857,47.67635773563508,24.74950879374478,39.886264049426686,41897.42857142857,72872.42857142857,4501.571428571428,60.84792221998605,58.407560312615026,1.0316283467912175,119.27142857142857,,3.4,1.8,2.6,53.73571428571428,31.46666666666667,22.82857142857143,33.333333333333336,68.75,39.97,0.47,2.54,330000.0,13000.0,36.0,126.0,20009.0,46.0,12.0,90.0,192.0,2.66,41.1,25.03213501,0.8496431611534749,-0.03224850641684658,0.6616995665145622,-0.28727892662967236,0.17422279661038217,1.2857142857142858,-0.38961287564389085,149.59752312955783,17.93311123275499,61.85986650673571,88.44843096904042,32.44421409626732,2.3463924902945945,37.69426740562294,25.374240299663573,0.8571428571428571,1.2161359203783824,1,0.003,1,High-High,0.8210903379465875,1,0.014,1,High-High,1.1397079394609988,0.003,Not Significant,7.156856546440303,0.9569171144472615,0.5827407614432986,0.1083523293534363,-1.127102161446512
124,124,UPPER WEST,LAWRA,134,166930.986957,549179256.464,549179256.4646,166930.986956838,LAWRA,UPPER WEST,,,LAWRA,UPPER WEST,,10.331309325000001,-2.5010639733851683,22604.0,33357.0,38.31666666666667,45.45,39761.833333333336,16883.833333333332,17622.666666666668,16915.666666666668,25148.333333333332,26407.0,1737.3333333333333,2668.3333333333335,90499.33333333333,60.220528990226306,48.56478902504608,19.52035186362221,34538.333333333336,51555.333333333336,4405.666666666667,55.87731189798481,69.68416081546695,0.9579295459042988,90.49933333333333,,2.0,1.6,1.8,43.15,44.5,15.28,33.333333333333336,51.25,40.75,0.47,2.54,330000.0,13000.0,36.0,126.0,20009.0,46.0,12.0,90.0,192.0,2.66,41.1,25.03213501,-0.09249965376338944,1.1554822506710998,-0.8456962751339002,1.3282776310892328,-0.535918997663776,1.3333333333333333,-0.3022512256928122,145.7596566523359,15.920631782544985,59.41206422037907,86.14625119499793,28.113315343091156,2.0980669933216114,34.20467384990838,31.861068674087225,0.3333333333333333,0.22922208679020092,1,0.264,0,Not Significant,-0.06667210271259347,2,0.096,0,Not Significant,0.339326538322305,0.264,Not Significant,7.745035804219752,0.8214245065152787,1.1815114558551127,0.2108579739813573,-0.4699751284970519
125,125,UPPER WEST,NANDOM,135,120929.829915,421919752.98,421919752.980652,120929.829914693,NANDOM,UPPER WEST,UPPER WEST,NANDOM,Nandom,Upper West,Municipal,10.8520701,-2.760077,11997.0,21466.0,31.8,44.8,22506.0,2685.0,9167.0,8698.0,15098.0,14682.0,1312.0,2371.0,51328.0,64.1484624809491,43.84741271820449,5.231062967581048,17865.0,29780.0,3683.0,58.019014962593516,59.989926124916046,1.0283340144394497,51.328,Upper West,2.0,1.6,1.8,43.15,44.5,15.28,33.333333333333336,51.25,40.75,0.47,2.54,330000.0,13000.0,36.0,126.0,20009.0,46.0,12.0,90.0,192.0,2.66,41.1,25.03213501,-0.09249965376338945,0.7814909050136484,-1.9033270095440986,1.008265094863482,-1.34696261551598,2.0,0.9208118736222883,139.9521425152106,10.606400884048053,77.09646743934196,91.5590005846133,32.58176183171523,3.533020740660574,41.46776359934912,25.35858903797517,0.0,-0.2409302437771389,2,0.167,0,Not Significant,-0.0721793472095401,2,0.131,0,Not Significant,0.6801985915093893,0.167,Not Significant,7.7917195158624235,0.818729651625125,1.1278098845388844,0.21039152361258656,-0.5775244769346833
126,126,WESTERN,TARKWA NSUAEM,136,205743.253242,918826057.122,918826057.121452,205743.25324164,TARKWA NSUAEM,WESTERN,,,TARKWA NSUAEM,WESTERN,,5.164444985714285,-1.9217231254902145,40278.71428571428,37095.28571428572,28.4,43.385714285714286,27955.428571428572,45377.142857142855,21232.85714285714,20664.571428571428,36725.0,36147.42857142857,1955.4285714285713,2546.1428571428573,119271.42857142857,47.67635773563508,24.74950879374478,39.886264049426686,41897.42857142857,72872.42857142857,4501.571428571428,60.84792221998605,58.407560312615026,1.0316283467912175,119.27142857142857,,3.4,1.8,2.6,53.73571428571428,31.46666666666667,22.82857142857143,33.333333333333336,68.75,39.97,0.47,2.54,330000.0,13000.0,36.0,126.0,20009.0,46.0,12.0,90.0,192.0,2.66,41.1,25.03213501,0.8496431611534749,-0.03224850641684658,0.6616995665145622,-0.28727892662967236,0.17422279661038217,1.2857142857142858,-0.38961287564389085,149.59752312955783,17.93311123275499,61.85986650673571,88.44843096904042,32.44421409626732,2.3463924902945945,37.69426740562294,25.374240299663573,0.8571428571428571,1.3246772954284423,1,0.001,1,High-High,0.7798589436493333,1,0.016,1,High-High,1.2410587691142978,0.001,Not Significant,7.126445981791246,0.9663897342036677,0.6741897757438042,0.1106162098326606,-1.0745160902319828
127,127,UPPER EAST,TALENSI,137,227648.43599,873971364.001,873971364.000999,227648.435990246,TALENSI,UPPER EAST,UPPER EAST,TALENSI,Talensi,Upper East,District,10.6451057499999,-0.62587443176215,15187.0,39504.0,56.2,48.9,35409.0,16401.0,16765.0,15565.0,25355.0,24262.0,1729.0,3345.0,87021.0,72.23126291345925,40.69017823284035,18.847174819871064,32330.0,49617.0,5074.0,57.0172716930396,65.15911885039401,1.0450498722281758,87.021,Upper East,0.8,2.2,1.5,52.128571428571426,38.05,20.716666666666665,33.333333333333336,39.25,39.74,0.47,2.54,330000.0,13000.0,36.0,126.0,20009.0,46.0,12.0,90.0,192.0,2.66,41.1,25.03213501,-0.4458032093572136,3.140513239160643,-0.8955218988126168,0.7940878595949136,-0.3284636902574256,1.0,-0.9137827753503625,179.28521567459208,15.515549538304409,42.4560402950351,75.321747141149,28.962996576364993,0.8434553438509562,26.584978540890383,45.59646934685207,0.0,0.06470548268711479,1,0.369,0,Not Significant,-0.4092722735184885,2,0.007,1,Low-High,0.10978889201898506,0.369,Not Significant,7.906560018099763,0.8187361644347472,1.1644443787646024,0.20776866509742611,-0.7513544413318947
128,128,WESTERN NORTH,SEFWI AKONTOMBRA,138,226637.522713,1139793639.42,1139793639.42365,226637.522713262,SEFWI AKONTOMBRA,WESTERN NORTH,WESTERN NORTH,SEFWI AKONTOMBRA,Sefwi Akontombra,Western North,District,6.0425529,-2.8760069,25005.0,16732.0,24.5,42.2,29528.0,18022.0,13046.0,11906.0,20785.0,18801.0,1192.0,959.0,66689.0,40.089129549320745,44.27716714900508,27.02394697776245,24952.0,39586.0,2151.0,59.35911469657664,63.03238518668216,1.105526301792458,66.689,Western (pre 2022),3.4,1.8,2.6,53.73571428571428,31.46666666666667,22.82857142857143,33.333333333333336,68.75,39.97,0.47,2.54,330000.0,13000.0,36.0,126.0,20009.0,46.0,12.0,90.0,192.0,2.66,41.1,25.03213501,0.8496431611534749,-0.7144744776161496,-0.2903129478723462,1.0374183352262014,-0.8428636328737951,1.0,-0.9137827753503625,115.9302492166694,17.78994862671866,63.13416598050025,88.7398967958067,26.216027712862463,2.320125202276765,38.09803612467973,21.759686096142026,1.0,1.1120769856220196,1,0.003,1,High-High,-0.25615648954556275,4,0.236,0,Not Significant,1.0700063218700528,0.003,Not Significant,7.30471476459888,0.801457971238926,0.600127246639322,0.16121325096303807,-0.3052303086605179
129,129,WESTERN,EFFIA KWESIMINTSIM MUNICIPAL,139,62951.1064276,106401180.254,106401180.254303,62951.1064275804,EFFIA KWESIMINTSIM MUNICIPAL,WESTERN,WESTERN,EFFIA KWESIMINTSIM MUNICIPAL,Effia Kwesimintsim Municipal,Western,Municipal,4.96766095,-1.80360599719917,63585.0,57847.0,9.3,42.5,15630.0,40568.0,26270.0,26273.0,56495.0,57599.0,3099.0,4239.0,173975.0,47.63736082745899,8.98404943238971,23.318292858169276,52543.0,114094.0,7338.0,65.58068688029888,46.05237786386663,0.9808330005729267,173.975,Western (pre 2022),3.4,1.8,2.6,53.73571428571428,31.46666666666667,22.82857142857143,33.333333333333336,68.75,39.97,0.47,2.54,330000.0,13000.0,36.0,126.0,20009.0,46.0,12.0,90.0,192.0,2.66,41.1,25.03213501,0.8496431611534749,-0.5418630873127126,-0.5645892758610204,-1.3567599912787431,1.0171492537333544,2.0,0.9208118736222883,170.45072164141652,14.431237805062196,77.8222067875674,94.85682419333477,43.00026543524788,3.4387660130192885,45.08218861766089,15.0,0.0,0.5195885461806429,1,0.01,1,High-High,1.000344783856509,1,0.01,1,High-High,1.329662540432922,0.01,Not Significant,7.125223241732652,0.9708521582312849,0.7648967076093709,0.12887896353952183,-0.8770065284788808
130,130,UPPER EAST,NABDAM,140,93959.713317,255625178.972,255625178.971718,93959.7133170248,NABDAM,UPPER EAST,UPPER EAST,NABDAM,Nabdam,Upper East,District,10.8469045,-0.661562047243897,5352.0,29181.0,68.6,51.2,24677.0,10522.0,9547.0,8959.0,15580.0,16128.0,1008.0,1817.0,53039.0,84.5017809052211,46.52614114142424,19.838232244197666,18506.0,31708.0,2825.0,59.78242425385094,58.36381985618772,0.9660218253968254,53.039,Upper East,0.8,2.2,1.5,52.128571428571426,38.05,20.716666666666665,33.333333333333336,39.25,39.74,0.47,2.54,330000.0,13000.0,36.0,126.0,20009.0,46.0,12.0,90.0,192.0,2.66,41.1,25.03213501,-0.4458032093572136,4.463867231487009,-0.8221681581780063,1.1899819265971148,-1.283949465390872,1.0,-0.9137827753503625,188.29809782314342,21.85381879620075,40.04940109392076,68.74029022651189,22.996465159733287,0.36147578744690656,25.615803734298304,51.04553503219857,1.0,1.2793946933708282,1,0.078,0,Not Significant,-0.6205827908973753,2,0.001,1,Low-High,0.7081829700863294,0.078,Not Significant,7.9114015293141975,0.8192378628332245,1.1537266939744741,0.20781051417797342,-0.7880803060148716
131,131,UPPER EAST,BUILSA SOUTH,142,271029.467167,1293023386.91,1293023386.91196,271029.46716685,BUILSA SOUTH,UPPER EAST,UPPER EAST,BUILSA SOUTH,Builsa South,Upper East,District,10.53032385,-1.26246582508358,6949.0,15982.0,55.1,47.7,18682.0,8007.0,7090.0,6554.0,10496.0,10263.0,742.0,1430.0,36575.0,69.69604465570625,51.07860560492139,21.892002734107997,13644.0,20759.0,2172.0,56.75734791524265,65.72570933089263,1.0227029133781544,36.575,Upper East,0.8,2.2,1.5,52.128571428571426,38.05,20.716666666666665,33.333333333333336,39.25,39.74,0.47,2.54,330000.0,13000.0,36.0,126.0,20009.0,46.0,12.0,90.0,192.0,2.66,41.1,25.03213501,-0.4458032093572136,2.4500676779468913,-0.6701570394052838,1.4988073423114538,-1.9955990559309873,1.0,-0.9137827753503625,145.82270874207293,14.958795857395387,51.09308394117464,77.44757334488965,22.73389967147301,1.333230965826986,27.915328689192474,40.4431405563348,0.0,0.13804698016162295,1,0.26,0,Not Significant,-0.13499750118379805,2,0.225,0,Not Significant,0.2814401008330181,0.26,Not Significant,8.016833994693181,0.8124332848235317,1.0825786483957218,0.20942533405577146,-0.7252288743315595
132,132,UPPER EAST,BUILSA NORTH,144,195206.994833,851334655.875,851334655.874481,195206.994832924,BUILSA NORTH,UPPER EAST,,,BUILSA NORTH,UPPER EAST,,10.854271837499981,-0.5820401901139932,18553.0,38317.166666666664,47.40833333333334,47.458333333333336,41836.333333333336,12869.083333333334,18103.666666666668,17187.5,24398.333333333332,26712.916666666668,2117.75,3641.1666666666665,92161.33333333333,68.74532378286425,46.63186102650216,15.066165625801732,35291.166666666664,51111.25,5758.916666666667,55.307738793855115,69.74406097312222,0.9218911733337375,92.16133333333335,,0.8,2.2,1.5,52.12857142857141,38.05,20.716666666666665,33.33333333333333,39.25,39.74,0.47,2.54,330000.0,13000.0,36.0,126.0,20009.0,46.0,12.0,90.0,192.0,2.66,41.1,25.03213501,-0.44580320935721374,2.311019613535786,-1.1753756801889004,1.1971536437451002,-0.34455359570785443,1.1666666666666667,-0.6080170005215875,157.38734438951965,14.279432474725233,52.83442751360704,77.40664019220861,26.789891289181824,1.477891489773608,30.83278525040626,39.38790920687923,0.25,0.1548032508628206,1,0.274,0,Not Significant,-0.4279398644021838,2,0.077,0,Not Significant,0.4294158337418275,0.274,Not Significant,8.012849253774618,0.8141833333916361,1.0893710806576635,0.2096181612015443,-0.7515690651923843
133,133,UPPER EAST,BINDURI,146,114256.324619,409278905.473,409278905.472633,114256.324619021,BINDURI,UPPER EAST,UPPER EAST,BINDURI,Binduri,Upper East,District,10.9694889,-0.3062234,13742.0,32587.0,53.8,47.8,40396.0,10934.0,15617.0,14733.0,19298.0,21406.0,2076.0,3549.0,76679.0,70.33823307215783,52.68195985863143,14.259445219682052,30350.0,40704.0,5625.0,53.08363437186192,74.5626965408805,0.9015229374941606,76.679,Upper East,0.8,2.2,1.5,52.128571428571426,38.05,20.716666666666665,33.333333333333336,39.25,39.74,0.47,2.54,330000.0,13000.0,36.0,126.0,20009.0,46.0,12.0,90.0,192.0,2.66,41.1,25.03213501,-0.4458032093572136,2.5076048080480344,-1.2350856001013204,1.6075740439320045,-0.5732558709919062,1.0,-0.9137827753503625,147.03814921829863,13.46489798483342,48.63760730850679,79.50947641018966,24.097224618160897,1.066455194039593,28.24535620155691,37.69386657805303,0.0,0.011450895945095215,1,0.448,0,Not Significant,-0.5334583724101901,2,0.01,1,Low-High,0.05715933928119436,0.448,Not Significant,7.817268343875234,0.8197378909448723,1.166178251749895,0.20673539833828863,-0.846491001838809
134,134,UPPER EAST,PUSIGA,147,102069.967963,267262075.188,267262075.188345,102069.96796263,PUSIGA,UPPER EAST,UPPER EAST,PUSIGA,Pusiga,Upper East,District,11.0854045,-0.1276855,15814.0,30610.0,40.8,45.4,44153.0,6809.0,17464.0,16645.0,19362.0,22108.0,1943.0,3011.0,80533.0,65.93572290194727,54.82597196180448,8.454919101486347,34109.0,41470.0,4954.0,51.4944184371624,82.24981914637087,0.8757915686629274,80.533,Upper East,0.8,2.2,1.5,52.128571428571426,38.05,20.716666666666665,33.333333333333336,39.25,39.74,0.47,2.54,330000.0,13000.0,36.0,126.0,20009.0,46.0,12.0,90.0,192.0,2.66,41.1,25.03213501,-0.4458032093572136,1.1267136856205264,-1.6647112634883434,1.7530173382988437,-0.478420272212619,1.0,-0.9137827753503625,127.45315417950172,12.95708385847422,56.55597570181039,82.8324544484504,25.080910681464267,1.5522277821776087,30.99186356756734,34.417992082486975,0.0,-0.017738933657838823,4,0.437,0,Not Significant,-0.531720098279311,2,0.031,1,Low-High,-0.169800291929894,0.437,Not Significant,7.7469864592031135,0.8234523404012938,1.19121981344218,0.20522306160975712,-0.8546653480207786
135,135,UPPER EAST,BAWKU MUNICIPAL,150,113331.596353,258343826.088,258343826.087477,113331.596352695,BAWKU MUNICIPAL,UPPER EAST,UPPER EAST,BAWKU MUNICIPAL,Bawku Municipal,Upper East,Municipal,11.0607602,-0.2422876,31016.0,42804.0,23.6,44.8,49713.0,8649.0,23314.0,22324.0,32217.0,34839.0,2498.0,4266.0,119458.0,57.984286101327555,41.61546317534196,7.240201577123341,45638.0,67056.0,6764.0,56.13353647307003,68.05953233118588,0.9247395160595884,119.458,Upper East,0.8,2.2,1.5,52.128571428571426,38.05,20.716666666666665,33.333333333333336,39.25,39.74,0.47,2.54,330000.0,13000.0,36.0,126.0,20009.0,46.0,12.0,90.0,192.0,2.66,41.1,25.03213501,-0.4458032093572136,0.7814909050136484,-1.7546193475602467,0.856856390642988,0.28596397415511576,2.0,0.9208118736222883,150.5668034490221,7.469208232710139,75.93442844879921,82.3648340209254,35.583977814264074,3.280707617233973,47.56032758543557,26.731907790117763,0.0,-0.4175485143042527,2,0.19,0,Not Significant,-0.42741460108239304,2,0.021,1,Low-High,0.4299480925301106,0.19,Not Significant,7.797156169170107,0.8211947520575319,1.1724294701984648,0.20626259364762994,-0.8549149221036436
136,136,SAVANNAH,NORTH GONJA,151,489939.476488,5021011176.47,5021011176.47173,489939.476488143,NORTH GONJA,SAVANNAH,SAVANNAH,NORTH GONJA,North Gonja,Savannah,District,8.98787705,-0.403868101269744,12152.0,21266.0,58.4,47.2,36888.0,36681.0,14200.0,13825.0,15763.0,15868.0,801.0,986.0,61443.0,63.63636363636363,60.03613104828865,59.69923343586739,28025.0,31631.0,1787.0,51.480233712546585,88.59979134393475,0.9933829089992438,61.443,Northern (pre 2022),0.7,0.8,0.75,35.45,19.2,15.114285714285714,33.333333333333336,30.55,38.71,0.47,2.54,330000.0,13000.0,36.0,126.0,20009.0,46.0,12.0,90.0,192.0,2.66,41.1,25.03213501,-1.329062098341774,2.1623820274411605,2.1281689979523706,2.1064587673803743,-1.0008538656351504,1.0,-0.9137827753503625,125.03639539240358,14.876156532856472,39.9616961255901,77.27057326453993,26.637059540678898,1.6925598868146416,31.03590635998022,39.85622953367535,0.0,0.07981242656371143,1,0.321,0,Not Significant,0.5726520970670671,3,0.132,0,Not Significant,0.16889269104428303,0.321,Not Significant,7.916399490306472,0.8080531727005518,1.1735410139867033,0.20733954221305,-0.2509430386805098
137,137,SAVANNAH,WEST GONJA,153,454640.855429,4872599496.97,4872599496.97226,454640.855429048,WEST GONJA,SAVANNAH,SAVANNAH,WEST GONJA,West Gonja,Savannah,Municipal,9.5267018,-1.5071681,10305.0,28704.0,39.7,44.9,25501.0,5633.0,12525.0,11915.0,18794.0,18196.0,951.0,1068.0,63449.0,73.58301930323772,40.191334772809654,8.877996501126889,24440.0,36990.0,2019.0,58.29879115510095,66.07191132738578,1.03286436579468,63.449,Northern (pre 2022),0.7,0.8,0.75,35.45,19.2,15.114285714285714,33.333333333333336,30.55,38.71,0.47,2.54,330000.0,13000.0,36.0,126.0,20009.0,46.0,12.0,90.0,192.0,2.66,41.1,25.03213501,-1.329062098341774,0.8390280351147954,-1.6333969227853462,0.7602478285182039,-0.9389263726790501,2.0,0.9208118736222883,99.0693645180406,5.0,79.11815003261178,88.04940452266047,33.62866085885189,3.3497535935256844,46.73761604355744,26.584704825239772,0.0,0.5793699967220225,3,0.217,0,Not Significant,0.4899419558376799,3,0.226,0,Not Significant,-0.4080278230175754,0.217,Not Significant,7.5426474430879615,0.8419570776561744,1.600111516680704,0.21539381020390402,0.5945866151429812
138,138,NORTHERN,MION,156,454023.678286,2807075244.52,2807075244.52501,454023.678286439,MION,NORTHERN,NORTHERN,MION,Mion,Northern,District,9.45284905,-0.335525511842833,23875.0,26064.0,53.4,44.5,57646.0,40227.0,23000.0,21991.0,22749.0,24286.0,1413.0,1491.0,94930.0,52.19167384208735,60.72474454861477,42.37543453070683,44991.0,47035.0,2904.0,49.547034657115766,95.65429998936962,0.9367125092645969,94.93,Northern (pre 2022),0.7,0.8,0.75,35.45,19.2,15.114285714285714,33.333333333333336,30.55,38.71,0.47,2.54,330000.0,13000.0,36.0,126.0,20009.0,46.0,12.0,90.0,192.0,2.66,41.1,25.03213501,-1.329062098341774,0.6088795147102114,0.8459370903928765,2.1531722238411315,-0.1599489573673038,1.0,-0.9137827753503625,94.26449531351848,11.841561633269214,54.1054317348885,85.55315196307615,20.73095908962592,1.6243533444427702,33.751825591991725,32.23448860400427,0.0,0.04539416595707615,3,0.124,0,Not Significant,0.8486102892361054,3,0.039,1,Low-Low,-0.40205930759112407,0.124,Not Significant,7.572723179085168,0.8402196807259684,1.5051386668818296,0.20480662810404018,-0.4666275901207535
139,139,NORTHERN,YENDI MUNICIPAL,158,279719.373897,1496232175.13,1496232175.13033,279719.373897265,YENDI MUNICIPAL,NORTHERN,NORTHERN,YENDI MUNICIPAL,Yendi Municipal,Northern,Municipal,9.4739214,0.022769270127783,35078.0,52937.0,38.3,45.3,71415.0,36683.0,33899.0,32507.0,39806.0,42284.0,2437.0,3488.0,154421.0,60.14542975629155,46.24694827776015,23.75518873728314,66406.0,82090.0,5925.0,53.159868152647626,80.89414057741503,0.9413962728218711,154.421,Northern (pre 2022),0.7,0.8,0.75,35.45,19.2,15.114285714285714,33.333333333333336,30.55,38.71,0.47,2.54,330000.0,13000.0,36.0,126.0,20009.0,46.0,12.0,90.0,192.0,2.66,41.1,25.03213501,-1.329062098341774,1.0691765555193793,-0.532252151680124,1.1710423274246469,0.7850577207255103,2.0,0.9208118736222883,134.65032516809976,5.0,72.8457288949295,89.82885507884129,31.128257007489523,3.0013299018236634,43.557445901401955,26.99965910745195,0.0,1.0077744503285928,3,0.11,0,Not Significant,1.2355699273159604,3,0.052,0,Not Significant,-0.7056089317561209,0.11,Not Significant,7.435042001249927,0.8459160340310912,1.4755401865374493,0.20145416304986602,-0.6352029710668329
140,140,NORTHERN,TOLON,160,259513.19491,1401418786.61,1401418786.60531,259513.194909931,TOLON,NORTHERN,NORTHERN,TOLON,Tolon,Northern,District,9.555956,-1.19792230212529,21538.0,43727.0,57.5,46.8,66152.0,61432.0,27261.0,25564.0,29223.0,31525.0,2023.0,2494.0,118090.0,66.99915728185091,56.018291133880936,52.021339656194435,52825.0,60748.0,4517.0,51.44212041663139,86.95759531177981,0.9269785884218874,118.09,Northern (pre 2022),0.7,0.8,0.75,35.45,19.2,15.114285714285714,33.333333333333336,30.55,38.71,0.47,2.54,330000.0,13000.0,36.0,126.0,20009.0,46.0,12.0,90.0,192.0,2.66,41.1,25.03213501,-1.329062098341774,1.9322335070365724,1.5598848449761682,1.8339006635687412,0.26359485417604145,1.0,-0.9137827753503625,131.63501412752632,17.98406295398882,36.784576576568355,81.23901948649925,28.466798496772437,1.4937799991742928,29.482959380408087,35.849811029234026,1.0,-0.29757713079760245,4,0.292,0,Not Significant,0.4062150842612883,3,0.236,0,Not Significant,-0.2711537393491689,0.292,Not Significant,7.886231298279056,0.807606530245236,1.3223077374109247,0.20971989143131792,-0.04362234947849725
141,141,NORTHERN,KUMBUNGU,161,319834.46695,1597826920.75,1597826920.74778,319834.466949883,KUMBUNGU,NORTHERN,NORTHERN,KUMBUNGU,Kumbungu,Northern,District,9.5591282,-0.9467086,20044.0,40208.0,45.0,46.4,56077.0,39469.0,26246.0,24088.0,26963.0,28760.0,2082.0,2447.0,110586.0,66.7330545044148,50.708950500063295,35.690774600763206,50334.0,55723.0,4529.0,50.388837646718386,90.32894854907309,0.9375173852573018,110.586,Northern (pre 2022),0.7,0.8,0.75,35.45,19.2,15.114285714285714,33.333333333333336,30.55,38.71,0.47,2.54,330000.0,13000.0,36.0,126.0,20009.0,46.0,12.0,90.0,192.0,2.66,41.1,25.03213501,-1.329062098341774,1.7020849866319885,0.35116776755082674,1.4737310583900558,0.13612886870425198,1.0,-0.9137827753503625,120.46261804169856,9.263925078055856,46.275358563635464,80.31355367835448,28.756162543135595,1.657674581059244,29.812414795765466,38.66173501216032,0.0,-0.049936869585189586,2,0.405,0,Not Significant,0.5719842579404051,3,0.131,0,Not Significant,0.07888504928890289,0.405,Not Significant,7.913433883299384,0.8097838598706936,1.2508294530446835,0.20873262304405585,-0.359370182489424
142,142,NORTHERN EAST,WEST MAMPRUSI MUNICIPAL,163,394688.947554,2715419661.65,2715419661.64694,394688.947553893,WEST MAMPRUSI MUNICIPAL,NORTHERN EAST,,,West Mamprusi Municipal,North East,Municipal,10.29738455,-0.764055036110824,31319.0,66367.0,41.5,45.8,82262.0,26996.0,39813.0,38256.0,43613.0,48368.0,2286.0,3419.0,175755.0,67.93911102921606,46.80492731358994,15.360018207163382,78069.0,91981.0,5705.0,52.33478421666524,84.87513725660735,0.9016912007939133,175.755,Northern (pre 2022),0.7,0.8,0.75,35.45,19.2,15.114285714285714,33.333333333333336,30.55,38.71,0.47,2.54,330000.0,13000.0,36.0,126.0,20009.0,46.0,12.0,90.0,192.0,2.66,41.1,25.03213501,-1.329062098341774,1.3568622060251103,-1.1536259959537418,1.2088939370487777,1.036972050453673,2.0,0.9208118736222883,134.4847741069724,10.434553523564224,68.09860687754863,87.03745920542828,33.487619157327565,3.1073065179744197,41.4823577334303,30.086366993488603,0.0,-0.03640859633958409,2,0.38,0,Not Significant,0.0016520636818643383,3,0.486,0,Not Significant,0.09260442997548403,0.38,Not Significant,7.886176846311685,0.8173861556949543,1.195403445165271,0.20768321297193076,-0.657163355107812
143,143,NORTHERN EAST,MAMPRUGU MOAGDURI,165,309733.982489,2205480189.28,2205480189.27762,309733.982489069,MAMPRUGU MOAGDURI,NORTHERN EAST,,,Mamprugu Moagduri,North East,District,10.23964,-1.27428,21572.0,15425.0,44.5,42.4,40473.0,43003.0,16277.0,15472.0,16808.0,17970.0,968.0,1251.0,68746.0,41.6925696678109,58.87324353416926,62.55345765571815,31749.0,34778.0,2219.0,50.589125185465335,91.29047098740584,0.935336672231497,68.746,Northern (pre 2022),0.7,0.8,0.75,35.45,19.2,15.114285714285714,33.333333333333336,30.55,38.71,0.47,2.54,330000.0,13000.0,36.0,126.0,20009.0,46.0,12.0,90.0,192.0,2.66,41.1,25.03213501,-1.329062098341774,-0.5994002174138596,2.3394262046457324,2.027571996740751,-0.7842336176632316,1.0,-0.9137827753503625,56.159589893850836,14.368833120581272,46.81282698081455,91.60685607748033,24.682082299782405,1.9926891549829235,39.587468232489464,26.22667382267779,0.0,0.17517223638901747,1,0.128,0,Not Significant,-0.5503223604094467,2,0.14,0,Not Significant,0.46357300409125235,0.128,Not Significant,7.989657181881769,0.8113038883089836,1.1119699034641268,0.20881422190182033,-0.6285817291337981
144,144,NORTHERN,ZABZUGU,167,279238.019733,1135736377.6,1135736377.6002,279238.019732588,ZABZUGU,NORTHERN,NORTHERN,ZABZUGU,Zabzugu,Northern,District,9.294058,0.367064,19567.0,23899.0,42.7,43.3,46203.0,32326.0,20403.0,18977.0,19446.0,21673.0,1030.0,1317.0,82846.0,54.983205263884415,55.76974144798783,39.019385365618135,39380.0,41119.0,2347.0,49.63305410037901,95.77081154697342,0.8972454205693721,82.846,Northern (pre 2022),0.7,0.8,0.75,35.45,19.2,15.114285714285714,33.333333333333336,30.55,38.71,0.47,2.54,330000.0,13000.0,36.0,126.0,20009.0,46.0,12.0,90.0,192.0,2.66,41.1,25.03213501,-1.329062098341774,-0.0815660465035446,0.5975369937181658,1.8170398048652685,-0.4236336884639595,1.0,-0.9137827753503625,80.68124814383631,5.0,54.9678115090702,89.51308413956573,24.846724237790134,2.2988363639174545,38.18575809262484,23.578423769625797,0.0,1.278172758145002,3,0.03,1,Low-Low,1.10394839893139,3,0.039,1,Low-Low,-0.8934347761506558,0.03,Not Significant,7.585713702173573,0.8630919123344212,1.535523136152155,0.1978769582058499,-0.7151873706779669
145,145,NORTHERN,TATALE SANGULI,168,347122.636016,-1126213697.44,1126213697.43811,347122.636016009,TATALE SANGULI,NORTHERN,NORTHERN,TATALE SANGULI,Tatale Sanguli,Northern,District,9.34906725,0.514632473680653,20678.0,19204.0,52.4,43.5,40934.0,36464.0,17927.0,16996.0,17913.0,19322.0,1101.0,1546.0,74805.0,48.15204854320245,54.72094111356193,48.745404718935895,34923.0,37235.0,2647.0,49.77608448633113,93.79078823687391,0.9270779422420039,74.805,Northern (pre 2022),0.7,0.8,0.75,35.45,19.2,15.114285714285714,33.333333333333336,30.55,38.71,0.47,2.54,330000.0,13000.0,36.0,126.0,20009.0,46.0,12.0,90.0,192.0,2.66,41.1,25.03213501,-1.329062098341774,0.033508213698749435,1.317414453427665,1.745892363325087,-0.621083482148858,1.0,-0.9137827753503625,69.81517393377169,9.51125495687874,53.55707100396116,88.49487847661527,22.769831035437107,1.8314296555454033,35.30788026972663,27.6519870631138,0.0,0.819391088897401,3,0.118,0,Not Significant,1.2905539126919001,3,0.164,0,Not Significant,-1.4485436637530258,0.001,Not Significant,7.463027641893328,0.8622341601489963,1.5030356929375237,0.1967070079643848,-0.7469405999924463
146,146,BONO EAST,SENE EAST,170,376869.572046,4500830092.63,4500830092.63494,376869.572045917,SENE EAST,BONO EAST,BONO EAST,SENE EAST,Sene East,Bono East,District,7.6658435,-0.182426172494555,23216.0,17927.0,49.5,41.5,35965.0,31452.0,16311.0,14627.0,21108.0,18084.0,1014.0,937.0,72081.0,43.57241815132586,49.89525672507318,43.63424480792442,30938.0,39192.0,1951.0,54.37216464810422,78.93957950602164,1.1672196416721965,72.081,Brong-Ahafo,3.8,1.3,2.55,55.40714285714286,26.266666666666666,21.057142857142857,33.333333333333336,69.25,41.26,0.47,2.54,330000.0,13000.0,36.0,126.0,20009.0,46.0,12.0,90.0,192.0,2.66,41.1,25.03213501,0.7907592352211705,-1.1172343883241747,0.9391087273905433,1.4185325345266857,-0.692755946290485,1.0,-0.9137827753503625,104.7739765058468,19.214176715616265,59.80573977813337,90.06115786976486,27.162740089729336,1.941431816641614,38.29945584865727,21.447289334665964,1.0,-0.9773720300496312,4,0.026,1,High-Low,-1.2354182046473232,4,0.001,1,High-Low,-0.736251686270666,0.026,Not Significant,6.7029915676060225,0.9630887367714027,1.144502452554653,0.1546601013131788,-0.18866460664926368
147,147,WESTERN NORTH,BIBIANI-ANHWIASO-BEKWAI MUNICIPAL,171,191384.476068,849427421.199,849427421.199173,191384.476067899,BIBIANI-ANHWIASO-BEKWAI MUNICIPAL,WESTERN NORTH,,,BIBIANI-ANHWIASO-BEKWAI MUNICIPAL,WESTERN NORTH,,6.353218683333331,-2.942471394054138,24721.666666666668,20408.333333333332,26.15,41.71666666666667,26968.5,21242.5,13512.166666666666,12770.0,22590.166666666668,20511.333333333332,1083.3333333333333,945.1666666666666,71412.16666666667,44.990942185946814,41.846491789685984,34.850811542709266,26282.166666666668,43101.5,2028.5,60.569951343322316,60.54533529673984,1.1158824175719546,71.41216666666666,,3.4,1.8,2.6,53.73571428571429,31.46666666666667,22.828571428571433,33.333333333333336,68.75,39.97,0.47,2.54,330000.0,13000.0,36.0,126.0,20009.0,46.0,12.0,90.0,192.0,2.66,41.1,25.03213501,0.8496431611534749,-0.992570606438358,0.2889973717788479,0.8725286728626044,-0.8278655349299336,1.0,-0.9137827753503625,104.00500925197906,16.701601627556496,60.70111842538984,91.00068045894648,27.281489464227974,2.181839323909185,37.62333534642918,21.606138357334384,0.8333333333333334,0.19044517267922573,1,0.264,0,Not Significant,-0.08747848254665312,4,0.41,0,Not Significant,0.23200754891958758,0.264,Not Significant,7.341326822794037,0.7853097008769044,0.993443170750578,0.13820611313385522,-0.31955883794079676
148,148,BONO EAST,SENE WEST,172,336540.618971,3345454385.69,3345454385.69075,336540.618971244,SENE WEST,BONO EAST,BONO EAST,SENE WEST,Sene West,Bono East,District,7.74897775,-0.618112944814146,25949.0,16360.0,26.8,41.0,33389.0,14249.0,14065.0,13730.0,20496.0,19425.0,1064.0,1324.0,70104.0,38.667895719586845,47.627810110692685,20.325516375670432,27795.0,39921.0,2388.0,56.945395412529955,69.62500939355226,1.0551351351351352,70.104,Brong-Ahafo,3.8,1.3,2.55,55.40714285714286,26.266666666666666,21.057142857142857,33.333333333333336,69.25,41.26,0.47,2.54,330000.0,13000.0,36.0,126.0,20009.0,46.0,12.0,90.0,192.0,2.66,41.1,25.03213501,0.7907592352211705,-1.4049200388299055,-0.7861015157029732,1.2647158163708658,-0.7464670944315585,1.0,-0.9137827753503625,86.9771659652652,13.532632461708783,65.94811426709805,90.96617044734899,26.875418558764498,2.644683856867404,39.024766537903545,20.231291016567358,0.0,0.1234562820562804,1,0.096,0,Not Significant,-0.40215688471421335,4,0.126,0,Not Significant,0.5716026863176461,0.096,Not Significant,7.207540893302221,0.94377947485828,1.3099069155832415,0.20063521047342614,0.08747016380679719
149,149,CENTRAL,UPPER DENKYIRA EAST MUNICIPAL,173,176365.748599,510745996.798,510745996.798256,176365.748599028,UPPER DENKYIRA EAST MUNICIPAL,CENTRAL,CENTRAL,UPPER DENKYIRA EAST MUNICIPAL,Upper Denkyira East Municipal,Central,Municipal,5.83523425,-1.73920835777296,34729.0,35865.0,24.3,43.8,23359.0,30732.0,20144.0,19403.0,33371.0,33259.0,1765.0,2199.0,110141.0,50.80460095758846,21.208269400132558,27.902415994044,39547.0,66630.0,3964.0,60.495183446672904,59.353144229326126,1.0033675095462882,110.141,Central,1.7,0.3,1.0,51.40714285714286,34.833333333333336,24.157142857142855,33.333333333333336,49.8,38.0,0.47,2.54,330000.0,13000.0,36.0,126.0,20009.0,46.0,12.0,90.0,192.0,2.66,41.1,25.03213501,-1.0346424686802538,0.2061196040021864,-0.22529250930427544,-0.5275058930662598,0.12830289560058447,2.0,0.9208118736222883,108.1883921612137,5.0,82.02007492465178,97.32163079541148,40.97803948487055,3.1404908099950446,43.993427299167884,22.356116253749814,0.0,0.7367450774284973,3,0.144,0,Not Significant,0.7201631625786937,3,0.063,0,Not Significant,-0.5173447327980213,0.144,Not Significant,7.0088334867824065,0.9660843612166728,1.254228128128453,0.11684905185694616,-0.47816882688171125
150,150,AHAFO,ASUTIFI NORTH,174,184772.716543,956709585.682,956709585.682037,184772.716543184,ASUTIFI NORTH,AHAFO,AHAFO,ASUTIFI NORTH,Asutifi North,Ahafo,District,7.07651835,-2.52531850396715,24423.0,23087.0,26.6,43.1,18794.0,12723.0,13205.0,12841.0,23097.0,21584.0,1361.0,1468.0,73556.0,48.59398021469165,25.550600902713576,17.297025395616945,26046.0,44681.0,2829.0,60.74419489912448,58.293234260647694,1.0700982209043737,73.556,Brong-Ahafo,3.8,1.3,2.55,55.40714285714286,26.266666666666666,21.057142857142857,33.333333333333336,69.25,41.26,0.47,2.54,330000.0,13000.0,36.0,126.0,20009.0,46.0,12.0,90.0,192.0,2.66,41.1,25.03213501,0.7907592352211705,-0.19664030670583454,-1.0102571866178518,-0.23293526166282544,-0.6536212571522068,1.0,-0.9137827753503625,131.04070056821868,11.834262096163915,59.66093145102761,91.28755507743612,31.6816537737472,1.9861420724026198,33.08213255424224,26.827981048411612,0.0,0.014752175421298766,3,0.4,0,Not Significant,0.3792920550471928,1,0.112,0,Not Significant,-0.1293388301998097,0.4,Not Significant,7.497117492618945,0.5866220838191757,0.9871200253908099,0.11900029630705045,-0.4759903259821363
151,151,ASHANTI,AHAFO ANO NORTH,175,174195.614625,606340844.768,606340844.767685,174195.614624666,AHAFO ANO NORTH,ASHANTI,,,AHAFO ANO NORTH,ASHANTI,,6.648968471212119,-1.5710996271278177,40225.78787878788,39177.72727272727,21.233333333333334,42.8939393939394,23077.303030303032,34405.63636363636,21558.636363636364,20916.666666666668,36505.0,37998.333333333336,2047.090909090909,2853.090909090909,121878.81818181818,48.779394994473165,20.971243347428945,30.35424582408351,42475.30303030303,74503.33333333333,4900.181818181818,60.40712501501989,58.91849355140668,0.9662006900935022,121.87881818181818,,2.5,1.3,1.9,56.86428571428571,29.033333333333335,22.928571428571427,33.316666666666656,72.35,43.31,0.47,2.54,330000.0,13000.0,36.0,126.0,20009.0,46.0,12.0,90.0,192.0,2.66,41.1,25.03213501,0.025268198101218428,-0.3152016657021368,-0.04381877729008543,-0.5435850233589301,0.12715045788525137,1.4242424242424243,-0.13546989396802583,115.5257832149487,10.538249727084729,65.48132841962365,90.77941777709772,34.71769297793984,2.64667986240882,40.68058247570054,23.965784469313288,0.030303030303030304,0.009956774181551302,3,0.485,0,Not Significant,-0.0006186108750245957,4,0.465,0,Not Significant,-0.02855915927170432,0.485,Not Significant,7.127558779682481,0.532753498529634,1.2599140400692594,0.10839670250776884,-0.39439422885801134
152,152,ASHANTI,AMANSIE CENTRAL,176,250306.793426,865602710.57,865602710.56958,250306.793426366,AMANSIE CENTRAL,ASHANTI,ASHANTI,AMANSIE CENTRAL,Amansie Central,Ashanti,District,6.20744165,-1.82814118592735,33580.0,27066.0,28.6,43.3,27396.0,31633.0,16778.0,15628.0,29576.0,26490.0,2039.0,2541.0,93052.0,44.62948916663919,29.441602544813655,33.994970554098785,32406.0,56066.0,4580.0,60.25233202940291,57.79973602539864,1.116496791241978,93.052,Ashanti,2.5,1.3,1.9,56.864285714285714,29.033333333333335,22.928571428571427,33.31666666666666,72.35,43.31,0.47,2.54,330000.0,13000.0,36.0,126.0,20009.0,46.0,12.0,90.0,192.0,2.66,41.1,25.03213501,0.02526819810121843,-0.0815660465035446,0.22565176095749828,0.031018517504875262,-0.19867007718167426,1.0,-0.9137827753503625,103.40257708596603,12.843644761667697,55.65673880896553,87.66987098835449,28.827251348578372,1.964773578650195,38.159276186265885,26.268203288051446,0.0,-0.018403444535887114,4,0.28,0,Not Significant,-0.0027979587938882873,4,0.376,0,Not Significant,-0.2237570011113204,0.28,Not Significant,7.073440195996435,0.8589768926142436,1.395569686477474,0.12082232366116291,-0.3858721158834395
153,153,ASHANTI,AMANSIE WEST,177,169881.461302,650530820.983,650530820.983025,169881.461301843,AMANSIE WEST,ASHANTI,ASHANTI,AMANSIE WEST,Amansie West,Ashanti,District,6.43975084999999,-1.85237045719587,34157.0,37321.0,31.0,44.7,30406.0,48450.0,20820.0,20329.0,35110.0,32074.0,1803.0,2491.0,112627.0,52.213268418254565,26.997078853205714,43.01810400703206,41149.0,67184.0,4294.0,59.65177088975112,61.24821386044296,1.0946561077508261,112.627,Ashanti,2.5,1.3,1.9,56.864285714285714,29.033333333333335,22.928571428571427,33.31666666666666,72.35,43.31,0.47,2.54,330000.0,13000.0,36.0,126.0,20009.0,46.0,12.0,90.0,192.0,2.66,41.1,25.03213501,0.02526819810121843,0.7239537749125055,0.8935046772178008,-0.13481057382304326,0.17162753759238492,1.0,-0.9137827753503625,136.00889738747037,15.685891289569648,48.18838273567078,87.1776879922269,24.36888204547419,1.6976878916341402,33.56880172285626,31.71296499460842,1.0,-0.10573523080924845,4,0.346,0,Not Significant,-0.0024924868388534766,4,0.413,0,Not Significant,-0.1640178649452082,0.346,Not Significant,7.1596951599278755,0.7134814260815451,1.4771386836170317,0.12187624553574761,-0.28930054109761216
154,154,AHAFO,ASUTIFI SOUTH,178,248439.164723,609745147.204,609745147.202957,248439.164723482,ASUTIFI SOUTH,AHAFO,AHAFO,ASUTIFI SOUTH,Asutifi South,Ahafo,District,6.84924284999999,-2.46125343688365,21582.0,20836.0,23.2,42.4,19701.0,14593.0,12878.0,12038.0,20319.0,19574.0,1194.0,1331.0,67334.0,49.120656325144985,29.25862120177028,21.672557697448543,24916.0,39893.0,2525.0,59.24644310452371,62.45707266939063,1.0380606927556963,67.334,Brong-Ahafo,3.8,1.3,2.55,55.40714285714286,26.266666666666666,21.057142857142857,33.333333333333336,69.25,41.26,0.47,2.54,330000.0,13000.0,36.0,126.0,20009.0,46.0,12.0,90.0,192.0,2.66,41.1,25.03213501,0.7907592352211705,-0.5994002174138596,-0.6863994022669594,0.018605616803190478,-0.8242898121135631,1.0,-0.9137827753503625,128.0184304339778,13.396028185676922,56.212808090676155,92.15801900725107,26.469601067553814,2.325972958110184,36.35739864544681,26.192911095494907,0.0,-0.08854065806002695,4,0.119,0,Not Significant,-0.04903239897291733,4,0.432,0,Not Significant,-0.4660121970860558,0.119,Not Significant,7.24448082900095,0.5882037213382677,1.0104401023573542,0.11930924082968017,-0.45553346144619145
155,155,BONO EAST,TECHIMAN MUNICIPAL,179,133936.214365,664866453.645,664866453.645782,133936.214365359,TECHIMAN MUNICIPAL,BONO EAST,BONO EAST,TECHIMAN MUNICIPAL,Techiman Municipal,Bono East,Municipal,7.5279454,-1.97466940505838,89186.0,68047.0,9.8,41.4,57462.0,28058.0,43306.0,42796.0,71814.0,77235.0,3579.0,4605.0,243335.0,43.277810637716,23.614358805761604,11.530605954753735,86102.0,149049.0,8184.0,61.25259416031397,57.767579789196844,0.9298116139056127,243.335,Brong-Ahafo,3.8,1.3,2.55,55.40714285714286,26.266666666666666,21.057142857142857,33.333333333333336,69.25,41.26,0.47,2.54,330000.0,13000.0,36.0,126.0,20009.0,46.0,12.0,90.0,192.0,2.66,41.1,25.03213501,0.7907592352211705,-1.1747715184253216,-1.4370623602361874,-0.36428406741614905,1.6710823488222821,2.0,0.9208118736222883,154.49044674364336,8.592567050695457,85.90452132503523,98.0,38.41027084035809,3.7072162189950535,48.238940638310986,19.593136138015964,0.0,0.009743412258396976,3,0.497,0,Not Significant,-0.09124364498643069,4,0.402,0,Not Significant,-0.01595010458572845,0.497,Not Significant,9.678814824624727,0.6581511826988058,1.7224802133462929,0.20335005969037412,-0.12723354754594057
156,156,CENTRAL,UPPER DENKYIRA WEST,180,192164.258145,589811336.204,589811336.204071,192164.258144699,UPPER DENKYIRA WEST,CENTRAL,CENTRAL,UPPER DENKYIRA WEST,Upper Denkyira West,Central,District,6.10783305,-2.06931071266353,33332.0,25814.0,24.5,43.6,25637.0,44004.0,16093.0,15786.0,30896.0,25738.0,1148.0,1364.0,91025.0,43.64454062827579,28.16478989288657,48.34276297720406,31879.0,56634.0,2512.0,62.218071958253226,56.28950806935763,1.2004040718004507,91.025,Central,1.7,0.3,1.0,51.40714285714286,34.833333333333336,24.157142857142855,33.333333333333336,49.8,38.0,0.47,2.54,330000.0,13000.0,36.0,126.0,20009.0,46.0,12.0,90.0,192.0,2.66,41.1,25.03213501,-1.0346424686802538,0.09104534379989646,1.287612670840008,-0.055596589802915375,-0.24134068822685062,1.0,-0.9137827753503625,77.84008955608817,8.473556588588485,52.60094512273849,85.34163640164081,27.389776371066645,2.141742958168626,37.62392443875623,24.270110434299,0.0,-0.08687381709277894,2,0.379,0,Not Significant,0.12246285203752658,3,0.386,0,Not Significant,0.11014272022799919,0.379,Not Significant,7.3074174189541985,0.8677346982493805,1.2687535825419767,0.11071335438370183,-0.521759766104871
157,157,BONO EAST,TECHIMAN NORTH,181,112290.941836,399181543.654,399181543.653183,112290.941836176,TECHIMAN NORTH,BONO EAST,BONO EAST,TECHIMAN NORTH,Techiman North,Bono East,District,7.703655,-1.98577027897075,34326.0,31765.0,15.0,41.8,27555.0,15369.0,18455.0,17983.0,30106.0,31934.0,1687.0,2364.0,102529.0,48.06251985898231,26.8753230793239,14.989905295087244,36438.0,62040.0,4051.0,60.5097094480586,58.7330754352031,0.9427569361808731,102.529,Brong-Ahafo,3.8,1.3,2.55,55.40714285714286,26.266666666666666,21.057142857142857,33.333333333333336,69.25,41.26,0.47,2.54,330000.0,13000.0,36.0,126.0,20009.0,46.0,12.0,90.0,192.0,2.66,41.1,25.03213501,0.7907592352211705,-0.9446229980207376,-1.1810201366882211,-0.14307011715087584,-0.010647622867542842,1.0,-0.9137827753503625,127.67434991184551,11.957961583559877,68.47158175520146,95.29865641000143,30.837334588316963,2.078546131393948,39.29837047314696,24.172207241829877,0.0,0.015848408355330492,3,0.388,0,Not Significant,0.15382881624910272,1,0.347,0,Not Significant,-0.17574301443114035,0.388,Not Significant,9.015087358053652,0.7241095293591074,1.8047569443895237,0.1911171165062344,-0.0956634900079193
158,158,CENTRAL,CAPE COAST METROPOLITAN,182,85401.5449602,124259554.376,124259554.376411,85401.5449601778,CAPE COAST METROPOLITAN,CENTRAL,,,CAPE COAST METROPOLITAN,CENTRAL,,5.530626336363632,-1.1449043731652988,39064.09090909091,38146.818181818184,24.518181818181816,43.67272727272728,26027.18181818182,50993.90909090909,21178.090909090908,20635.0,34953.63636363636,36926.72727272727,2112.5454545454545,3218.0,119024.0,49.136172448175465,23.78469259020306,43.64378727187751,41813.09090909091,71880.36363636363,5330.545454545455,59.91984740183338,59.18865605254901,0.9465626308689931,119.024,,1.7,0.3,1.0,51.407142857142865,34.83333333333333,24.157142857142855,33.33333333333333,49.8,38.0,0.47,2.54,330000.0,13000.0,36.0,126.0,20009.0,46.0,12.0,90.0,192.0,2.66,41.1,25.03213501,-1.0346424686802538,0.1328905293280026,0.9398150188814784,-0.3527291388248077,0.09293751836036196,1.2727272727272727,-0.4134387801760031,89.14599386570036,7.0792473964983795,57.70717016102228,89.33536465091099,32.71134643203909,2.3377419041823067,38.546540685125365,26.953310958683257,0.0,1.0826788688377058,3,0.026,1,Low-Low,0.9939575688190785,3,0.044,1,Low-Low,-1.0467105548054134,0.026,Not Significant,7.2150178240370995,0.9721880048132983,1.0294525609476326,0.18020457803024342,-0.2169004875428424
159,159,CENTRAL,KOMENDA-EDINA-EGUAFO-ABIREM MUNICIPAL,183,107547.176339,459350600.708,459350600.708015,107547.176338641,KOMENDA-EDINA-EGUAFO-ABIREM MUNICIPAL,CENTRAL,,,KOMENDA-EDINA-EGUAFO-ABIREM MUNICIPAL,CENTRAL,,5.530626336363632,-1.1449043731652988,39064.09090909091,38146.818181818184,24.518181818181816,43.67272727272728,26027.18181818182,50993.90909090909,21178.090909090908,20635.0,34953.63636363636,36926.72727272727,2112.5454545454545,3218.0,119024.0,49.136172448175465,23.78469259020306,43.64378727187751,41813.09090909091,71880.36363636363,5330.545454545455,59.91984740183338,59.18865605254901,0.9465626308689931,119.024,,1.7,0.3,1.0,51.407142857142865,34.83333333333333,24.157142857142855,33.33333333333333,49.8,38.0,0.47,2.54,330000.0,13000.0,36.0,126.0,20009.0,46.0,12.0,90.0,192.0,2.66,41.1,25.03213501,-1.0346424686802538,0.1328905293280026,0.9398150188814784,-0.3527291388248077,0.09293751836036196,1.2727272727272727,-0.4134387801760031,89.14599386570036,7.0792473964983795,57.70717016102228,89.33536465091099,32.71134643203909,2.3377419041823067,38.546540685125365,26.953310958683257,0.0,0.07792810965991302,3,0.455,0,Not Significant,0.22579489447708975,3,0.329,0,Not Significant,-0.07906094318717626,0.455,Not Significant,7.1620035965284385,0.9737504348714645,0.9442031676057931,0.16086607726288538,-0.41573983490760735
160,160,BONO,BANDA,184,308881.75612,2361802991.04,2361802991.0385,308881.756120297,BANDA,BONO,BONO,BANDA,Banda,Bono,District,8.1645269,-2.3569966,7746.0,10025.0,35.7,43.7,11732.0,6648.0,5465.0,4943.0,8765.0,7659.0,583.0,764.0,28179.0,56.41213212537279,41.633840803435184,23.59203662301714,10408.0,16424.0,1347.0,58.28453813123248,63.37067705796395,1.1444052748400575,28.179,Brong-Ahafo,3.8,1.3,2.55,55.40714285714286,26.266666666666666,21.057142857142857,33.333333333333336,69.25,41.26,0.47,2.54,330000.0,13000.0,36.0,126.0,20009.0,46.0,12.0,90.0,192.0,2.66,41.1,25.03213501,0.7907592352211705,0.14858247390104345,-0.5443279583691142,0.8581030733312861,-2.490880106109826,1.0,-0.9137827753503625,97.19139465918018,16.879147882883892,65.82988651026946,83.65189947808854,27.207784783552626,1.7690969574040531,41.55777106188442,27.392059652399702,1.0,-0.09478385310820917,4,0.422,0,Not Significant,-0.003358874637092608,4,0.498,0,Not Significant,-0.10600462194949987,0.422,Not Significant,7.6765201643370595,0.8388120789314958,1.9652494912496405,0.1625452797996638,0.15241546099036385
161,161,WESTERN NORTH,SEFWI-WIAWSO,185,230479.901578,1030450285.6,1030450285.5977,230479.901577553,SEFWI-WIAWSO,WESTERN NORTH,,,SEFWI-WIAWSO,WESTERN NORTH,,6.353218683333331,-2.942471394054138,24721.666666666668,20408.333333333332,26.15,41.71666666666667,26968.5,21242.5,13512.166666666666,12770.0,22590.166666666668,20511.333333333332,1083.3333333333333,945.1666666666666,71412.16666666667,44.990942185946814,41.846491789685984,34.850811542709266,26282.166666666668,43101.5,2028.5,60.569951343322316,60.54533529673984,1.1158824175719546,71.41216666666666,,3.4,1.8,2.6,53.73571428571429,31.46666666666667,22.828571428571433,33.333333333333336,68.75,39.97,0.47,2.54,330000.0,13000.0,36.0,126.0,20009.0,46.0,12.0,90.0,192.0,2.66,41.1,25.03213501,0.8496431611534749,-0.992570606438358,0.2889973717788479,0.8725286728626044,-0.8278655349299336,1.0,-0.9137827753503625,104.00500925197906,16.701601627556496,60.70111842538984,91.00068045894648,27.281489464227974,2.181839323909185,37.62333534642918,21.606138357334384,0.8333333333333334,0.4581957749961032,1,0.053,0,Not Significant,0.027722076591139788,1,0.472,0,Not Significant,0.5536784386883085,0.053,Not Significant,7.241418507978129,0.7719717468214689,0.6816589097108989,0.1560972752619943,-0.30771365656619043
162,162,BONO,JAMAN NORTH,186,173192.401514,1057599122.06,1057599122.06319,173192.401513615,JAMAN NORTH,BONO,BONO,JAMAN NORTH,Jaman North,Bono,District,7.9132614,-2.69723280400663,36119.0,38856.0,14.5,42.4,30773.0,8231.0,21157.0,20397.0,34679.0,35066.0,2077.0,3153.0,116529.0,51.82527509169723,26.408018604810817,7.06347776090072,41554.0,69745.0,5230.0,59.85205399514284,59.579898200587856,0.9889636685108082,116.529,Brong-Ahafo,3.8,1.3,2.55,55.40714285714286,26.266666666666666,21.057142857142857,33.333333333333336,69.25,41.26,0.47,2.54,330000.0,13000.0,36.0,126.0,20009.0,46.0,12.0,90.0,192.0,2.66,41.1,25.03213501,0.7907592352211705,-0.5994002174138596,-1.767699672333517,-0.1747706388713269,0.23775380047800987,1.0,-0.9137827753503625,132.72136918697527,12.812405507408279,70.84099834914832,92.6092197390341,30.89549110034185,2.105731875109269,34.53894804350467,22.30778450522195,0.0,0.02298394193170166,1,0.277,0,Not Significant,0.0237887636879096,1,0.499,0,Not Significant,0.302523125867223,0.277,Not Significant,7.637632884020457,0.7360376281943252,1.70338145663034,0.11968097565883559,-0.29029015987985174
163,163,AHAFO,ASUNAFO SOUTH,187,282557.992559,941860539.319,941860539.31955,282557.992558764,ASUNAFO SOUTH,AHAFO,AHAFO,ASUNAFO SOUTH,Asunafo South,Ahafo,District,6.56280465,-2.53279356335542,32671.0,25169.0,26.2,42.7,26493.0,43550.0,17439.0,16414.0,27748.0,26493.0,1769.0,1830.0,91693.0,43.51486860304288,28.893154330210596,47.49544676256639,33853.0,54241.0,3599.0,59.15500637998539,62.41219741523939,1.0473710036613446,91.693,Brong-Ahafo,3.8,1.3,2.55,55.40714285714286,26.266666666666666,21.057142857142857,33.333333333333336,69.25,41.26,0.47,2.54,330000.0,13000.0,36.0,126.0,20009.0,46.0,12.0,90.0,192.0,2.66,41.1,25.03213501,0.7907592352211705,-0.42678882711041854,1.2248980265435245,-0.0061865500427503595,-0.2271755842240786,1.0,-0.9137827753503625,121.69191589466658,11.635564891435756,57.20648450094773,90.64517832618371,31.46408175703348,2.0626466593266617,37.929548264637276,25.442362935930475,0.0,-0.019894294115366057,2,0.357,0,Not Significant,-0.01330082527946256,4,0.492,0,Not Significant,0.12931901051622857,0.357,Not Significant,7.3252506937346284,0.7078389855250263,0.7556663829699004,0.1468128406000816,-0.3949904215143367
164,164,BONO,TAIN,188,246256.011433,1876094370.18,1876094370.1786,246256.011433174,TAIN,BONO,BONO,TAIN,Tain,Bono,District,7.9614185,-2.1422727,39176.0,34283.0,21.5,41.9,42235.0,22022.0,21764.0,20345.0,34230.0,33737.0,2388.0,3104.0,115568.0,46.66957078097987,36.54558355254049,19.055447874844248,42109.0,67967.0,5492.0,58.81126263325488,61.955066429296565,1.0146130361324361,115.568,Brong-Ahafo,3.8,1.3,2.55,55.40714285714286,26.266666666666666,21.057142857142857,33.333333333333336,69.25,41.26,0.47,2.54,330000.0,13000.0,36.0,126.0,20009.0,46.0,12.0,90.0,192.0,2.66,41.1,25.03213501,0.7907592352211705,-0.8870858679195905,-0.8801064372251497,0.5129310959619265,0.22167400173857443,1.0,-0.9137827753503625,125.81108001699926,13.730016441006075,63.98444123009244,87.4388290809404,27.860229687735757,2.4344138404284856,40.43865708308589,21.718846956609845,0.0,0.07859511172022525,1,0.221,0,Not Significant,0.17029766692729745,1,0.298,0,Not Significant,0.30952655918061023,0.221,Not Significant,8.007969631891019,0.7196887630081201,1.7105873314140396,0.1357148442125611,-0.2618009325529955
165,165,BONO EAST,NKORANZA SOUTH,189,170551.922044,944950174.051,944950174.050209,170551.922043679,NKORANZA SOUTH,BONO EAST,,,NKORANZA SOUTH,BONO EAST,,7.81781426111111,-1.3484530639301167,35200.22222222222,29695.444444444445,27.733333333333334,41.64444444444444,38213.11111111111,22565.555555555555,20394.88888888889,19577.333333333332,30459.0,30664.0,1705.111111111111,2067.5555555555557,104867.88888888889,45.50403415372958,39.444358798350294,24.203720566247007,39972.22222222222,61123.0,3772.6666666666665,57.55202953208017,67.55408039182893,1.019987781830677,104.8678888888889,,3.8,1.3,2.55,55.40714285714286,26.266666666666666,21.057142857142857,33.333333333333336,69.25,41.26,0.47,2.54,330000.0,13000.0,36.0,126.0,20009.0,46.0,12.0,90.0,192.0,2.66,41.1,25.03213501,0.7907592352211705,-1.0341252004002972,-0.4990537853286096,0.7095752383880158,-0.15999663169458775,1.2222222222222223,-0.5060950755786623,115.85320508826418,14.466078300704059,68.274315495994,93.30111644617843,29.36766495582812,2.4999763202510366,41.28176640975189,21.795581125779375,0.4444444444444444,-0.21472513582416722,4,0.158,0,Not Significant,-0.12152055450669218,4,0.366,0,Not Significant,-0.5379930149738337,0.158,Not Significant,10.153785473700179,0.6709412055575433,1.8044439633565363,0.2403294091667515,0.04070520522759591
166,166,ASHANTI,SEKYERE KUMAWU,190,161685.36337,589141682.973,589141682.972687,161685.363370165,SEKYERE KUMAWU,ASHANTI,ASHANTI,SEKYERE KUMAWU,Sekyere Kumawu,Ashanti,District,6.9098849,-1.23942940155571,20110.0,20475.0,23.9,42.9,13090.0,23038.0,12071.0,11740.0,17308.0,19228.0,1511.0,2538.0,64396.0,50.44967352470125,20.327349524815205,35.775514007081185,23811.0,36536.0,4049.0,56.73644325734518,65.17133785855047,0.9001456209694196,64.396,Ashanti,2.5,1.3,1.9,56.864285714285714,29.033333333333335,22.928571428571427,33.31666666666666,72.35,43.31,0.47,2.54,330000.0,13000.0,36.0,126.0,20009.0,46.0,12.0,90.0,192.0,2.66,41.1,25.03213501,0.02526819810121843,-0.3117145669081286,0.35743980818137194,-0.587264832183144,-0.9103581594708376,1.0,-0.9137827753503625,91.54847083577164,10.023162361753355,50.33538371490883,87.66015611499992,31.280127542986513,1.662092062276145,38.31866660291653,27.774231566049124,0.0,0.10314826560154651,3,0.297,0,Not Significant,-0.0101222262912281,4,0.143,0,Not Significant,-0.22268292437710616,0.297,Not Significant,7.033013723686235,0.8322888250324282,1.1148819588421865,0.15015615788583742,-0.24237217612955383
167,167,SAVANNAH,BOLE,191,525834.878627,6354779961.62,6354779961.6178,525834.878626976,BOLE,SAVANNAH,SAVANNAH,BOLE,Bole,Savannah,District,8.69166865,-2.17855621492469,27779.0,44167.0,37.2,44.8,56513.0,22652.0,22281.0,21573.0,36043.0,32286.0,1579.0,2038.0,115800.0,61.3890973785895,48.80224525043178,19.561312607944732,43854.0,68329.0,3617.0,59.006044905008636,64.18065535863249,1.11636622684755,115.8,Northern (pre 2022),0.7,0.8,0.75,35.45,19.2,15.114285714285714,33.333333333333336,30.55,38.71,0.47,2.54,330000.0,13000.0,36.0,126.0,20009.0,46.0,12.0,90.0,192.0,2.66,41.1,25.03213501,-1.329062098341774,0.7814909050136484,-0.8426645397959843,1.3443859429951681,0.22556801524236783,1.0,-0.9137827753503625,93.48605907068752,5.282870672710874,63.93876690447295,84.5170012986267,22.905438443788224,1.581676988484138,29.611564839143966,33.33988754498283,0.0,-0.07815769760671651,2,0.433,0,Not Significant,0.3303194671108081,3,0.251,0,Not Significant,0.05105674722233163,0.433,Not Significant,7.575108419856194,0.8704903435729944,1.9381422478806085,0.19354078587788417,0.4523704889339556
168,168,ASHANTI,SEKYERE AFRAM PLAINS NORTH,192,502907.53826,3606671182.2,3606671182.19745,502907.538260235,SEKYERE AFRAM PLAINS NORTH,ASHANTI,,,SEKYERE AFRAM PLAINS NORTH,ASHANTI,,6.648968471212119,-1.5710996271278177,40225.78787878788,39177.72727272727,21.233333333333334,42.8939393939394,23077.303030303032,34405.63636363636,21558.636363636364,20916.666666666668,36505.0,37998.333333333336,2047.090909090909,2853.090909090909,121878.81818181818,48.779394994473165,20.971243347428945,30.35424582408351,42475.30303030303,74503.33333333333,4900.181818181818,60.40712501501989,58.91849355140668,0.9662006900935022,121.87881818181818,,2.5,1.3,1.9,56.86428571428571,29.033333333333335,22.928571428571427,33.316666666666656,72.35,43.31,0.47,2.54,330000.0,13000.0,36.0,126.0,20009.0,46.0,12.0,90.0,192.0,2.66,41.1,25.03213501,0.025268198101218428,-0.3152016657021368,-0.04381877729008543,-0.5435850233589301,0.12715045788525137,1.4242424242424243,-0.13546989396802583,115.5257832149487,10.538249727084729,65.48132841962365,90.77941777709772,34.71769297793984,2.64667986240882,40.68058247570054,23.965784469313288,0.030303030303030304,-0.0917897013308146,2,0.244,0,Not Significant,-0.01694892933126861,4,0.061,0,Not Significant,0.24885934301763651,0.244,Not Significant,6.910771588204454,0.9270812058273543,-0.11755169626754852,0.21779760163336578,0.11864140637116058
169,169,ASHANTI,ASANTE AKIM NORTH,194,260200.581263,1149959299.85,1149959299.85303,260200.58126284,ASANTE AKIM NORTH,ASHANTI,,,ASANTE AKIM NORTH,ASHANTI,,6.648968471212119,-1.5710996271278177,40225.78787878788,39177.72727272727,21.233333333333334,42.8939393939394,23077.303030303032,34405.63636363636,21558.636363636364,20916.666666666668,36505.0,37998.333333333336,2047.090909090909,2853.090909090909,121878.81818181818,48.779394994473165,20.971243347428945,30.35424582408351,42475.30303030303,74503.33333333333,4900.181818181818,60.40712501501989,58.91849355140668,0.9662006900935022,121.87881818181818,,2.5,1.3,1.9,56.86428571428571,29.033333333333335,22.928571428571427,33.316666666666656,72.35,43.31,0.47,2.54,330000.0,13000.0,36.0,126.0,20009.0,46.0,12.0,90.0,192.0,2.66,41.1,25.03213501,0.025268198101218428,-0.3152016657021368,-0.04381877729008543,-0.5435850233589301,0.12715045788525137,1.4242424242424243,-0.13546989396802583,115.5257832149487,10.538249727084729,65.48132841962365,90.77941777709772,34.71769297793984,2.64667986240882,40.68058247570054,23.965784469313288,0.030303030303030304,0.1806101436355008,3,0.162,0,Not Significant,-0.011822569237786481,4,0.14,0,Not Significant,-0.49385687033384756,0.162,Not Significant,7.068393895044968,0.9111205008206523,0.815142231529258,0.17134832207449352,-0.13231539853272012
170,170,ASHANTI,ASANTE AKIM CENTRAL MUNICIPAL,195,126505.671227,306386152.196,306386152.195534,126505.671227079,ASANTE AKIM CENTRAL MUNICIPAL,ASHANTI,ASHANTI,ASANTE AKIM CENTRAL MUNICIPAL,Asante Akim Central Municipal,Ashanti,Municipal,6.56465915,-1.25347851347396,29453.0,30820.0,16.9,42.6,15786.0,18044.0,15871.0,15529.0,27013.0,29228.0,1623.0,2409.0,91673.0,51.134006935111906,17.219901170464585,19.683003719743,31400.0,56241.0,4032.0,61.349579483599314,55.831155207055346,0.9242165047215,91.673,Ashanti,2.5,1.3,1.9,56.864285714285714,29.033333333333335,22.928571428571427,33.31666666666666,72.35,43.31,0.47,2.54,330000.0,13000.0,36.0,126.0,20009.0,46.0,12.0,90.0,192.0,2.66,41.1,25.03213501,0.02526819810121843,-0.4843259572115655,-0.8336574953671988,-0.7980647269517831,-0.22759820471334302,2.0,0.9208118736222883,117.10585231473621,7.3057550206928035,81.46552320476549,93.15160526506101,41.69163974275537,3.639247614826541,48.93548211402957,17.792719321223395,0.0,0.3623122746956852,3,0.198,0,Not Significant,-0.008927981826994362,4,0.187,0,Not Significant,-0.36815817005663704,0.198,Not Significant,6.829351017537373,0.8876470010316386,1.2503205205377184,0.11927120344262238,-0.4049026745568063
171,171,BONO EAST,KINTAMPO NORTH MUNICIPAL,196,396132.312432,5028529413.28,5028529413.27658,396132.312431867,KINTAMPO NORTH MUNICIPAL,BONO EAST,BONO EAST,KINTAMPO NORTH MUNICIPAL,Kintampo North Municipal,Bono East,Municipal,8.053714,-1.728919,40030.0,45840.0,28.1,43.4,56833.0,30289.0,27626.0,26754.0,39911.0,40681.0,2394.0,2884.0,140250.0,53.38302084546407,40.52263814616756,21.59643493761141,54380.0,80592.0,5278.0,57.46310160427808,67.47567996823506,0.9810722450283916,140.25,Brong-Ahafo,3.8,1.3,2.55,55.40714285714286,26.266666666666666,21.057142857142857,33.333333333333336,69.25,41.26,0.47,2.54,330000.0,13000.0,36.0,126.0,20009.0,46.0,12.0,90.0,192.0,2.66,41.1,25.03213501,0.7907592352211705,-0.02402891640239758,-0.6920336763709831,0.7827224470078605,0.5978142583827787,2.0,0.9208118736222883,157.849025094677,20.659273989461777,75.9822392967082,94.3359050785009,35.89396129692405,3.2172045820039106,46.83266901199573,22.120650265364592,1.0,-0.6130191223718231,4,0.217,0,Not Significant,-0.5112647294261772,4,0.081,0,Not Significant,-0.3778279704157887,0.217,Not Significant,7.881902079436516,0.8727041353122703,1.968578711425307,0.22331399441542518,0.888309060095519
172,172,ASHANTI,ASOKORE MAMPONG MUNICIPAL,197,27485.7250165,24414757.4061,24414757.4060593,27485.7250165263,ASOKORE MAMPONG MUNICIPAL,ASHANTI,ASHANTI,ASOKORE MAMPONG MUNICIPAL,Asokore Mampong Municipal,Ashanti,Municipal,6.7077852,-1.5665013,66200.0,62382.0,11.3,42.7,37038.0,38807.0,31486.0,31334.0,58782.0,62187.0,3238.0,4375.0,191402.0,48.51534429391361,19.35089497497414,20.275127741611897,62820.0,120969.0,7613.0,63.20153394426391,51.93065992113682,0.9452457909209321,191.402,Ashanti,2.5,1.3,1.9,56.864285714285714,29.033333333333335,22.928571428571427,33.31666666666666,72.35,43.31,0.47,2.54,330000.0,13000.0,36.0,126.0,20009.0,46.0,12.0,90.0,192.0,2.66,41.1,25.03213501,0.02526819810121843,-0.42678882711041854,-0.7898310622488492,-0.6535045545793896,1.2030954785071795,2.0,0.9208118736222883,139.67369514981687,11.696751796755185,83.42603785615741,93.1661022470116,36.7210880356417,3.3368190682672054,47.17118204489834,22.07466965463452,0.0,0.08523109720877342,3,0.096,0,Not Significant,0.016999440511213763,1,0.054,0,Not Significant,-0.6040504585092211,0.096,Not Significant,7.1483688689194,0.6757041063056662,1.429223442859377,0.13326226239572808,-0.2668110784038672
173,173,BONO EAST,ATEBUBU AMANTIN,198,324994.849358,2691069321.0,2691069320.99638,324994.849358323,ATEBUBU AMANTIN,BONO EAST,,,ATEBUBU AMANTIN,BONO EAST,,7.81781426111111,-1.3484530639301167,35200.22222222222,29695.444444444445,27.733333333333334,41.64444444444444,38213.11111111111,22565.555555555555,20394.88888888889,19577.333333333332,30459.0,30664.0,1705.111111111111,2067.5555555555557,104867.88888888889,45.50403415372958,39.444358798350294,24.203720566247007,39972.22222222222,61123.0,3772.6666666666665,57.55202953208017,67.55408039182893,1.019987781830677,104.8678888888889,,3.8,1.3,2.55,55.40714285714286,26.266666666666666,21.057142857142857,33.333333333333336,69.25,41.26,0.47,2.54,330000.0,13000.0,36.0,126.0,20009.0,46.0,12.0,90.0,192.0,2.66,41.1,25.03213501,0.7907592352211705,-1.0341252004002972,-0.4990537853286096,0.7095752383880158,-0.15999663169458775,1.2222222222222223,-0.5060950755786623,115.85320508826418,14.466078300704059,68.274315495994,93.30111644617843,29.36766495582812,2.4999763202510366,41.28176640975189,21.795581125779375,0.4444444444444444,0.06569152739487287,1,0.306,0,Not Significant,-0.4924073276242159,4,0.059,0,Not Significant,0.1665901265006458,0.306,Not Significant,7.89193720456506,0.8675335787526652,1.1520160359164364,0.24310708002926057,0.5542611260004047
174,174,ASHANTI,KWADASO MUNICIPAL,199,46184.6549543,65386343.5314,65386343.5315399,46184.6549542575,KWADASO MUNICIPAL,ASHANTI,ASHANTI,KWADASO MUNICIPAL,Kwadaso Municipal,Ashanti,Municipal,6.6805925,-1.67467000057054,53272.0,55768.0,9.5,42.4,13021.0,33490.0,22551.0,22935.0,50312.0,52889.0,2342.0,3497.0,154526.0,51.144534115920756,8.426413677957107,21.672728214022236,45486.0,103201.0,5839.0,66.78552476605878,44.07515431052025,0.9512753124468226,154.526,Ashanti,2.5,1.3,1.9,56.864285714285714,29.033333333333335,22.928571428571427,33.31666666666666,72.35,43.31,0.47,2.54,330000.0,13000.0,36.0,126.0,20009.0,46.0,12.0,90.0,192.0,2.66,41.1,25.03213501,0.02526819810121843,-0.5994002174138596,-0.6863867813751588,-1.394588313731487,0.7863803970320934,2.0,0.9208118736222883,121.2405860826351,8.987652362591614,76.37881045026975,95.40688845834858,42.88412258657726,3.6085843603319616,51.17282473227167,20.859675743168268,0.0,0.2305696732976498,3,0.235,0,Not Significant,-0.0005934544839120505,4,0.483,0,Not Significant,-0.34760081521414443,0.235,Not Significant,7.233513569831885,0.6527972126896974,1.4673335530798637,0.13169341333659207,-0.25714364723025657
175,175,NORTHERN,KPANDAI,200,240060.336793,1165300866.64,1165300866.6433,240060.336793241,KPANDAI,NORTHERN,NORTHERN,KPANDAI,Kpandai,Northern,District,8.4635789,-0.0119853,41265.0,29199.0,48.6,42.1,64398.0,67683.0,28295.0,27454.0,32983.0,33691.0,1603.0,2187.0,126213.0,41.43818119891008,51.02327018611395,53.626013168215636,55749.0,66674.0,3790.0,52.826570955448325,83.61430242673306,0.9789854857380309,126.213,Northern (pre 2022),0.7,0.8,0.75,35.45,19.2,15.114285714285714,33.333333333333336,30.55,38.71,0.47,2.54,330000.0,13000.0,36.0,126.0,20009.0,46.0,12.0,90.0,192.0,2.66,41.1,25.03213501,-1.329062098341774,-0.7720116077172965,1.6786557675430547,1.4950535549169643,0.39282234458787096,1.0,-0.9137827753503625,66.68308996488086,10.432753373182369,53.87387117297882,88.27097389517436,22.387831023581604,2.249497795678927,37.48640620630601,25.422007957091754,0.0,0.3890609179730476,3,0.004,1,Low-Low,2.3776373997383584,3,0.001,1,Low-Low,-1.0060609642170064,0.004,Not Significant,7.523084859577092,0.9265874461314125,1.6377234440397754,0.17730018759488342,-0.48974108926988974
176,176,ASHANTI,EJISU MUNICIPAL,201,165120.508179,419802584.084,419802584.083778,165120.508178643,EJISU MUNICIPAL,ASHANTI,ASHANTI,EJISU MUNICIPAL,Ejisu Municipal,Ashanti,Municipal,6.7139918,-1.4665782,58604.0,59932.0,13.5,43.6,26943.0,39195.0,31700.0,30487.0,53047.0,57696.0,3089.0,4704.0,180723.0,50.56016737531214,14.908451054929367,21.687886987267806,62187.0,110743.0,7793.0,61.2777565666794,56.15433932618766,0.9194224902939545,180.723,Ashanti,2.5,1.3,1.9,56.864285714285714,29.033333333333335,22.928571428571427,33.31666666666666,72.35,43.31,0.47,2.54,330000.0,13000.0,36.0,126.0,20009.0,46.0,12.0,90.0,192.0,2.66,41.1,25.03213501,0.02526819810121843,0.09104534379989646,-0.6852647952079597,-0.9548665094932685,1.0912592594934112,2.0,0.9208118736222883,147.74188411500845,8.590391324133565,79.32345569744989,92.987918575202,41.8570473285299,3.301918701534254,47.590043732344434,22.224833078934715,0.0,0.3577649645804671,3,0.106,0,Not Significant,0.003610445917765827,1,0.359,0,Not Significant,-0.48282941231994564,0.106,Not Significant,6.875234626392729,0.8077309130891743,1.3553694343216542,0.12471911606573663,-0.33316743057908305
177,177,OTI,NKWANTA NORTH,202,217059.699638,1131155293.35,1131155293.35324,217059.699638245,NKWANTA NORTH,OTI,,,NKWANTA NORTH,OTI,,7.85173986,0.28897175993930907,33502.2,22792.8,38.52,41.58,38164.4,43817.4,19642.2,18481.0,26298.2,26036.6,1793.0,2167.2,94418.2,40.42457771368513,39.2138703759114,45.213172694658866,38123.2,52334.8,3960.2,55.580795717373135,72.15250816672282,1.0133636696806725,94.4182,,1.2,0.3,0.75,53.157142857142865,41.46666666666667,29.342857142857145,33.333333333333336,34.4,45.56,0.47,2.54,330000.0,13000.0,36.0,126.0,20009.0,46.0,12.0,90.0,192.0,2.66,41.1,25.03213501,-1.3290620983417738,-1.0712046842432579,1.0559740712559296,0.6939396011528928,-0.23299134631391533,1.4,-0.17994491576130214,55.08374525972313,5.0,60.72158145254648,93.42408871793806,30.469044413446035,2.735554762286726,43.27806178287706,19.921004955249245,0.0,1.5795709115316792,3,0.021,1,Low-Low,2.1657882439391174,3,0.004,1,Low-Low,-1.102793936405619,0.021,Not Significant,7.556718239452412,0.914290272226963,1.6055887899588484,0.17483401091223544,-0.5989999824165912
178,178,OTI,BIAKOYE,203,247703.441464,1131637226.97,1131637226.96952,247703.441463867,BIAKOYE,OTI,OTI,BIAKOYE,Biakoye,Oti,District,7.39217985,0.262973639210098,26316.0,18533.0,34.2,42.2,22512.0,28009.0,13938.0,13040.0,20259.0,20321.0,1872.0,2397.0,71827.0,41.32310642377757,31.341974466426276,38.995085413563146,26978.0,40580.0,4269.0,56.496860512063705,66.48102513553475,0.9969489690467989,71.827,Volta (pre 2022),1.2,0.3,0.75,53.15714285714286,41.46666666666667,29.342857142857145,33.333333333333336,34.4,45.56,0.47,2.54,330000.0,13000.0,36.0,126.0,20009.0,46.0,12.0,90.0,192.0,2.66,41.1,25.03213501,-1.329062098341774,-0.7144744776161496,0.5957384174331576,0.1599339990884564,-0.6995747106162049,1.0,-0.9137827753503625,44.917218040546,5.0,56.78826443346906,94.10400717481082,30.46595399653071,2.0633888858816345,35.906020512365124,24.62769836271622,0.0,1.5171126719339827,3,0.002,1,Low-Low,1.9983054469610508,3,0.001,1,Low-Low,-1.059408784750754,0.002,Not Significant,6.3950372112989795,0.9658704537679318,0.5523656979089868,0.11205431570368005,-0.11784615785273816
179,179,WESTERN,WASSA AMENFI EAST,204,267511.772665,1584933836.34,1584933836.33681,267511.772664896,WASSA AMENFI EAST,WESTERN,,,WASSA AMENFI EAST,WESTERN,,5.164444985714285,-1.9217231254902145,40278.71428571428,37095.28571428572,28.4,43.385714285714286,27955.428571428572,45377.142857142855,21232.85714285714,20664.571428571428,36725.0,36147.42857142857,1955.4285714285713,2546.1428571428573,119271.42857142857,47.67635773563508,24.74950879374478,39.886264049426686,41897.42857142857,72872.42857142857,4501.571428571428,60.84792221998605,58.407560312615026,1.0316283467912175,119.27142857142857,,3.4,1.8,2.6,53.73571428571428,31.46666666666667,22.82857142857143,33.333333333333336,68.75,39.97,0.47,2.54,330000.0,13000.0,36.0,126.0,20009.0,46.0,12.0,90.0,192.0,2.66,41.1,25.03213501,0.8496431611534749,-0.03224850641684658,0.6616995665145622,-0.28727892662967236,0.17422279661038217,1.2857142857142858,-0.38961287564389085,149.59752312955783,17.93311123275499,61.85986650673571,88.44843096904042,32.44421409626732,2.3463924902945945,37.69426740562294,25.374240299663573,0.8571428571428571,-0.05719209841119236,4,0.466,0,Not Significant,-0.18221172163605884,4,0.29,0,Not Significant,-0.0492658603051779,0.466,Not Significant,7.265200371007264,0.9435281731617083,1.0652818201697705,0.09958862151825877,-0.7574715493744365
180,180,SAVANNAH,CENTRAL GONJA,205,668611.243487,7794202015.88,7794202015.8769,668611.243486971,CENTRAL GONJA,SAVANNAH,SAVANNAH,CENTRAL GONJA,Central Gonja,Savannah,District,8.9371512,-1.10983922943129,24193.0,52626.0,61.8,46.6,81261.0,65926.0,33708.0,32235.0,36113.0,37012.0,1814.0,1880.0,142762.0,68.50648927999583,56.9206091256777,46.17895518415265,65943.0,73125.0,3694.0,51.22161359465404,90.17846153846153,0.9757105803523182,142.762,Northern (pre 2022),0.7,0.8,0.75,35.45,19.2,15.114285714285714,33.333333333333336,30.55,38.71,0.47,2.54,330000.0,13000.0,36.0,126.0,20009.0,46.0,12.0,90.0,192.0,2.66,41.1,25.03213501,-1.329062098341774,1.8171592468342825,1.1274570716400012,1.8951111861675491,0.6323380403115721,1.0,-0.9137827753503625,115.70581981278009,11.547679405788488,44.93818314527615,77.94685971418714,23.816304576726726,1.4207362663088328,31.188230806444942,36.4716272926769,0.0,0.031060356769219033,3,0.319,0,Not Significant,0.5968761731534676,3,0.118,0,Not Significant,-0.18308927155680388,0.319,Not Significant,7.691180458781046,0.8530555216589432,1.7745855317255144,0.22502891651936582,0.8726948373301409
181,181,GREATER ACCRA,TEMA WEST MUNICIPAL,206,36371.3762655,45926454.8645,45926454.864527,36371.3762655164,TEMA WEST MUNICIPAL,GREATER ACCRA,GREATER ACCRA,TEMA WEST MUNICIPAL,Tema West Municipal,Greater Accra,Municipal,5.65076355,-0.0688760444019398,81595.0,60403.0,8.2,42.0,10773.0,76946.0,27080.0,27146.0,66160.0,67893.0,3606.0,4339.0,196224.0,42.53792306933901,5.490154109589041,39.21334801043705,54226.0,134053.0,7945.0,68.31631196999348,40.45116483778804,0.9744745408215869,196.224,Greater Accra,2.6,1.4,2.0,55.535714285714285,43.53333333333334,31.47142857142857,33.333333333333336,60.05,52.97,0.47,2.54,330000.0,13000.0,36.0,126.0,20009.0,46.0,12.0,90.0,192.0,2.66,41.1,25.03213501,0.14303604996582658,-0.8295487378184435,0.6118932612679674,-1.5937752791910451,1.2515743029325235,2.0,0.9208118736222883,138.81100892016008,8.120494985885111,69.62436225113535,98.0,42.24573493352494,3.7801503904973552,50.139729051541224,15.36271937046306,0.0,0.011158342715411012,3,0.486,0,Not Significant,0.1040041646547426,1,0.336,0,Not Significant,-0.01656423931688408,0.486,Not Significant,8.054965056435833,0.9035920440242566,2.7804130942758345,0.15189874969807393,-0.45752941607972986
182,182,GREATER ACCRA,ASHAIMAN MUNICIPAL,207,19293.1351425,18858265.7811,18858265.7810806,19293.1351425058,ASHAIMAN MUNICIPAL,GREATER ACCRA,GREATER ACCRA,ASHAIMAN MUNICIPAL,Ashaiman Municipal,Greater Accra,Municipal,5.6993574,-0.0348533202566188,90383.0,55066.0,7.5,43.3,23548.0,72971.0,31383.0,31228.0,68910.0,70025.0,3117.0,3397.0,208060.0,37.859318386513486,11.317889070460444,35.07209458809959,62611.0,138935.0,6514.0,66.77641065077381,45.06495843379998,0.9840771153159585,208.06,Greater Accra,2.6,1.4,2.0,55.535714285714285,43.53333333333334,31.47142857142857,33.333333333333336,60.05,52.97,0.47,2.54,330000.0,13000.0,36.0,126.0,20009.0,46.0,12.0,90.0,192.0,2.66,41.1,25.03213501,0.14303604996582658,-0.0815660465035446,0.30537577601655136,-1.1984393712679884,1.3657171688050778,2.0,0.9208118736222883,146.52703778643323,10.52904237445781,71.6085392850816,93.64852717635013,38.634716727324616,3.5680948700588573,47.57082957979148,22.43297730633073,0.0,0.004910327375220944,3,0.461,0,Not Significant,0.1040041646547426,1,0.334,0,Not Significant,-0.014741500643327429,0.486,Not Significant,8.094584829497327,0.9027013185227062,2.7577300131452422,0.1568371833532527,-0.4337254397765744
183,183,BONO EAST,PRU EAST,208,216409.269595,1697222574.88,1697222574.88349,216409.269595207,PRU EAST,BONO EAST,BONO EAST,PRU EAST,Pru East,Bono East,District,7.9636217,-0.9549861,32906.0,27206.0,30.3,41.2,44232.0,28477.0,20812.0,19916.0,28721.0,28766.0,1175.0,1450.0,100840.0,45.2588501463934,43.86354621182071,28.239785799286,40728.0,57487.0,2625.0,57.00813169377231,70.84732200323552,0.9984356532016965,100.84,Brong-Ahafo,3.8,1.3,2.55,55.40714285714286,26.266666666666666,21.057142857142857,33.333333333333336,69.25,41.26,0.47,2.54,330000.0,13000.0,36.0,126.0,20009.0,46.0,12.0,90.0,192.0,2.66,41.1,25.03213501,0.7907592352211705,-1.2898457786276114,-0.20032187028354861,1.009359542258493,-0.042862403812382814,1.0,-0.9137827753503625,102.62116570676223,16.21666192550451,68.26159743764633,90.82504392345392,26.268758803629712,2.6582692093364626,38.19974101914573,21.105034835061367,1.0,0.15130759150121634,1,0.284,0,Not Significant,-0.6597850178970011,4,0.04,1,High-Low,0.20779481362830715,0.284,Not Significant,8.060547467957837,0.9114431041867532,1.8505364868990573,0.24293326020133751,0.7894795268712169
184,184,GREATER ACCRA,KPONE KATAMANSO,209,106841.863859,243953249.462,243953249.461935,106841.863858999,KPONE KATAMANSO,GREATER ACCRA,,,KPONE KATAMANSO,GREATER ACCRA,,5.624192658333333,-0.23498286628694398,67464.0,53000.38888888889,13.344444444444443,43.34444444444444,18517.277777777777,71015.16666666667,26534.944444444445,26579.166666666668,55808.77777777778,58485.944444444445,2689.9444444444443,3479.722222222222,173578.5,44.993700934165375,12.344920186799994,40.636601097780456,53114.11111111111,114294.72222222222,6169.666666666667,65.98249284508076,46.14543527948846,0.9474146027276813,173.5785,,2.6,1.4,2.0,55.5357142857143,43.53333333333333,31.47142857142857,33.33333333333334,60.05,52.97,0.47,2.54,330000.0,13000.0,36.0,126.0,20009.0,46.0,12.0,90.0,192.0,2.66,41.1,25.03213501,0.14303604996582658,-0.05599398868081167,0.7172362366231387,-1.128768687619977,0.7107491115522266,1.8888888888888888,0.7169680237364382,144.0384651859599,12.35353247494442,67.95737985565589,92.37824944419664,39.42698900961371,3.3474906506070354,45.87963772048502,22.56093875901817,0.16666666666666666,0.0011239980084168128,3,0.449,0,Not Significant,0.10619289699055444,1,0.034,1,High-High,-0.08443709484381881,0.449,Not Significant,8.039519530789432,0.9076427430200832,2.7300921398670135,0.15351348107418966,-0.49319758469041175
185,185,NORTHERN,SAVELUGU,210,308935.919897,1603741896.22,1603741896.22179,308935.91989747,SAVELUGU,NORTHERN,,,SAVELUGU,NORTHERN,,9.373536909090909,-0.2253629781244969,24865.272727272728,30806.272727272728,47.32727272727273,44.663636363636364,54787.90909090909,40993.454545454544,24114.272727272728,22845.090909090908,25133.0,27125.090909090908,1518.1818181818182,1895.2727272727273,102630.90909090909,54.90052010179384,53.81589280795561,40.26299663095476,46959.36363636364,52258.09090909091,3413.4545454545455,50.717552248660915,90.8562441098883,0.9240810152540249,102.6309090909091,,0.7,0.8,0.75,35.45,19.2,15.114285714285716,33.333333333333336,30.55,38.71,0.47,2.54,330000.0,13000.0,36.0,126.0,20009.0,46.0,12.0,90.0,192.0,2.66,41.1,25.03213501,-1.329062098341774,0.7030311821484498,0.6895836662606438,1.6844966244980084,-0.08000188474764794,1.0909090909090908,-0.7470014436255762,95.51841001423045,9.684657481160727,53.16703835104302,84.96003306783635,25.069892446248392,1.8733801613503849,34.36916470198193,30.744014448432328,0.09090909090909091,0.10857553501819144,3,0.336,0,Not Significant,0.30112705553803476,3,0.3,0,Not Significant,-0.2058318619712616,0.336,Not Significant,7.844889633382433,0.8127830308037008,1.271589902427921,0.20787710884142366,-0.4680579141219202
186,186,NORTHERN,TAMALE METROPOLITAN,211,173011.179234,669085970.877,669085970.876808,173011.179234122,TAMALE METROPOLITAN,NORTHERN,,,TAMALE METROPOLITAN,NORTHERN,,9.373536909090909,-0.2253629781244969,24865.272727272728,30806.272727272728,47.32727272727273,44.663636363636364,54787.90909090909,40993.454545454544,24114.272727272728,22845.090909090908,25133.0,27125.090909090908,1518.1818181818182,1895.2727272727273,102630.90909090909,54.90052010179384,53.81589280795561,40.26299663095476,46959.36363636364,52258.09090909091,3413.4545454545455,50.717552248660915,90.8562441098883,0.9240810152540249,102.6309090909091,,0.7,0.8,0.75,35.45,19.2,15.114285714285716,33.333333333333336,30.55,38.71,0.47,2.54,330000.0,13000.0,36.0,126.0,20009.0,46.0,12.0,90.0,192.0,2.66,41.1,25.03213501,-1.329062098341774,0.7030311821484498,0.6895836662606438,1.6844966244980084,-0.08000188474764794,1.0909090909090908,-0.7470014436255762,95.51841001423045,9.684657481160727,53.16703835104302,84.96003306783635,25.069892446248392,1.8733801613503849,34.36916470198193,30.744014448432328,0.09090909090909091,-0.09483797896384194,2,0.316,0,Not Significant,0.6831733852924495,3,0.104,0,Not Significant,0.1759454691090139,0.316,Not Significant,7.787429451669417,0.8228999709015676,1.5164331264514832,0.21051448799359185,-0.06585013144496193
187,187,NORTHERN,SAGNERIGU,212,81848.570496,207408385.36,207408385.35997,81848.5704959612,SAGNERIGU,NORTHERN,,,SAGNERIGU,NORTHERN,,9.373536909090909,-0.2253629781244969,24865.272727272728,30806.272727272728,47.32727272727273,44.663636363636364,54787.90909090909,40993.454545454544,24114.272727272728,22845.090909090908,25133.0,27125.090909090908,1518.1818181818182,1895.2727272727273,102630.90909090909,54.90052010179384,53.81589280795561,40.26299663095476,46959.36363636364,52258.09090909091,3413.4545454545455,50.717552248660915,90.8562441098883,0.9240810152540249,102.6309090909091,,0.7,0.8,0.75,35.45,19.2,15.114285714285716,33.333333333333336,30.55,38.71,0.47,2.54,330000.0,13000.0,36.0,126.0,20009.0,46.0,12.0,90.0,192.0,2.66,41.1,25.03213501,-1.329062098341774,0.7030311821484498,0.6895836662606438,1.6844966244980084,-0.08000188474764794,1.0909090909090908,-0.7470014436255762,95.51841001423045,9.684657481160727,53.16703835104302,84.96003306783635,25.069892446248392,1.8733801613503849,34.36916470198193,30.744014448432328,0.09090909090909091,0.0594842990694835,3,0.418,0,Not Significant,0.4443789502113458,3,0.22,0,Not Significant,-0.11369481230805605,0.418,Not Significant,7.7761752551256675,0.8185160424107137,1.4567014527219588,0.2102442020265176,-0.07893123721245687
188,188,NORTHERN,KARAGA,213,459891.279724,3237675465.94,3237675465.94323,459891.279723712,KARAGA,NORTHERN,NORTHERN,KARAGA,Karaga,Northern,District,9.9267799,-0.4316607,25654.0,34057.0,50.5,46.5,69495.0,50110.0,28047.0,26467.0,25893.0,30391.0,1737.0,1690.0,114225.0,57.036391954581234,60.84044648719632,43.8695557014664,54514.0,56284.0,3427.0,49.274677172247756,96.85523416956862,0.8519956566088644,114.225,Northern (pre 2022),0.7,0.8,0.75,35.45,19.2,15.114285714285714,33.333333333333336,30.55,38.71,0.47,2.54,330000.0,13000.0,36.0,126.0,20009.0,46.0,12.0,90.0,192.0,2.66,41.1,25.03213501,-1.329062098341774,1.7596221167331354,0.9565254116609887,2.1610210932980833,0.19897894955746218,1.0,-0.9137827753503625,110.19491464987725,14.870017064221594,47.917519287577015,75.64358769424217,21.86933711693574,1.1619105322927326,34.01480435128866,38.17241297017213,0.0,-0.15414563878468376,4,0.231,0,Not Significant,0.6821782421745753,3,0.104,0,Not Significant,-0.3216124435971302,0.231,Not Significant,7.642508602034901,0.8187341808696463,1.3029197650183661,0.20536092200234285,-0.6203767935563993
189,189,SAVANNAH,NORTH EAST GONJA,214,711291.057335,6273451378.64,6273451378.63918,711291.057334947,NORTH EAST GONJA,SAVANNAH,SAVANNAH,NORTH EAST GONJA,North East Gonja,Savannah,District,8.98787705,-0.403868101269744,8662.0,12137.0,60.4,45.6,23615.0,23207.0,9616.0,8989.0,9775.0,9966.0,526.0,532.0,39404.0,58.35376700802924,59.93046391229316,58.895036036950565,18605.0,19741.0,1058.0,50.09897472337834,94.24547895243403,0.9808348384507325,39.404,Northern (pre 2022),0.7,0.8,0.75,35.45,19.2,15.114285714285714,33.333333333333336,30.55,38.71,0.47,2.54,330000.0,13000.0,36.0,126.0,20009.0,46.0,12.0,90.0,192.0,2.66,41.1,25.03213501,-1.329062098341774,1.2417879458228205,2.0686458200101274,2.0992906285705475,-1.8534327892998492,1.0,-0.9137827753503625,80.46661665139317,16.32660949838496,41.02653844080669,80.33362795275046,21.77298121028078,1.9576559736046888,31.61704248117398,29.974698336351686,1.0,-0.2561822265497395,4,0.125,0,Not Significant,1.451479732988754,3,0.001,1,Low-Low,-0.334326154418244,0.125,Not Significant,7.893494133370466,0.8868195393075726,1.777151259201148,0.2066788280742864,-0.07809538767926547
190,190,VOLTA,SOUTH DAYI,215,118497.669404,365444353.719,365444353.718647,118497.669403576,SOUTH DAYI,VOLTA,VOLTA,SOUTH DAYI,South Dayi,Volta,District,6.5449087,0.240546020283373,16500.0,21760.0,29.0,44.3,12238.0,12038.0,9829.0,9429.0,17376.0,17233.0,1509.0,2142.0,57518.0,56.87401986408782,21.276817691852983,20.92910045550958,19258.0,34609.0,3651.0,60.17072916304461,55.64448553844375,1.0082980328439621,57.518,Volta (pre 2022),1.2,0.3,0.75,53.15714285714286,41.46666666666667,29.342857142857145,33.333333333333336,34.4,45.56,0.47,2.54,330000.0,13000.0,36.0,126.0,20009.0,46.0,12.0,90.0,192.0,2.66,41.1,25.03213501,-1.329062098341774,0.4938052545079174,-0.7414268591624757,-0.5228557843489243,-1.1279983178573711,1.0,-0.9137827753503625,53.2351177370395,5.0,54.752987840582556,86.555928495123,31.513851394543224,2.1352825227012837,32.71907405055315,30.036066102725684,0.0,2.089367681594229,3,0.01,1,Low-Low,2.2971867250452487,3,0.005,1,Low-Low,-1.4569123093342613,0.001,Not Significant,5.439731030569607,0.9628356279201417,-0.18430033325818157,0.1805814679254024,-0.43713458164622626
191,191,UPPER EAST,TEMPANE,216,109701.955028,402652435.557,402652435.55715,109701.955028125,TEMPANE,UPPER EAST,UPPER EAST,TEMPANE,Tempane,Upper East,District,10.9030714,-0.0914351270233069,16027.0,35236.0,50.7,48.1,47667.0,15911.0,18264.0,17466.0,20421.0,24065.0,2583.0,4194.0,86993.0,68.73573532567349,54.79406389019806,18.289977354499786,35730.0,44486.0,6777.0,51.137447840630855,80.31740322798183,0.848576771244546,86.993,Upper East,0.8,2.2,1.5,52.128571428571426,38.05,20.716666666666665,33.333333333333336,39.25,39.74,0.47,2.54,330000.0,13000.0,36.0,126.0,20009.0,46.0,12.0,90.0,192.0,2.66,41.1,25.03213501,-0.4458032093572136,2.6802161983514754,-0.9367632208125796,1.7508527912589917,-0.32908679556698733,1.0,-0.9137827753503625,167.78417595520563,15.626837503709377,48.81909070908077,70.41258227527015,20.438172573012,0.7516015967996554,26.0917135814473,46.69388440563063,0.0,-0.012552731306089231,4,0.494,0,Not Significant,-0.3694327749106255,2,0.066,0,Not Significant,-0.017723537370260136,0.494,Not Significant,7.6899880011173565,0.8248918611477143,1.2156682580605382,0.20425936745952392,-0.8369526613153477
192,192,UPPER EAST,BOLGA  EAST,217,47713.6792753,74937708.1017,74937708.101799,47713.6792753403,BOLGA  EAST,UPPER EAST,,,BOLGA  EAST,UPPER EAST,,10.854271837499981,-0.5820401901139932,18553.0,38317.166666666664,47.40833333333334,47.458333333333336,41836.333333333336,12869.083333333334,18103.666666666668,17187.5,24398.333333333332,26712.916666666668,2117.75,3641.1666666666665,92161.33333333333,68.74532378286425,46.63186102650216,15.066165625801732,35291.166666666664,51111.25,5758.916666666667,55.307738793855115,69.74406097312222,0.9218911733337375,92.16133333333335,,0.8,2.2,1.5,52.12857142857141,38.05,20.716666666666665,33.33333333333333,39.25,39.74,0.47,2.54,330000.0,13000.0,36.0,126.0,20009.0,46.0,12.0,90.0,192.0,2.66,41.1,25.03213501,-0.44580320935721374,2.311019613535786,-1.1753756801889004,1.1971536437451002,-0.34455359570785443,1.1666666666666667,-0.6080170005215875,157.38734438951965,14.279432474725233,52.83442751360704,77.40664019220861,26.789891289181824,1.477891489773608,30.83278525040626,39.38790920687923,0.25,0.2338559231032478,1,0.079,0,Not Significant,-0.6905251837987127,2,0.001,1,Low-High,0.6479929516650137,0.079,Not Significant,7.922959586329652,0.8195471736277067,1.1549940079421053,0.20803834522688347,-0.7552805380952881
193,193,NORTHERN EAST,YUNYOO-NASUAN,218,109926.528533,507741496.342,507741496.342342,109926.528532769,YUNYOO-NASUAN,NORTHERN EAST,,,YUNYOO-NASUAN,NORTHERN EAST,,10.337121987499975,-0.5026164675557578,21975.5,35831.0,44.525,44.475,50897.5,27830.25,23262.25,22446.5,26045.25,28102.25,1443.25,2215.75,103515.25,59.161322553367626,50.13677967269878,31.475742253001044,45708.75,54147.5,3659.0,52.2743475582883,85.02691845034963,0.9337203842176823,103.51525,,0.7,0.8,0.75,35.45,19.2,15.114285714285714,33.333333333333336,30.55,38.71,0.47,2.54,330000.0,13000.0,36.0,126.0,20009.0,46.0,12.0,90.0,192.0,2.66,41.1,25.03213501,-1.329062098341774,0.5944952321849246,0.03918948857842042,1.4349167205654996,-0.1266836241721675,1.25,-0.45513411310719976,97.95036834219786,10.298149841257697,58.78335443054871,85.28659844551746,27.35203524965041,2.0462808129107874,37.53780794278279,30.898409806107125,0.0,0.3245262072898712,3,0.085,0,Not Significant,0.6995824131193011,3,0.18,0,Not Significant,-0.786454486769524,0.085,Not Significant,7.532345896051516,0.8265005699359053,1.2793759257098527,0.20251371893082054,-0.7847951483034437
194,194,NORTHERN,NANTON,219,124524.544264,493373528.938,493373528.937763,124524.544263532,NANTON,NORTHERN,NORTHERN,NANTON,Nanton,Northern,District,9.5584827,-0.710728600167338,12168.0,15048.0,39.9,45.3,27942.0,19692.0,12316.0,11235.0,12111.0,13374.0,830.0,901.0,50767.0,55.29100529100529,55.03969113794393,38.78897709141766,23551.0,25485.0,1731.0,50.19993302736029,92.41122228762016,0.9055630327501122,50.767,Northern (pre 2022),0.7,0.8,0.75,35.45,19.2,15.114285714285714,33.333333333333336,30.55,38.71,0.47,2.54,330000.0,13000.0,36.0,126.0,20009.0,46.0,12.0,90.0,192.0,2.66,41.1,25.03213501,-1.329062098341774,1.0691765555193793,0.5804831799119132,1.767515400600398,-1.3680725957160342,1.0,-0.9137827753503625,104.43801317685497,12.627657233171403,51.7989755458967,82.2582372783024,22.989845634538877,1.581417379729313,31.803414115671135,33.82226252873115,0.0,-0.009901098342975204,4,0.315,0,Not Significant,0.9066574687985942,3,0.07,0,Not Significant,-0.24695587431772034,0.315,Not Significant,7.705568293776867,0.821783677663002,1.4350509777748872,0.20810075720325605,-0.2730974359556495
195,195,CENTRAL,ASSIN FOSU,225,95147.6114294,283546236.825,283546236.825394,95147.6114293677,ASSIN FOSU,CENTRAL,,,ASSIN FOSU,CENTRAL,,5.530626336363632,-1.1449043731652988,39064.09090909091,38146.818181818184,24.518181818181816,43.67272727272728,26027.18181818182,50993.90909090909,21178.090909090908,20635.0,34953.63636363636,36926.72727272727,2112.5454545454545,3218.0,119024.0,49.136172448175465,23.78469259020306,43.64378727187751,41813.09090909091,71880.36363636363,5330.545454545455,59.91984740183338,59.18865605254901,0.9465626308689931,119.024,,1.7,0.3,1.0,51.407142857142865,34.83333333333333,24.157142857142855,33.33333333333333,49.8,38.0,0.47,2.54,330000.0,13000.0,36.0,126.0,20009.0,46.0,12.0,90.0,192.0,2.66,41.1,25.03213501,-1.0346424686802538,0.1328905293280026,0.9398150188814784,-0.3527291388248077,0.09293751836036196,1.2727272727272727,-0.4134387801760031,89.14599386570036,7.0792473964983795,57.70717016102228,89.33536465091099,32.71134643203909,2.3377419041823067,38.546540685125365,26.953310958683257,0.0,1.2933557637120572,3,0.002,1,Low-Low,1.6433106858394593,3,0.002,1,Low-Low,-1.2496080531550795,0.002,Not Significant,7.005813476636692,0.9826085660411736,1.2602911880999819,0.14007434346710168,-0.25971237586381024
196,196,CENTRAL,GOMOA CENTRAL,226,61831.3278658,123403587.216,123403587.215515,61831.3278657805,GOMOA CENTRAL,CENTRAL,CENTRAL,GOMOA CENTRAL,Gomoa Central,Central,District,5.4769937,-0.589745989100534,28310.0,24080.0,18.8,44.1,17534.0,37766.0,15233.0,14969.0,21856.0,26134.0,1504.0,2896.0,82592.0,45.96297003244894,21.229659046881054,45.725978302983336,30202.0,47990.0,4400.0,58.10490120108484,62.933944571785794,0.8363051962960129,82.592,Central,1.7,0.3,1.0,51.40714285714286,34.833333333333336,24.157142857142855,33.333333333333336,49.8,38.0,0.47,2.54,330000.0,13000.0,36.0,126.0,20009.0,46.0,12.0,90.0,192.0,2.66,41.1,25.03213501,-1.0346424686802538,0.37873099430562746,1.0939297019446015,-0.526054884145256,-0.42957566115471174,1.0,-0.9137827753503625,81.40893211958515,5.241581068359217,46.44174520464489,87.7193605147449,31.913891704974613,1.9073489100158454,35.13270299814528,30.94324051046074,0.0,1.6789551691010345,3,0.01,1,Low-Low,0.2904513870990115,3,0.305,0,Not Significant,-1.2105701094025416,0.01,Not Significant,7.3020940753100625,0.9457694556824074,1.8755369958954824,0.13315736957657404,-0.6681720965844797
197,197,BONO EAST,PRU WEST,227,222454.101899,1611096260.45,1611096260.45158,222454.101899153,PRU WEST,BONO EAST,BONO EAST,PRU WEST,Pru West,Bono East,District,8.03487795,-1.31329234137589,23430.0,18389.0,38.3,40.8,33051.0,28780.0,14399.0,13602.0,20066.0,19335.0,1124.0,1294.0,69820.0,43.97283531409168,47.33743912918935,41.2202807218562,28001.0,39401.0,2418.0,56.43225436837582,71.06672419481738,1.0378070855960693,69.82,Brong-Ahafo,3.8,1.3,2.55,55.40714285714286,26.266666666666666,21.057142857142857,33.333333333333336,69.25,41.26,0.47,2.54,330000.0,13000.0,36.0,126.0,20009.0,46.0,12.0,90.0,192.0,2.66,41.1,25.03213501,0.7907592352211705,-1.5199942990321995,0.7604376523102778,1.245017927503599,-0.7543052468864206,1.0,-0.9137827753503625,100.50845446063073,17.58121149372679,58.82362337948152,91.46920729080342,26.378014195780533,2.110591840843099,42.237207880156745,19.99678592247942,1.0,0.1536150729862,1,0.324,0,Not Significant,-0.22597788103770472,4,0.241,0,Not Significant,0.15705192678613805,0.324,Not Significant,8.484073705177805,0.8453976230824443,1.8263491193093997,0.25074879606094763,0.7741002113820843
198,198,BONO,BEREKUM WEST,228,121387.378381,410860354.409,410860354.409348,121387.378381172,BEREKUM WEST,BONO,BONO,BEREKUM WEST,Berekum West,Bono,District,7.4719942,-2.71078914019081,16162.0,16585.0,14.8,41.6,11329.0,6176.0,8505.0,8212.0,14064.0,15958.0,1024.0,1701.0,49464.0,50.64586068952881,22.903525796538897,12.485848293708555,16717.0,30022.0,2725.0,60.694646611677186,55.6824995003664,0.8813134478004763,49.464,Brong-Ahafo,3.8,1.3,2.55,55.40714285714286,26.266666666666666,21.057142857142857,33.333333333333336,69.25,41.26,0.47,2.54,330000.0,13000.0,36.0,126.0,20009.0,46.0,12.0,90.0,192.0,2.66,41.1,25.03213501,0.7907592352211705,-1.0596972582230275,-1.3663594957452607,-0.4125048281352875,-1.4179996513698487,1.0,-0.9137827753503625,91.49278465294236,12.39466873005206,67.57725995605783,91.3933860446807,30.754283556120583,2.137634067536122,37.292813022376535,19.108120660494052,0.0,-0.0006445608894785456,2,0.417,0,Not Significant,0.08344916081343468,1,0.426,0,Not Significant,0.12140667241500726,0.417,Not Significant,7.739505050792354,0.6188884000975813,1.2173471335986776,0.11446375871120223,-0.4814521834296499
199,199,ASHANTI,AHAFO ANO SOUTH WEST,229,173683.924419,515344867.564,515344867.564865,173683.924419028,AHAFO ANO SOUTH WEST,ASHANTI,ASHANTI,AHAFO ANO SOUTH WEST,Ahafo Ano South West,Ashanti,District,6.8289788,-2.00038660056909,22860.0,18251.0,31.9,41.8,20670.0,24676.0,12766.0,11893.0,19422.0,18720.0,1453.0,1516.0,65770.0,44.394444309308945,31.427702599969592,37.518625513151896,24659.0,38142.0,2969.0,57.993005929755206,64.6505164910073,1.0375,65.77,Ashanti,2.5,1.3,1.9,56.864285714285714,29.033333333333335,22.928571428571427,33.31666666666666,72.35,43.31,0.47,2.54,330000.0,13000.0,36.0,126.0,20009.0,46.0,12.0,90.0,192.0,2.66,41.1,25.03213501,0.02526819810121843,-0.9446229980207376,0.48645730623442013,0.16574953629741493,-0.8696357691306315,1.0,-0.9137827753503625,61.606569224378376,9.048573308374525,60.65661824762876,90.9184782044619,31.509744994891694,2.0904582386940747,36.83066746793128,22.79329332306954,0.0,0.10034359908194888,3,0.383,0,Not Significant,-0.0030252145882604725,4,0.385,0,Not Significant,-0.1553909039473033,0.383,Not Significant,7.120967704934073,0.5086651983766582,1.4328590784209538,0.11445549247036499,-0.29297297256374377
200,200,ASHANTI,AMANSIE SOUTH,230,193323.065281,604330453.95,604330453.950348,193323.06528122,AMANSIE SOUTH,ASHANTI,ASHANTI,AMANSIE SOUTH,Amansie South,Ashanti,District,6.30802585,-2.01186652006877,41010.0,34389.0,30.3,44.4,34142.0,54471.0,19293.0,18463.0,38951.0,33050.0,1531.0,1867.0,113155.0,45.609358214299924,30.172771861605764,48.13839423799213,37756.0,72001.0,3398.0,63.63041845256506,52.43816058110304,1.1785476550680787,113.155,Ashanti,2.5,1.3,1.9,56.864285714285714,29.033333333333335,22.928571428571427,33.31666666666666,72.35,43.31,0.47,2.54,330000.0,13000.0,36.0,126.0,20009.0,46.0,12.0,90.0,192.0,2.66,41.1,25.03213501,0.02526819810121843,0.5513423846090644,1.2724861896472957,0.08061883180198726,0.18070712111498208,1.0,-0.9137827753503625,118.51362393581333,14.995432022809954,53.868252352420356,85.1425505539999,30.963076491155938,1.869509615208337,31.931632556113836,30.715885061378643,0.0,-0.05154462675591705,4,0.445,0,Not Significant,-0.012437878872198388,4,0.137,0,Not Significant,-0.1009624348699651,0.445,Not Significant,7.29009046858381,0.7796346213730354,1.3839465871113543,0.11628021237381908,-0.38929322702802294
201,201,ASHANTI,ATWIMA NWABIAGYA NORTH,231,95314.523385,217485844.596,217485844.596024,95314.5233850047,ATWIMA NWABIAGYA NORTH,ASHANTI,ASHANTI,ATWIMA NWABIAGYA NORTH,Atwima Nwabiagya North,Ashanti,District,6.87764335,-1.74489585317473,48562.0,50393.0,13.5,43.1,24396.0,33196.0,28123.0,27947.0,46519.0,47225.0,2235.0,2976.0,155025.0,50.92516800565914,15.73681664247702,21.413320432188357,56070.0,93744.0,5211.0,60.47024673439768,59.81182795698925,0.9850502911593436,155.025,Ashanti,2.5,1.3,1.9,56.864285714285714,29.033333333333335,22.928571428571427,33.31666666666666,72.35,43.31,0.47,2.54,330000.0,13000.0,36.0,126.0,20009.0,46.0,12.0,90.0,192.0,2.66,41.1,25.03213501,0.02526819810121843,-0.19664030670583454,-0.7055870120380504,-0.8986726942555898,0.7926540775230099,1.0,-0.9137827753503625,117.17106331746402,8.597255166312072,60.6831058347065,91.81248127749282,33.05056141149341,2.2941160382002,30.364523301026118,24.403008139008957,0.0,0.48657314652525985,3,0.074,0,Not Significant,0.000952404071809376,1,0.459,0,Not Significant,-0.6567946079980599,0.074,Not Significant,7.568656583130221,0.548715931176504,1.5120002257450373,0.1451596382875199,-0.19829394340598377
202,202,ASHANTI,ADANSI AKROFUOM,232,140976.049258,578526042.843,578526042.842712,140976.049258214,ADANSI AKROFUOM,ASHANTI,,,ADANSI AKROFUOM,ASHANTI,,6.648968471212119,-1.5710996271278177,40225.78787878788,39177.72727272727,21.233333333333334,42.8939393939394,23077.303030303032,34405.63636363636,21558.636363636364,20916.666666666668,36505.0,37998.333333333336,2047.090909090909,2853.090909090909,121878.81818181818,48.779394994473165,20.971243347428945,30.35424582408351,42475.30303030303,74503.33333333333,4900.181818181818,60.40712501501989,58.91849355140668,0.9662006900935022,121.87881818181818,,2.5,1.3,1.9,56.86428571428571,29.033333333333335,22.928571428571427,33.316666666666656,72.35,43.31,0.47,2.54,330000.0,13000.0,36.0,126.0,20009.0,46.0,12.0,90.0,192.0,2.66,41.1,25.03213501,0.025268198101218428,-0.3152016657021368,-0.04381877729008543,-0.5435850233589301,0.12715045788525137,1.4242424242424243,-0.13546989396802583,115.5257832149487,10.538249727084729,65.48132841962365,90.77941777709772,34.71769297793984,2.64667986240882,40.68058247570054,23.965784469313288,0.030303030303030304,0.21110231179186953,3,0.06,0,Not Significant,-0.016454692633349626,4,0.046,1,High-Low,-0.5769957857498069,0.06,Not Significant,6.916364482217841,0.9417101063361047,1.3303999996243399,0.1133005042643353,-0.5229439478669096
203,203,ASHANTI,ADANSI NORTH,233,94916.0094075,262778551.155,262778551.155136,94916.0094074837,ADANSI NORTH,ASHANTI,ASHANTI,ADANSI NORTH,Adansi North,Ashanti,District,6.3006124,-1.5897139446089,17411.0,18501.0,19.7,42.8,9833.0,14965.0,9247.0,8996.0,16537.0,16948.0,998.0,1429.0,54155.0,51.51759857429271,18.157141538177456,27.63364416951343,18243.0,33485.0,2427.0,61.83177915243283,54.48111094519934,0.975749350955865,54.155,Ashanti,2.5,1.3,1.9,56.864285714285714,29.033333333333335,22.928571428571427,33.31666666666666,72.35,43.31,0.47,2.54,330000.0,13000.0,36.0,126.0,20009.0,46.0,12.0,90.0,192.0,2.66,41.1,25.03213501,0.02526819810121843,-0.36925169700927557,-0.24518582549622306,-0.7344851760285366,-1.2439152638744364,1.0,-0.9137827753503625,99.05520654033396,8.756291557654905,56.89947308381073,90.02451311938378,32.65659816022564,2.317790798625955,34.01189482967884,24.702350101723837,0.0,0.23220919690663458,3,0.232,0,Not Significant,-0.007532997791493084,4,0.235,0,Not Significant,-0.32833564123520076,0.232,Not Significant,6.894471545535041,0.8851511721227776,1.4161942901474993,0.11754755983984455,-0.4062369299691355
204,204,ASHANTI,OBUASI EAST,79,40447.6957576,76395198.6199,76395198.6198807,40447.6957576492,OBUASI EAST,ASHANTI,ASHANTI,OBUASI EAST,Obuasi East,Ashanti,Municipal,6.1796409,-1.60356394182495,29615.0,31180.0,13.1,42.7,14306.0,16076.0,15730.0,15876.0,27879.0,29934.0,1318.0,1664.0,92401.0,51.28711242700879,15.482516422982433,17.398080107358147,31606.0,57813.0,2982.0,62.56750468068527,54.66936502170792,0.9313489677290038,92.401,Ashanti,2.5,1.3,1.9,56.864285714285714,29.033333333333335,22.928571428571427,33.31666666666666,72.35,43.31,0.47,2.54,330000.0,13000.0,36.0,126.0,20009.0,46.0,12.0,90.0,192.0,2.66,41.1,25.03213501,0.02526819810121843,-0.42678882711041854,-1.0027775583611882,-0.9159236517603375,-0.2122732735966514,2.0,0.9208118736222883,108.18106939484616,9.3309207641463,76.8276114346941,92.91772557900742,39.04916970779997,3.6120737809802264,46.306853709764475,22.74443573933735,0.0,0.27598481039108586,3,0.203,0,Not Significant,-0.005604378689443558,4,0.326,0,Not Significant,-0.46109096877499584,0.203,Not Significant,6.890683627691066,0.9077135331347221,1.3918837168229108,0.11481948471576173,-0.45580408441913534
205,205,ASHANTI,AFIGYA KWABRE NORTH,235,91232.6003654,190539612.358,190539612.357735,91232.6003654242,AFIGYA KWABRE NORTH,ASHANTI,ASHANTI,AFIGYA KWABRE NORTH,Afigya Kwabre North,Ashanti,District,7.03891495,-1.62667127242319,21350.0,22931.0,25.2,43.7,17584.0,22087.0,15067.0,13982.0,20273.0,21082.0,1268.0,1658.0,73330.0,51.785190036358706,23.979271785081142,30.120005454793397,29049.0,41355.0,2926.0,56.395745261148235,70.24301777294161,0.9616260316857983,73.33,Ashanti,2.5,1.3,1.9,56.864285714285714,29.033333333333335,22.928571428571427,33.31666666666666,72.35,43.31,0.47,2.54,330000.0,13000.0,36.0,126.0,20009.0,46.0,12.0,90.0,192.0,2.66,41.1,25.03213501,0.02526819810121843,0.14858247390104345,-0.06115622603251018,-0.3395294749439777,-0.659566992030519,1.0,-0.9137827753503625,115.59579667586168,14.774005287011162,50.54537008274608,87.47905828993086,31.201471521744956,1.886469561518073,35.10027296159973,26.228943290914984,0.0,-0.28610681533219073,4,0.117,0,Not Significant,0.0024404858630703886,1,0.436,0,Not Significant,-0.6230662463773304,0.117,Not Significant,7.947513059468433,0.5761143796487908,1.5109921264213209,0.16750378352534404,-0.1579121148182189
206,206,ASHANTI,KUMASI METROPOLITAN,236,21590.6438208,22068192.9028,22068192.9028625,21590.6438207745,KUMASI METROPOLITAN,ASHANTI,,,KUMASI METROPOLITAN,ASHANTI,,6.648968471212119,-1.5710996271278177,40225.78787878788,39177.72727272727,21.233333333333334,42.8939393939394,23077.303030303032,34405.63636363636,21558.636363636364,20916.666666666668,36505.0,37998.333333333336,2047.090909090909,2853.090909090909,121878.81818181818,48.779394994473165,20.971243347428945,30.35424582408351,42475.30303030303,74503.33333333333,4900.181818181818,60.40712501501989,58.91849355140668,0.9662006900935022,121.87881818181818,,2.5,1.3,1.9,56.86428571428571,29.033333333333335,22.928571428571427,33.316666666666656,72.35,43.31,0.47,2.54,330000.0,13000.0,36.0,126.0,20009.0,46.0,12.0,90.0,192.0,2.66,41.1,25.03213501,0.025268198101218428,-0.3152016657021368,-0.04381877729008543,-0.5435850233589301,0.12715045788525137,1.4242424242424243,-0.13546989396802583,115.5257832149487,10.538249727084729,65.48132841962365,90.77941777709772,34.71769297793984,2.64667986240882,40.68058247570054,23.965784469313288,0.030303030303030304,0.19133476617348463,3,0.104,0,Not Significant,0.009533852287670164,1,0.175,0,Not Significant,-0.5230982637789149,0.104,Not Significant,7.2298718755599705,0.6529361160693995,1.453966647742944,0.13265338408782557,-0.26079760253574563
207,207,ASHANTI,OFORIKROM MUNICIPAL,237,37951.4324367,46286620.7902,46286620.7902832,37951.4324366522,OFORIKROM MUNICIPAL,ASHANTI,ASHANTI,OFORIKROM MUNICIPAL,Oforikrom Municipal,Ashanti,Municipal,6.672717,-1.5504236985326,64286.0,95659.0,10.0,42.8,21529.0,49047.0,26682.0,26499.0,77870.0,75115.0,2874.0,4086.0,213126.0,59.80743380537059,10.1015361804754,23.013147152388726,53181.0,152985.0,6960.0,71.78148137721348,34.76223159133248,1.0366770951208149,213.126,Ashanti,2.5,1.3,1.9,56.864285714285714,29.033333333333335,22.928571428571427,33.31666666666666,72.35,43.31,0.47,2.54,330000.0,13000.0,36.0,126.0,20009.0,46.0,12.0,90.0,192.0,2.66,41.1,25.03213501,0.02526819810121843,-0.36925169700927557,-0.587174827826186,-1.280953071246748,1.4126098721483598,2.0,0.9208118736222883,147.1787131555223,9.62728789380815,75.25735865665806,92.90293484470165,41.70285666927819,2.996640781020222,50.981983249700676,18.241508043656363,0.0,0.21640451368666588,3,0.207,0,Not Significant,0.004976728601197355,1,0.324,0,Not Significant,-0.3999255103426316,0.207,Not Significant,7.061702750296094,0.7052319519504716,1.4178088093995225,0.13038746766351117,-0.28178605965274767
208,208,ASHANTI,ASOKWA  MUNICIPAL,238,25717.1362829,27251631.7101,27251631.7101517,25717.1362829418,ASOKWA  MUNICIPAL,ASHANTI,,,ASOKWA  MUNICIPAL,ASHANTI,,6.648968471212119,-1.5710996271278177,40225.78787878788,39177.72727272727,21.233333333333334,42.8939393939394,23077.303030303032,34405.63636363636,21558.636363636364,20916.666666666668,36505.0,37998.333333333336,2047.090909090909,2853.090909090909,121878.81818181818,48.779394994473165,20.971243347428945,30.35424582408351,42475.30303030303,74503.33333333333,4900.181818181818,60.40712501501989,58.91849355140668,0.9662006900935022,121.87881818181818,,2.5,1.3,1.9,56.86428571428571,29.033333333333335,22.928571428571427,33.316666666666656,72.35,43.31,0.47,2.54,330000.0,13000.0,36.0,126.0,20009.0,46.0,12.0,90.0,192.0,2.66,41.1,25.03213501,0.025268198101218428,-0.3152016657021368,-0.04381877729008543,-0.5435850233589301,0.12715045788525137,1.4242424242424243,-0.13546989396802583,115.5257832149487,10.538249727084729,65.48132841962365,90.77941777709772,34.71769297793984,2.64667986240882,40.68058247570054,23.965784469313288,0.030303030303030304,0.17855219369180786,3,0.185,0,Not Significant,0.0034777206659977146,1,0.403,0,Not Significant,-0.4882457335520497,0.185,Not Significant,7.104526160934967,0.6959104767403993,1.4406161977538647,0.12973836471727435,-0.2779297044550755
209,209,ASHANTI,OLD TAFO MUNICIPAL,239,29569.0955762,29711520.2128,29711520.2126999,29569.0955761607,OLD TAFO MUNICIPAL,ASHANTI,ASHANTI,OLD TAFO MUNICIPAL,Old Tafo Municipal,Ashanti,Municipal,6.74083555,-1.60465968075918,42408.0,35138.0,9.2,42.9,13412.0,28189.0,18483.0,18339.0,34972.0,38512.0,1631.0,2431.0,114368.0,45.31245970133856,11.7270565193061,24.64762870733072,36822.0,73484.0,4062.0,64.25223838836038,50.10886723640521,0.9080805982550894,114.368,Ashanti,2.5,1.3,1.9,56.864285714285714,29.033333333333335,22.928571428571427,33.31666666666666,72.35,43.31,0.47,2.54,330000.0,13000.0,36.0,126.0,20009.0,46.0,12.0,90.0,192.0,2.66,41.1,25.03213501,0.02526819810121843,-0.3117145669081286,-0.46619764415316534,-1.1706826894751414,0.20140802276159522,2.0,0.9208118736222883,133.6349572784012,9.904643979684874,80.59471408878738,98.0,42.57252913764492,3.6770278512181243,48.206173488690176,19.889497978683323,0.0,0.3361203399494395,3,0.066,0,Not Significant,0.012691918157658851,1,0.107,0,Not Significant,-0.6878071332125427,0.066,Not Significant,7.2980117454239934,0.6312525140863255,1.4485061084692155,0.13602742364486015,-0.25262989215019055
210,210,ASHANTI,SUAME MUNICIPAL,240,29470.1490554,28027769.0381,28027769.038063,29470.1490553625,SUAME MUNICIPAL,ASHANTI,ASHANTI,SUAME MUNICIPAL,Suame Municipal,Ashanti,Municipal,6.738487,-1.62476687694823,52028.0,40036.0,8.7,42.7,14098.0,32285.0,21799.0,22427.0,41237.0,46222.0,1842.0,2763.0,136290.0,43.48713938129997,10.344119157678481,23.688458434221147,44226.0,87459.0,4605.0,64.17125247633723,50.567694576887455,0.8921509238025183,136.29,Ashanti,2.5,1.3,1.9,56.864285714285714,29.033333333333335,22.928571428571427,33.31666666666666,72.35,43.31,0.47,2.54,330000.0,13000.0,36.0,126.0,20009.0,46.0,12.0,90.0,192.0,2.66,41.1,25.03213501,0.02526819810121843,-0.42678882711041854,-0.5371912371691454,-1.2644969760085187,0.5421229389800684,2.0,0.9208118736222883,138.75791565509573,7.709123877612407,76.7228775899652,91.71363508985594,42.24866417645533,3.6765171790914857,47.54427789588373,22.927122875160958,0.0,0.5767054387844545,3,0.058,0,Not Significant,0.00040772433613729545,1,0.485,0,Not Significant,-0.6328849054588299,0.058,Not Significant,7.376692642088613,0.609822348654011,1.474340873359686,0.13656931545455683,-0.2403124929963043
211,211,ASHANTI,JUABEN MUNICIPAL,241,90261.1990079,174779536.751,174779536.751434,90261.1990078911,JUABEN MUNICIPAL,ASHANTI,ASHANTI,JUABEN MUNICIPAL,Juaben Municipal,Ashanti,Municipal,6.0721368,-0.260652306105858,21253.0,18934.0,20.9,43.1,14046.0,19449.0,12078.0,11664.0,17669.0,19128.0,1456.0,1934.0,63929.0,47.114738597058754,21.971249354752928,30.422812807958827,23742.0,36797.0,3390.0,57.55916720111374,64.52156425795582,0.9237243831033041,63.929,Ashanti,2.5,1.3,1.9,56.864285714285714,29.033333333333335,22.928571428571427,33.31666666666666,72.35,43.31,0.47,2.54,330000.0,13000.0,36.0,126.0,20009.0,46.0,12.0,90.0,192.0,2.66,41.1,25.03213501,0.02526819810121843,-0.19664030670583454,-0.038743748711690514,-0.4757476413420197,-0.9243941037466733,2.0,0.9208118736222883,126.27530309487896,12.568103656448363,74.85508216565505,89.0923157285793,35.313993287862374,3.395147653611955,47.256379577202054,21.807141533146407,0.0,-0.01841797183208393,4,0.079,0,Not Significant,0.005231519094649025,1,0.317,0,Not Significant,-0.6468333916564892,0.079,Not Significant,6.898415531587219,0.7775242070713134,1.3149065120870382,0.13094924450232964,-0.3066826160763751
212,212,GREATER ACCRA,ABLEKUMA CENTRAL MUNICIPAL,242,16877.1546392,14320441.9411,14320441.9411221,16877.1546391582,ABLEKUMA CENTRAL MUNICIPAL,GREATER ACCRA,GREATER ACCRA,ABLEKUMA CENTRAL MUNICIPAL,Ablekuma Central Municipal,Greater Accra,Municipal,5.5541808,-0.24078224491606,71986.0,49569.0,9.4,45.2,20160.0,61784.0,23738.0,23852.0,55723.0,58491.0,3133.0,4208.0,169145.0,40.77907120233639,11.918767921014513,36.52723994206155,47590.0,114214.0,7341.0,67.52431345886666,41.66739629117271,0.9526764801422442,169.145,Greater Accra,2.6,1.4,2.0,55.535714285714285,43.53333333333334,31.47142857142857,33.333333333333336,60.05,52.97,0.47,2.54,330000.0,13000.0,36.0,126.0,20009.0,46.0,12.0,90.0,192.0,2.66,41.1,25.03213501,0.14303604996582658,1.0116394254182364,0.4130792776100251,-1.1576775680064284,0.9623271131330539,2.0,0.9208118736222883,173.35453907406784,16.377804742923058,68.4408062107007,87.79254321433491,41.05199637978052,3.2652523689443087,40.89799360498552,26.136573928137334,1.0,-0.2902578524741448,4,0.282,0,Not Significant,0.10125076882885589,1,0.111,0,Not Significant,-0.3742129520502434,0.282,Not Significant,7.818014365975618,0.9188828851240433,2.729287956911585,0.12955979992937303,-0.579895245309898
213,213,GREATER ACCRA,KORLE KLOTTEY MUNICIPAL,243,13855.6394614,10032023.2972,10032023.2972355,13855.6394613588,KORLE KLOTTEY MUNICIPAL,GREATER ACCRA,GREATER ACCRA,KORLE KLOTTEY MUNICIPAL,Korle Klottey Municipal,Greater Accra,Municipal,5.55901945,-0.19823054970895,29874.0,23696.0,10.6,43.4,6313.0,23554.0,7480.0,7583.0,24034.0,25651.0,1594.0,2291.0,68633.0,44.23371289901064,9.198199117042822,34.318767939620884,15063.0,49685.0,3885.0,72.3922894234552,30.316997081614165,0.9369615219679545,68.633,Greater Accra,2.6,1.4,2.0,55.535714285714285,43.53333333333334,31.47142857142857,33.333333333333336,60.05,52.97,0.47,2.54,330000.0,13000.0,36.0,126.0,20009.0,46.0,12.0,90.0,192.0,2.66,41.1,25.03213501,0.14303604996582658,-0.02402891640239758,0.24961782876824265,-1.3422327245821268,-0.7874092617600588,2.0,0.9208118736222883,138.22727201813282,12.529730444147258,70.4682593862339,93.99018691167002,42.14338319961797,3.408112489165762,48.91111932951487,16.268777537792587,0.0,-0.0023978808690755344,4,0.432,0,Not Significant,0.09858301710398963,1,0.046,1,High-High,-0.11412661158323562,0.432,Not Significant,7.861016605879395,0.9134269888976807,2.7737639127467606,0.13201255663334377,-0.5694119958311805
214,214,GREATER ACCRA,ABLEKUMA NORTH MUNICIPAL,244,29513.5744991,29969520.8405,29969520.8405313,29513.5744990911,ABLEKUMA NORTH MUNICIPAL,GREATER ACCRA,GREATER ACCRA,ABLEKUMA NORTH MUNICIPAL,Ablekuma North Municipal,Greater Accra,Municipal,5.58719365,-0.263259064824942,69225.0,45302.0,8.3,42.9,11382.0,58368.0,22388.0,22293.0,51922.0,56500.0,2472.0,3633.0,159208.0,39.55573794825674,7.149138234259585,36.661474297773985,44681.0,108422.0,6105.0,68.10084920355762,41.21027097821475,0.9189734513274336,159.208,Greater Accra,2.6,1.4,2.0,55.535714285714285,43.53333333333334,31.47142857142857,33.333333333333336,60.05,52.97,0.47,2.54,330000.0,13000.0,36.0,126.0,20009.0,46.0,12.0,90.0,192.0,2.66,41.1,25.03213501,0.14303604996582658,-0.3117145669081286,0.42301471815210534,-1.4812348154328068,0.8444692129188973,2.0,0.9208118736222883,145.75160121067128,9.549299784354831,79.62883333069189,94.6667448714912,41.66868748202466,3.373548381256482,47.81277410155094,23.46000274093413,0.0,0.07679143721217582,3,0.361,0,Not Significant,0.11222532279096516,1,0.007,1,High-High,-0.13949577326428111,0.361,Not Significant,7.806471239096533,0.9213088900621546,2.7120179578054016,0.12948947073355405,-0.5939342045506142
215,215,GREATER ACCRA,AYAWASO NORTH MUNICIPAL,245,11862.6926626,5015749.84883,5015749.84882736,11862.6926626412,AYAWASO NORTH MUNICIPAL,GREATER ACCRA,GREATER ACCRA,AYAWASO NORTH MUNICIPAL,Ayawaso North Municipal,Greater Accra,Municipal,5.5908829,-0.199044848506062,22947.0,23128.0,13.9,43.8,9042.0,21546.0,8488.0,8823.0,20220.0,22837.0,1335.0,1683.0,63386.0,50.19641888225719,14.264979648502823,33.99173319029439,17311.0,43057.0,3018.0,67.92824914018868,40.20484474069257,0.885405263388361,63.386,Greater Accra,2.6,1.4,2.0,55.535714285714285,43.53333333333334,31.47142857142857,33.333333333333336,60.05,52.97,0.47,2.54,330000.0,13000.0,36.0,126.0,20009.0,46.0,12.0,90.0,192.0,2.66,41.1,25.03213501,0.14303604996582658,0.2061196040021864,0.22541214543268767,-0.9985176628813639,-0.9408417632793639,2.0,0.9208118736222883,136.6272169085134,12.097483415838518,69.85680673954086,95.15885245443744,42.79613838915578,3.371017929437916,48.225912113639616,24.411506341150965,0.0,0.0072163969142523465,3,0.433,0,Not Significant,0.09858301710398963,1,0.046,1,High-High,-0.11445117627414327,0.433,Not Significant,7.842869554770074,0.9167870063930182,2.7547131508931306,0.13145443967366674,-0.5918649142025174
216,216,GREATER ACCRA,AYAWASO EAST MUNICIPAL,246,10784.8243056,6295160.38169,6295160.38168812,10784.8243055758,AYAWASO EAST MUNICIPAL,GREATER ACCRA,GREATER ACCRA,AYAWASO EAST MUNICIPAL,Ayawaso East Municipal,Greater Accra,Municipal,5.5828425,-0.194266228463183,18510.0,19828.0,15.4,44.0,10085.0,20605.0,7206.0,7460.0,16935.0,18521.0,1297.0,1585.0,53004.0,51.7189211748135,19.026865896913442,38.87442457173044,14666.0,35456.0,2882.0,66.8930646743642,41.3639440433213,0.9143674747583824,53.004,Greater Accra,2.6,1.4,2.0,55.535714285714285,43.53333333333334,31.47142857142857,33.333333333333336,60.05,52.97,0.47,2.54,330000.0,13000.0,36.0,126.0,20009.0,46.0,12.0,90.0,192.0,2.66,41.1,25.03213501,0.14303604996582658,0.32119386420448043,0.5868076290859896,-0.675485706884477,-1.2852183497802905,2.0,0.9208118736222883,131.44838978725582,16.52933240648225,69.20563419468337,92.05993014274387,39.40282625078288,3.5349861111335517,46.93073258624383,25.166099882055654,1.0,-0.1365835846519772,4,0.381,0,Not Significant,0.09652011718049545,1,0.052,0,Not Significant,-0.1678725652072789,0.381,Not Significant,7.858307654955448,0.9143256023119213,2.772521728489834,0.13219496134801612,-0.5831748482598234
217,217,GREATER ACCRA,OKAIKWEI NORTH MUNICIPAL,247,30199.4979372,22800094.7891,22800094.7890577,30199.4979372254,OKAIKWEI NORTH MUNICIPAL,GREATER ACCRA,,,OKAIKWEI NORTH MUNICIPAL,GREATER ACCRA,,5.624192658333333,-0.23498286628694398,67464.0,53000.38888888889,13.344444444444443,43.34444444444444,18517.277777777777,71015.16666666667,26534.944444444445,26579.166666666668,55808.77777777778,58485.944444444445,2689.9444444444443,3479.722222222222,173578.5,44.993700934165375,12.344920186799994,40.636601097780456,53114.11111111111,114294.72222222222,6169.666666666667,65.98249284508076,46.14543527948846,0.9474146027276813,173.5785,,2.6,1.4,2.0,55.5357142857143,43.53333333333333,31.47142857142857,33.33333333333334,60.05,52.97,0.47,2.54,330000.0,13000.0,36.0,126.0,20009.0,46.0,12.0,90.0,192.0,2.66,41.1,25.03213501,0.14303604996582658,-0.05599398868081167,0.7172362366231387,-1.128768687619977,0.7107491115522266,1.8888888888888888,0.7169680237364382,144.0384651859599,12.35353247494442,67.95737985565589,92.37824944419664,39.42698900961371,3.3474906506070354,45.87963772048502,22.56093875901817,0.16666666666666666,0.003042332560987342,3,0.311,0,Not Significant,0.12500000101237407,1,0.009,1,High-High,-0.2284589876068003,0.311,Not Significant,7.824474442205878,0.9196252257233133,2.735496253866911,0.13067601023236677,-0.6089727426579543
218,218,GREATER ACCRA,GA NORTH MUNICIPAL,248,67708.3167725,126867613.943,126867613.94325,67708.3167725207,GA NORTH MUNICIPAL,GREATER ACCRA,GREATER ACCRA,GA NORTH MUNICIPAL,Ga North Municipal,Greater Accra,Municipal,5.669162,-0.333376,87022.0,76640.0,10.5,42.3,18918.0,86352.0,35527.0,36103.0,77522.0,79032.0,3432.0,3676.0,235292.0,46.828219134557806,8.040222362001257,36.699930299372696,71630.0,156554.0,7108.0,66.53604882443942,45.75418066609605,0.9808938151634781,235.292,Greater Accra,2.6,1.4,2.0,55.535714285714285,43.53333333333334,31.47142857142857,33.333333333333336,60.05,52.97,0.47,2.54,330000.0,13000.0,36.0,126.0,20009.0,46.0,12.0,90.0,192.0,2.66,41.1,25.03213501,0.14303604996582658,-0.6569373475150065,0.42586106337678564,-1.4207863641834204,1.605528064754458,2.0,0.9208118736222883,156.80653410580283,9.94690291092225,71.77403838851113,98.0,43.16048229634918,3.4880073668023814,52.39544715406918,18.595196090852742,0.0,0.04270309347252271,3,0.462,0,Not Significant,0.1356323042298003,1,0.04,1,High-High,-0.09048550767434795,0.462,Not Significant,7.730017723517623,0.9305543638843351,2.655310108072524,0.12622613368034596,-0.7031621186037897
219,219,GREATER ACCRA,WEIJA GBAWE MUNICIPAL,249,72646.5891075,166345312.531,166345312.531157,72646.5891075289,WEIJA GBAWE MUNICIPAL,GREATER ACCRA,GREATER ACCRA,WEIJA GBAWE MUNICIPAL,Weija Gbawe Municipal,Greater Accra,Municipal,5.55414475,-0.296466750643799,85093.0,61436.0,8.7,42.9,16714.0,84797.0,33744.0,33401.0,68119.0,71627.0,3047.0,3736.0,213674.0,41.92753652860526,7.8221964300757225,39.68522141205762,67145.0,139746.0,6783.0,65.40149948051705,48.04788688048316,0.9510240551747247,213.674,Greater Accra,2.6,1.4,2.0,55.535714285714285,43.53333333333334,31.47142857142857,33.333333333333336,60.05,52.97,0.47,2.54,330000.0,13000.0,36.0,126.0,20009.0,46.0,12.0,90.0,192.0,2.66,41.1,25.03213501,0.14303604996582658,-0.3117145669081286,0.6468192688485733,-1.4355765837674053,1.4176157085001522,2.0,0.9208118736222883,143.34303833534375,14.321507495615721,78.34687252181914,94.74069602981298,44.05159143907239,3.4624726721735146,47.040921587290285,19.457692105412562,0.0,-0.23831861339207347,4,0.056,0,Not Significant,0.05297269290459294,1,0.171,0,Not Significant,-0.6429292623907392,0.056,Not Significant,7.715338432483981,0.9280749743424573,2.638645140815072,0.12329968268009137,-0.5984921209515879
220,220,GREATER ACCRA,KROWOR MUNICIPAL,250,27657.1337575,18643383.0819,18643383.0818758,27657.1337575493,KROWOR MUNICIPAL,GREATER ACCRA,GREATER ACCRA,KROWOR MUNICIPAL,Krowor Municipal,Greater Accra,Municipal,5.60941925,-0.0769277820845922,54725.0,50079.0,12.4,42.4,10206.0,61701.0,18895.0,19313.0,49619.0,50062.0,2221.0,2902.0,143012.0,47.783481546505854,7.136464072944928,43.14393197773613,38208.0,99681.0,5123.0,69.70114395994742,38.3302735726969,0.9911509727937358,143.012,Greater Accra,2.6,1.4,2.0,55.535714285714285,43.53333333333334,31.47142857142857,33.333333333333336,60.05,52.97,0.47,2.54,330000.0,13000.0,36.0,126.0,20009.0,46.0,12.0,90.0,192.0,2.66,41.1,25.03213501,0.14303604996582658,-0.5994002174138596,0.9028179138689236,-1.4820945921906956,0.6357408620143864,2.0,0.9208118736222883,123.10615567932567,10.657450725669527,61.14834518699986,94.96278570730334,41.6736156166865,3.9169125530490363,44.077732801947235,19.66217069150139,0.0,-0.03913876037096942,2,0.427,0,Not Significant,0.17216663591287823,1,0.081,0,Not Significant,0.11259800366479056,0.432,Not Significant,8.015836558821935,0.9048949632713058,2.7851150010418495,0.1478636399161395,-0.47763433222769947
221,221,GREATER ACCRA,TEMA METROPOLITAN,251,29746.4451231,43347779.7684,43347779.768407,29746.4451230739,TEMA METROPOLITAN,GREATER ACCRA,,,TEMA METROPOLITAN,GREATER ACCRA,,5.624192658333333,-0.23498286628694398,67464.0,53000.38888888889,13.344444444444443,43.34444444444444,18517.277777777777,71015.16666666667,26534.944444444445,26579.166666666668,55808.77777777778,58485.944444444445,2689.9444444444443,3479.722222222222,173578.5,44.993700934165375,12.344920186799994,40.636601097780456,53114.11111111111,114294.72222222222,6169.666666666667,65.98249284508076,46.14543527948846,0.9474146027276813,173.5785,,2.6,1.4,2.0,55.5357142857143,43.53333333333333,31.47142857142857,33.33333333333334,60.05,52.97,0.47,2.54,330000.0,13000.0,36.0,126.0,20009.0,46.0,12.0,90.0,192.0,2.66,41.1,25.03213501,0.14303604996582658,-0.05599398868081167,0.7172362366231387,-1.128768687619977,0.7107491115522266,1.8888888888888888,0.7169680237364382,144.0384651859599,12.35353247494442,67.95737985565589,92.37824944419664,39.42698900961371,3.3474906506070354,45.87963772048502,22.56093875901817,0.16666666666666666,0.011158342715411012,3,0.236,0,Not Significant,0.08101608192647097,1,0.365,0,Not Significant,-0.8377808301172176,0.236,Not Significant,8.131447503741855,0.8985161885634749,2.775175433920417,0.1592338647441039,-0.38803570078594896
222,222,SAVANNAH,EAST GONJA MUNICIPAL,252,273556.578684,2318210024.78,2318210024.77647,273556.578683606,EAST GONJA MUNICIPAL,SAVANNAH,SAVANNAH,EAST GONJA MUNICIPAL,East Gonja Municipal,Savannah,Municipal,8.347473,-0.7895018232454,31564.0,37727.0,38.8,43.1,60387.0,34704.0,24863.0,23601.0,33657.0,32157.0,1679.0,1798.0,117755.0,54.44718650329769,51.28189885779797,29.471360027175063,48464.0,65814.0,3477.0,55.89062035582353,73.63782781778953,1.0466461423640265,117.755,Northern (pre 2022),0.7,0.8,0.75,35.45,19.2,15.114285714285714,33.333333333333336,30.55,38.71,0.47,2.54,330000.0,13000.0,36.0,126.0,20009.0,46.0,12.0,90.0,192.0,2.66,41.1,25.03213501,-1.329062098341774,-0.19664030670583454,-0.10916612666331478,1.5125981415225036,0.25807787051594994,2.0,0.9208118736222883,82.4566139447361,5.459233407595551,73.39950858167916,96.07092749465637,37.638205078563615,3.764063581423156,49.96210925217715,20.757468172982744,0.0,-1.0680929513639683,2,0.042,1,Low-High,0.3660875988672327,3,0.261,0,Not Significant,0.785240940541844,0.042,Not Significant,8.045124288843212,0.8908749394988433,1.9658797324250579,0.24253171951795613,1.0167464640836574
223,223,GREATER ACCRA,ABLEKUMA WEST MUNICIPAL,255,22419.8170511,13107703.5932,13107703.5931969,22419.8170510732,ABLEKUMA WEST MUNICIPAL,GREATER ACCRA,GREATER ACCRA,ABLEKUMA WEST MUNICIPAL,Ablekuma West Municipal,Greater Accra,Municipal,5.5431939,-0.26615017413473,61592.0,46044.0,8.9,43.0,12511.0,60497.0,22920.0,22934.0,48489.0,53014.0,2470.0,3663.0,153490.0,42.77750938347765,8.151019610398071,39.41429409082025,45854.0,101503.0,6133.0,66.13004104501921,45.17501945755298,0.9146451880635303,153.49,Greater Accra,2.6,1.4,2.0,55.535714285714285,43.53333333333334,31.47142857142857,33.333333333333336,60.05,52.97,0.47,2.54,330000.0,13000.0,36.0,126.0,20009.0,46.0,12.0,90.0,192.0,2.66,41.1,25.03213501,0.14303604996582658,-0.25417743680698157,0.6267664122077187,-1.413270214069452,0.773290751284847,2.0,0.9208118736222883,140.44697465482108,9.559570868392049,75.63657664237337,94.52729641922706,41.1312052142318,3.4394783871826426,51.26526155027124,16.727463777140837,0.0,-0.07910450667386054,2,0.376,0,Not Significant,0.13735286615691966,1,0.016,1,High-High,0.13984135684235932,0.376,Not Significant,7.805620577047365,0.9188622987795015,2.7292794892733396,0.1278828020001087,-0.5788335600526314
224,224,GREATER ACCRA,AYAWASO CENTRAL MUNICIPAL,256,5362.1791431,1582015.19219,1582015.19218731,5362.17914310154,AYAWASO CENTRAL MUNICIPAL,GREATER ACCRA,GREATER ACCRA,AYAWASO CENTRAL MUNICIPAL,Ayawaso Central Municipal,Greater Accra,Municipal,5.5913794,-0.212668442666915,39158.0,30825.0,12.2,42.8,8646.0,41548.0,12311.0,12537.0,32353.0,33339.0,1824.0,2467.0,94831.0,44.04641127130874,9.117271778215983,43.81267728907214,24848.0,65692.0,4291.0,69.27270618257742,37.82500152225538,0.9704250277452833,94.831,Greater Accra,2.6,1.4,2.0,55.535714285714285,43.53333333333334,31.47142857142857,33.333333333333336,60.05,52.97,0.47,2.54,330000.0,13000.0,36.0,126.0,20009.0,46.0,12.0,90.0,192.0,2.66,41.1,25.03213501,0.14303604996582658,-0.36925169700927557,0.9523155200764399,-1.3477225904023324,-0.1619711642160907,2.0,0.9208118736222883,148.75159958609174,8.391865153639397,70.3069910452789,92.90014156525238,38.85256996459794,3.6400012617340956,48.71100059305688,21.46568576084544,0.0,-0.038908482910291704,2,0.438,0,Not Significant,0.07750951162445789,1,0.133,0,Not Significant,0.04660932906306487,0.438,Not Significant,7.845388509516626,0.9149461652350147,2.7703733176640055,0.13069174708926984,-0.586421072873933
225,225,GREATER ACCRA,ACCRA METROPOLIS,257,11270.2697732,5708549.28671,5708549.28671265,11270.2697731909,ACCRA METROPOLIS,GREATER ACCRA,,,ACCRA METROPOLIS,GREATER ACCRA,,5.624192658333333,-0.23498286628694398,67464.0,53000.38888888889,13.344444444444443,43.34444444444444,18517.277777777777,71015.16666666667,26534.944444444445,26579.166666666668,55808.77777777778,58485.944444444445,2689.9444444444443,3479.722222222222,173578.5,44.993700934165375,12.344920186799994,40.636601097780456,53114.11111111111,114294.72222222222,6169.666666666667,65.98249284508076,46.14543527948846,0.9474146027276813,173.5785,,2.6,1.4,2.0,55.5357142857143,43.53333333333333,31.47142857142857,33.33333333333334,60.05,52.97,0.47,2.54,330000.0,13000.0,36.0,126.0,20009.0,46.0,12.0,90.0,192.0,2.66,41.1,25.03213501,0.14303604996582658,-0.05599398868081167,0.7172362366231387,-1.128768687619977,0.7107491115522266,1.8888888888888888,0.7169680237364382,144.0384651859599,12.35353247494442,67.95737985565589,92.37824944419664,39.42698900961371,3.3474906506070354,45.87963772048502,22.56093875901817,0.16666666666666666,-0.0010387928444078862,2,0.435,0,Not Significant,0.13319431232836837,1,0.048,1,High-High,0.07793772755454018,0.435,Not Significant,7.845165540431804,0.9147476730134775,2.7633351393935466,0.13059568253210446,-0.570818403418297
226,226,VOLTA,ANLOGA,258,92530.4599554,240213606.225,240213606.224686,92530.4599554107,ANLOGA,VOLTA,VOLTA,ANLOGA,Anloga,Volta,District,5.7936484,0.8984702,27359.0,36184.0,31.6,45.9,29252.0,41680.0,15986.0,15366.0,26025.0,29534.0,2698.0,5286.0,94895.0,56.944116582471715,30.8256494019706,43.92222983297329,31352.0,55559.0,7984.0,58.54786869698088,56.43010133371731,0.881187783571477,94.895,Volta (pre 2022),1.2,0.3,0.75,53.15714285714286,41.46666666666667,29.342857142857145,33.333333333333336,34.4,45.56,0.47,2.54,330000.0,13000.0,36.0,126.0,20009.0,46.0,12.0,90.0,192.0,2.66,41.1,25.03213501,-1.329062098341774,1.4143993361262575,0.9604241207426897,0.12490806885818162,-0.16066364040033781,1.0,-0.9137827753503625,117.06424838831806,8.376690326552598,43.75451290418176,84.74971247540189,31.775664375778213,1.5328312282640737,31.604157497813887,33.529247038531864,0.0,0.5413755045619114,3,0.124,0,Not Significant,0.37529979272540887,3,0.324,0,Not Significant,-0.6910283730627408,0.124,Not Significant,6.1810956772881775,0.9042993345887839,1.4589322176842947,0.1006707899919244,-0.31698989302134484
227,227,WESTERN,SEKONDI TAKORADI METROPOLIS,259,70986.8688388,88055005.6511,88055005.6510696,70986.8688387815,SEKONDI TAKORADI METROPOLIS,WESTERN,,,SEKONDI TAKORADI METROPOLIS,WESTERN,,5.164444985714285,-1.9217231254902145,40278.71428571428,37095.28571428572,28.4,43.385714285714286,27955.428571428572,45377.142857142855,21232.85714285714,20664.571428571428,36725.0,36147.42857142857,1955.4285714285713,2546.1428571428573,119271.42857142857,47.67635773563508,24.74950879374478,39.886264049426686,41897.42857142857,72872.42857142857,4501.571428571428,60.84792221998605,58.407560312615026,1.0316283467912175,119.27142857142857,,3.4,1.8,2.6,53.73571428571428,31.46666666666667,22.82857142857143,33.333333333333336,68.75,39.97,0.47,2.54,330000.0,13000.0,36.0,126.0,20009.0,46.0,12.0,90.0,192.0,2.66,41.1,25.03213501,0.8496431611534749,-0.03224850641684658,0.6616995665145622,-0.28727892662967236,0.17422279661038217,1.2857142857142858,-0.38961287564389085,149.59752312955783,17.93311123275499,61.85986650673571,88.44843096904042,32.44421409626732,2.3463924902945945,37.69426740562294,25.374240299663573,0.8571428571428571,1.0648944958131734,1,0.023,1,High-High,1.075349370688797,1,0.003,1,High-High,0.9984858124098048,0.023,Not Significant,7.130479109364184,0.971412225946294,0.786076574084851,0.13368420586170815,-0.8173402326678891
228,228,EASTERN,KWAHU SOUTH,322,172913.912873,812163124.657,812163124.657246,172913.912873488,KWAHU SOUTH,EASTERN,,,KWAHU SOUTH,EASTERN,,6.248912641666665,-0.5143081338383853,27541.944444444445,23789.722222222223,23.955555555555556,42.422222222222224,16983.833333333332,22014.277777777777,13519.611111111111,12787.055555555555,23170.055555555555,23772.61111111111,1869.0,2520.0,77638.33333333333,46.236392760365305,22.66135539278598,29.022619048179436,26306.666666666668,46942.666666666664,4389.0,60.06841270699139,57.31380579431315,0.9842266017927879,77.63833333333334,,3.8,2.9,3.35,58.285714285714285,34.2,24.82857142857143,33.33333333333334,65.45,44.68,0.47,2.54,330000.0,13000.0,36.0,126.0,20009.0,46.0,12.0,90.0,192.0,2.66,41.1,25.03213501,1.7329020501380346,-0.5866141885024927,-0.14237997338640712,-0.42893293563889934,-0.644780666010043,1.2222222222222223,-0.5060950755786623,151.697432915279,19.930263538768713,64.31119490744491,92.46783118938022,32.488333559408744,2.472934415732387,39.79947639909319,24.47497975673649,0.8888888888888888,2.4184413597227037,1,0.001,1,High-High,1.1643585048189664,1,0.051,0,Not Significant,1.6663849393313004,0.001,Hot Spot 90%,6.675701205187975,0.9371410075078982,0.6639936948009766,0.23390572020571615,-1.028888602583306
229,229,EASTERN,ASENE AKROSO MANSO,307,127856.07572,426184707.02,426184707.019485,127856.075719946,ASENE AKROSO MANSO,EASTERN,,,ASENE AKROSO MANSO,EASTERN,,6.248912641666665,-0.5143081338383853,27541.944444444445,23789.722222222223,23.955555555555556,42.422222222222224,16983.833333333332,22014.277777777777,13519.611111111111,12787.055555555555,23170.055555555555,23772.61111111111,1869.0,2520.0,77638.33333333333,46.236392760365305,22.66135539278598,29.022619048179436,26306.666666666668,46942.666666666664,4389.0,60.06841270699139,57.31380579431315,0.9842266017927879,77.63833333333334,,3.8,2.9,3.35,58.285714285714285,34.2,24.82857142857143,33.33333333333334,65.45,44.68,0.47,2.54,330000.0,13000.0,36.0,126.0,20009.0,46.0,12.0,90.0,192.0,2.66,41.1,25.03213501,1.7329020501380346,-0.5866141885024927,-0.14237997338640712,-0.42893293563889934,-0.644780666010043,1.2222222222222223,-0.5060950755786623,151.697432915279,19.930263538768713,64.31119490744491,92.46783118938022,32.488333559408744,2.472934415732387,39.79947639909319,24.47497975673649,0.8888888888888888,2.4805361873664316,1,0.001,1,High-High,2.144151251618652,1,0.002,1,High-High,1.7090252954005698,0.001,Hot Spot 90%,7.193282833801412,0.9777016814203429,1.383880985779444,0.15326065554071544,-0.7408247032003845
230,230,EASTERN,UPPER MANYA,330,152193.924723,875833569.75,875833569.749737,152193.924723226,UPPER MANYA,EASTERN,,,UPPER MANYA,EASTERN,,6.248912641666665,-0.5143081338383853,27541.944444444445,23789.722222222223,23.955555555555556,42.422222222222224,16983.833333333332,22014.277777777777,13519.611111111111,12787.055555555555,23170.055555555555,23772.61111111111,1869.0,2520.0,77638.33333333333,46.236392760365305,22.66135539278598,29.022619048179436,26306.666666666668,46942.666666666664,4389.0,60.06841270699139,57.31380579431315,0.9842266017927879,77.63833333333334,,3.8,2.9,3.35,58.285714285714285,34.2,24.82857142857143,33.33333333333334,65.45,44.68,0.47,2.54,330000.0,13000.0,36.0,126.0,20009.0,46.0,12.0,90.0,192.0,2.66,41.1,25.03213501,1.7329020501380346,-0.5866141885024927,-0.14237997338640712,-0.42893293563889934,-0.644780666010043,1.2222222222222223,-0.5060950755786623,151.697432915279,19.930263538768713,64.31119490744491,92.46783118938022,32.488333559408744,2.472934415732387,39.79947639909319,24.47497975673649,0.8888888888888888,2.6199931630094415,1,0.001,1,High-High,1.091528472931697,1,0.031,1,High-High,1.8047900365780445,0.001,Hot Spot 90%,5.615966377668814,0.9515745265864123,-0.27751420844659447,0.21267432560355176,-2.052493751610272
231,231,EASTERN,ACHIASE,303,113740.653297,421582971.462,421582971.462315,113740.653297212,ACHIASE,EASTERN,EASTERN,ACHIASE,Achiase,Eastern,District,5.8354534,-0.9966928,17382.0,18733.0,29.9,44.6,14484.0,17894.0,10513.0,9720.0,15422.0,17107.0,1477.0,2109.0,56348.0,51.87041395542018,25.704550294597855,31.7562291474409,20233.0,32529.0,3586.0,57.728757010009225,62.19988318116143,0.9015023089963173,56.348,Eastern,3.8,2.9,3.35,58.285714285714285,34.2,24.82857142857143,33.333333333333336,65.45,44.68,0.47,2.54,330000.0,13000.0,36.0,126.0,20009.0,46.0,12.0,90.0,192.0,2.66,41.1,25.03213501,1.7329020501380348,0.6664166448113584,0.059949903062100476,-0.22249180069155414,-1.1675527577353617,1.0,-0.9137827753503625,172.22641118746174,23.2722987401032,56.04189188783875,88.15816491504773,29.75055062728656,1.8363793367817598,29.37434361544656,31.584060288330182,1.0,3.458841396537725,1,0.01,1,High-High,1.5660609027984937,1,0.088,0,Not Significant,1.6592915528026313,0.01,Hot Spot 90%,7.098593110765795,0.9826895954074679,1.2368320700444202,0.14910186189786404,-0.5291116133622337
232,232,EASTERN,OKERE,328,97476.1384201,312232901.624,312232901.62362,97476.138420101,OKERE,EASTERN,EASTERN,OKERE,Okere,Eastern,District,6.04034605,-0.127770489495342,18071.0,16536.0,24.0,42.4,11127.0,18125.0,8691.0,8377.0,14452.0,16239.0,1439.0,2477.0,51675.0,47.78224058716445,21.53265602322206,35.074987905176584,17068.0,30691.0,3916.0,59.39235607160136,55.61239451304942,0.8899562780959419,51.675,Eastern,3.8,2.9,3.35,58.285714285714285,34.2,24.82857142857143,33.333333333333336,65.45,44.68,0.47,2.54,330000.0,13000.0,36.0,126.0,20009.0,46.0,12.0,90.0,192.0,2.66,41.1,25.03213501,1.7329020501380348,-0.5994002174138596,0.30558992670573454,-0.5055004859881714,-1.334018273541328,1.0,-0.9137827753503625,126.86125715517846,16.504049433103155,53.45180736497104,90.22954974766407,36.07420850257495,2.5200352709319325,37.81782331188508,27.02858275052613,1.0,0.7842286282417846,1,0.038,1,High-High,1.9951112638943516,1,0.013,1,High-High,0.990695527204898,0.038,Not Significant,7.531326683155614,0.9289566035508113,2.32711349864434,0.14168231388372454,-0.9164132339840931
233,233,EASTERN,YILO KROBO,333,208084.200405,492421091.627,492421091.627254,208084.200404909,YILO KROBO,EASTERN,,,YILO KROBO,EASTERN,,6.248912641666665,-0.5143081338383853,27541.944444444445,23789.722222222223,23.955555555555556,42.422222222222224,16983.833333333332,22014.277777777777,13519.611111111111,12787.055555555555,23170.055555555555,23772.61111111111,1869.0,2520.0,77638.33333333333,46.236392760365305,22.66135539278598,29.022619048179436,26306.666666666668,46942.666666666664,4389.0,60.06841270699139,57.31380579431315,0.9842266017927879,77.63833333333334,,3.8,2.9,3.35,58.285714285714285,34.2,24.82857142857143,33.33333333333334,65.45,44.68,0.47,2.54,330000.0,13000.0,36.0,126.0,20009.0,46.0,12.0,90.0,192.0,2.66,41.1,25.03213501,1.7329020501380346,-0.5866141885024927,-0.14237997338640712,-0.42893293563889934,-0.644780666010043,1.2222222222222223,-0.5060950755786623,151.697432915279,19.930263538768713,64.31119490744491,92.46783118938022,32.488333559408744,2.472934415732387,39.79947639909319,24.47497975673649,0.8888888888888888,1.3905409654912584,1,0.008,1,High-High,1.4642954116950495,1,0.008,1,High-High,0.9605284215348636,0.008,Not Significant,7.104780767378898,0.9380531774704403,1.8084846358786084,0.15129358649368735,-1.272574485518486
234,234,EASTERN,ATIWA WEST,310,157927.437201,596698132.107,596698132.107407,157927.437200836,ATIWA WEST,EASTERN,EASTERN,ATIWA WEST,Atiwa West,Eastern,District,6.2077806,-0.635808682575408,22581.0,16870.0,18.9,42.5,12526.0,18236.0,11218.0,10550.0,18405.0,17234.0,1665.0,2147.0,61219.0,42.76190717599047,20.460968000130677,29.788137669677717,21768.0,35639.0,3812.0,58.21558666427089,61.0791548584416,1.067947081350818,61.219,Eastern,3.8,2.9,3.35,58.285714285714285,34.2,24.82857142857143,33.333333333333336,65.45,44.68,0.47,2.54,330000.0,13000.0,36.0,126.0,20009.0,46.0,12.0,90.0,192.0,2.66,41.1,25.03213501,1.7329020501380348,-0.5418630873127126,-0.08571962956172464,-0.5782005590806764,-1.0078921210822733,1.0,-0.9137827753503625,132.63204878802887,21.38430246822419,58.69706904628282,91.17788857917766,28.532702143985325,2.026996738145097,38.33635974623872,22.605068710582692,1.0,2.5933822957309314,1,0.001,1,High-High,1.232294946659114,1,0.015,1,High-High,1.5013424276826262,0.001,Not Significant,6.830873965012954,0.9539172405382494,1.4087631481869476,0.14409497140309374,-1.4993291798024266
235,235,EASTERN,NEW JUABEN NORTH MUNICIPAL,325,54250.345796,107437758.669,107437758.669365,54250.3457960043,NEW JUABEN NORTH MUNICIPAL,EASTERN,EASTERN,NEW JUABEN NORTH MUNICIPAL,New Juaben North Municipal,Eastern,Municipal,6.1364245,-0.312846157003848,28972.0,34529.0,10.6,41.7,8759.0,9993.0,12629.0,12586.0,29655.0,29388.0,1878.0,2580.0,88716.0,54.37552164532842,9.87307813697642,11.264033545245503,25215.0,59043.0,4458.0,66.55282023535777,42.706163304710124,1.009085340955492,88.716,Eastern,3.8,2.9,3.35,58.285714285714285,34.2,24.82857142857143,33.333333333333336,65.45,44.68,0.47,2.54,330000.0,13000.0,36.0,126.0,20009.0,46.0,12.0,90.0,192.0,2.66,41.1,25.03213501,1.7329020501380348,-1.0021601281218806,-1.4567928853373908,-1.2964509737175034,-0.29110809571811147,2.0,0.9208118736222883,175.26238359339743,13.417153178562165,81.86132837377676,95.5910596963723,38.1267888154478,3.529455603866593,47.27327204377977,16.519678076436467,0.0,0.2127044819800877,1,0.003,1,High-High,2.262400021342881,1,0.001,1,High-High,1.098219754291398,0.003,Not Significant,7.265612364349341,0.9446022737620802,2.17901105661082,0.128713864862818,-1.2458247172081263
236,236,EASTERN,FANTEAKWA NORTH,316,162118.148013,853459098.336,853459098.336097,162118.148012785,FANTEAKWA NORTH,EASTERN,EASTERN,FANTEAKWA NORTH,Fanteakwa North,Eastern,District,6.49761694999999,-0.362546050326661,21329.0,15599.0,28.9,41.9,16278.0,17663.0,10479.0,9580.0,16908.0,16701.0,1470.0,1849.0,56987.0,42.24165944540728,28.564409426711357,30.994788285047463,20059.0,33609.0,3319.0,58.97660870022988,59.68341813204796,1.0123944673971619,56.987,Eastern,3.8,2.9,3.35,58.285714285714285,34.2,24.82857142857143,33.333333333333336,65.45,44.68,0.47,2.54,330000.0,13000.0,36.0,126.0,20009.0,46.0,12.0,90.0,192.0,2.66,41.1,25.03213501,1.7329020501380348,-0.8870858679195905,0.003591377150694075,-0.028487609677850148,-1.1458510049725978,1.0,-0.9137827753503625,129.90020396850818,20.19316931933173,68.22900290603472,94.00701921439475,27.117485474150435,2.066395894019559,37.63392001323391,23.845533319442286,1.0,2.5170393191699465,1,0.001,1,High-High,1.0876766628382157,1,0.061,0,Not Significant,1.6763126166838882,0.001,Hot Spot 90%,5.631010766595467,0.9353762183794724,-0.3973792378581642,0.23646319301135738,-2.10609221153309
237,237,EASTERN,BIRIM NORTH,313,196652.556901,577601338.047,577601338.047081,196652.55690106,BIRIM NORTH,EASTERN,EASTERN,BIRIM NORTH,Birim North,Eastern,District,6.3681437,-1.02271793293055,28892.0,24334.0,18.3,42.6,17609.0,14185.0,15155.0,14288.0,24286.0,24728.0,1902.0,2310.0,82669.0,45.71825799421336,21.30060845056793,17.158789872866492,29443.0,49014.0,4212.0,59.28945553956139,60.070592075733465,0.9821255257198318,82.669,Eastern,3.8,2.9,3.35,58.285714285714285,34.2,24.82857142857143,33.333333333333336,65.45,44.68,0.47,2.54,330000.0,13000.0,36.0,126.0,20009.0,46.0,12.0,90.0,192.0,2.66,41.1,25.03213501,1.7329020501380348,-0.4843259572115655,-1.0204887760630512,-0.5212418912566851,-0.42777244953846516,1.0,-0.9137827753503625,166.75630546031712,18.388941820351754,64.41622233666192,92.52206624454391,29.259143206789325,2.185517568763312,36.28676492144488,25.13995684138499,1.0,1.6386997607946394,1,0.002,1,High-High,1.4703707887970447,1,0.03,1,High-High,1.4182762200333907,0.002,Not Significant,6.962703995145579,0.9651683231577299,1.3659139596425816,0.12063271479864635,-0.5886778543799118
238,238,EASTERN,ASUOGYAMAN,308,170243.850253,780691107.977,780691107.97695,170243.850253222,ASUOGYAMAN,EASTERN,EASTERN,ASUOGYAMAN,Asuogyaman,Eastern,District,6.36279085,0.0952598707485648,32892.0,35186.0,21.8,43.1,18900.0,21671.0,16728.0,16450.0,29528.0,32546.0,2467.0,3537.0,101256.0,51.68483210435089,18.66556055937426,21.40218851228569,33178.0,62074.0,6004.0,61.30402149008454,53.449109127815184,0.9072697105635101,101.256,Eastern,3.8,2.9,3.35,58.285714285714285,34.2,24.82857142857143,33.333333333333336,65.45,44.68,0.47,2.54,330000.0,13000.0,36.0,126.0,20009.0,46.0,12.0,90.0,192.0,2.66,41.1,25.03213501,1.7329020501380348,-0.19664030670583454,-0.7064109481140657,-0.6999955678531956,-0.034878596103493746,1.0,-0.9137827753503625,154.80907301755124,19.22547598914198,66.88026330780245,90.09088736965118,31.809347030654408,1.7036037383830918,35.197674425558894,28.99220107251906,1.0,2.4584584924184067,1,0.001,1,High-High,1.358189230342704,1,0.078,0,Not Significant,1.8668290028936252,0.001,Hot Spot 90%,5.3327435439947655,0.9563370110929892,-0.41891576637544936,0.1987684179004672,-1.4327129173176414
239,239,EASTERN,KWAHU EAST,321,175790.424627,636390338.838,636390338.83778,175790.42462683,KWAHU EAST,EASTERN,EASTERN,KWAHU EAST,Kwahu East,Eastern,District,6.73342465,-0.81009459846416,27342.0,25934.0,29.4,42.0,19159.0,25110.0,14034.0,12923.0,24195.0,23179.0,2341.0,3561.0,80233.0,48.6785794729334,23.8792018246856,31.29634938242369,26957.0,47374.0,5902.0,59.04552989418319,56.90252036982311,1.043832779671254,80.233,Eastern,3.8,2.9,3.35,58.285714285714285,34.2,24.82857142857143,33.333333333333336,65.45,44.68,0.47,2.54,330000.0,13000.0,36.0,126.0,20009.0,46.0,12.0,90.0,192.0,2.66,41.1,25.03213501,1.7329020501380348,-0.8295487378184435,0.02591161206286841,-0.3463179182953685,-0.4856397982210581,1.0,-0.9137827753503625,136.7615937984027,18.321191677188683,65.0265173738855,91.01698768452266,32.680686960801175,2.2794055523231678,38.913409742026374,22.84244251211529,1.0,2.2272480245270447,1,0.001,1,High-High,1.7447279237711735,1,0.025,1,High-High,1.947950711724931,0.001,Hot Spot 90%,7.2435890326683445,0.9421240609511675,1.0406643947366259,0.2090730885226031,-0.07083042325104294
240,240,EASTERN,KWAHU WEST,323,150927.231877,408998941.092,408998941.092068,150927.23187685,KWAHU WEST,EASTERN,,,KWAHU WEST,EASTERN,,6.248912641666665,-0.5143081338383853,27541.944444444445,23789.722222222223,23.955555555555556,42.422222222222224,16983.833333333332,22014.277777777777,13519.611111111111,12787.055555555555,23170.055555555555,23772.61111111111,1869.0,2520.0,77638.33333333333,46.236392760365305,22.66135539278598,29.022619048179436,26306.666666666668,46942.666666666664,4389.0,60.06841270699139,57.31380579431315,0.9842266017927879,77.63833333333334,,3.8,2.9,3.35,58.285714285714285,34.2,24.82857142857143,33.33333333333334,65.45,44.68,0.47,2.54,330000.0,13000.0,36.0,126.0,20009.0,46.0,12.0,90.0,192.0,2.66,41.1,25.03213501,1.7329020501380346,-0.5866141885024927,-0.14237997338640712,-0.42893293563889934,-0.644780666010043,1.2222222222222223,-0.5060950755786623,151.697432915279,19.930263538768713,64.31119490744491,92.46783118938022,32.488333559408744,2.472934415732387,39.79947639909319,24.47497975673649,0.8888888888888888,1.8376865621354068,1,0.003,1,High-High,1.4720097212743442,1,0.031,1,High-High,1.2675821356559058,0.003,Not Significant,7.188457033479738,0.9517777793635545,1.2168507079084352,0.18740651026369354,-0.5782754081129289
241,241,EASTERN,LOWER MANYA,324,129759.851701,310016204.506,310016204.506007,129759.851700513,LOWER MANYA,EASTERN,,,LOWER MANYA,EASTERN,,6.248912641666665,-0.5143081338383853,27541.944444444445,23789.722222222223,23.955555555555556,42.422222222222224,16983.833333333332,22014.277777777777,13519.611111111111,12787.055555555555,23170.055555555555,23772.61111111111,1869.0,2520.0,77638.33333333333,46.236392760365305,22.66135539278598,29.022619048179436,26306.666666666668,46942.666666666664,4389.0,60.06841270699139,57.31380579431315,0.9842266017927879,77.63833333333334,,3.8,2.9,3.35,58.285714285714285,34.2,24.82857142857143,33.33333333333334,65.45,44.68,0.47,2.54,330000.0,13000.0,36.0,126.0,20009.0,46.0,12.0,90.0,192.0,2.66,41.1,25.03213501,1.7329020501380346,-0.5866141885024927,-0.14237997338640712,-0.42893293563889934,-0.644780666010043,1.2222222222222223,-0.5060950755786623,151.697432915279,19.930263538768713,64.31119490744491,92.46783118938022,32.488333559408744,2.472934415732387,39.79947639909319,24.47497975673649,0.8888888888888888,2.071398981560848,1,0.008,1,High-High,1.7235593234754583,1,0.028,1,High-High,1.4280718440626885,0.008,Not Significant,6.494584986768251,0.9361515461123832,1.1332002976762932,0.1637832776752246,-1.384421246646608
242,242,EASTERN,NSAWAM ADOAGYIRI,327,66400.3660641,178026503.41,178026503.409819,66400.366064104,NSAWAM ADOAGYIRI,EASTERN,,,NSAWAM ADOAGYIRI,EASTERN,,6.248912641666665,-0.5143081338383853,27541.944444444445,23789.722222222223,23.955555555555556,42.422222222222224,16983.833333333332,22014.277777777777,13519.611111111111,12787.055555555555,23170.055555555555,23772.61111111111,1869.0,2520.0,77638.33333333333,46.236392760365305,22.66135539278598,29.022619048179436,26306.666666666668,46942.666666666664,4389.0,60.06841270699139,57.31380579431315,0.9842266017927879,77.63833333333334,,3.8,2.9,3.35,58.285714285714285,34.2,24.82857142857143,33.33333333333334,65.45,44.68,0.47,2.54,330000.0,13000.0,36.0,126.0,20009.0,46.0,12.0,90.0,192.0,2.66,41.1,25.03213501,1.7329020501380346,-0.5866141885024927,-0.14237997338640712,-0.42893293563889934,-0.644780666010043,1.2222222222222223,-0.5060950755786623,151.697432915279,19.930263538768713,64.31119490744491,92.46783118938022,32.488333559408744,2.472934415732387,39.79947639909319,24.47497975673649,0.8888888888888888,2.974119345195635,1,0.001,1,High-High,2.063721518997777,1,0.013,1,High-High,2.0479675615807342,0.001,Hot Spot 95%,7.573427467201469,0.9392299109621801,2.6316187338977146,0.11504265574813216,-0.8660964217313969
243,243,EASTERN,AKWAPEM SOUTH,305,98790.2995483,228053175.314,228053175.314112,98790.2995483117,AKWAPEM SOUTH,EASTERN,,,AKWAPEM SOUTH,EASTERN,,6.248912641666665,-0.5143081338383853,27541.944444444445,23789.722222222223,23.955555555555556,42.422222222222224,16983.833333333332,22014.277777777777,13519.611111111111,12787.055555555555,23170.055555555555,23772.61111111111,1869.0,2520.0,77638.33333333333,46.236392760365305,22.66135539278598,29.022619048179436,26306.666666666668,46942.666666666664,4389.0,60.06841270699139,57.31380579431315,0.9842266017927879,77.63833333333334,,3.8,2.9,3.35,58.285714285714285,34.2,24.82857142857143,33.33333333333334,65.45,44.68,0.47,2.54,330000.0,13000.0,36.0,126.0,20009.0,46.0,12.0,90.0,192.0,2.66,41.1,25.03213501,1.7329020501380346,-0.5866141885024927,-0.14237997338640712,-0.42893293563889934,-0.644780666010043,1.2222222222222223,-0.5060950755786623,151.697432915279,19.930263538768713,64.31119490744491,92.46783118938022,32.488333559408744,2.472934415732387,39.79947639909319,24.47497975673649,0.8888888888888888,2.425553378811756,1,0.002,1,High-High,1.695093490962141,1,0.033,1,High-High,1.6712687442766747,0.002,Hot Spot 90%,7.694676137352766,0.9297777815921158,2.665118237074365,0.12671553939732427,-0.8076211935299387
244,244,EASTERN,DENKYEMBOUR,315,152564.248695,444280493.708,444280493.707638,152564.248694547,DENKYEMBOUR,EASTERN,,,DENKYEMBOUR,EASTERN,,6.248912641666665,-0.5143081338383853,27541.944444444445,23789.722222222223,23.955555555555556,42.422222222222224,16983.833333333332,22014.277777777777,13519.611111111111,12787.055555555555,23170.055555555555,23772.61111111111,1869.0,2520.0,77638.33333333333,46.236392760365305,22.66135539278598,29.022619048179436,26306.666666666668,46942.666666666664,4389.0,60.06841270699139,57.31380579431315,0.9842266017927879,77.63833333333334,,3.8,2.9,3.35,58.285714285714285,34.2,24.82857142857143,33.33333333333334,65.45,44.68,0.47,2.54,330000.0,13000.0,36.0,126.0,20009.0,46.0,12.0,90.0,192.0,2.66,41.1,25.03213501,1.7329020501380346,-0.5866141885024927,-0.14237997338640712,-0.42893293563889934,-0.644780666010043,1.2222222222222223,-0.5060950755786623,151.697432915279,19.930263538768713,64.31119490744491,92.46783118938022,32.488333559408744,2.472934415732387,39.79947639909319,24.47497975673649,0.8888888888888888,2.031580793845289,1,0.001,1,High-High,1.6422891404997073,1,0.005,1,High-High,1.4007287984878467,0.001,Not Significant,7.069961414451125,0.9824141772850733,1.396941351974211,0.14308756703143907,-0.9078017183863041
245,245,EASTERN,KWAEBIBIREM,318,179984.39089,818744070.86,818744070.859772,179984.390890104,KWAEBIBIREM,EASTERN,,,KWAEBIBIREM,EASTERN,,6.248912641666665,-0.5143081338383853,27541.944444444445,23789.722222222223,23.955555555555556,42.422222222222224,16983.833333333332,22014.277777777777,13519.611111111111,12787.055555555555,23170.055555555555,23772.61111111111,1869.0,2520.0,77638.33333333333,46.236392760365305,22.66135539278598,29.022619048179436,26306.666666666668,46942.666666666664,4389.0,60.06841270699139,57.31380579431315,0.9842266017927879,77.63833333333334,,3.8,2.9,3.35,58.285714285714285,34.2,24.82857142857143,33.33333333333334,65.45,44.68,0.47,2.54,330000.0,13000.0,36.0,126.0,20009.0,46.0,12.0,90.0,192.0,2.66,41.1,25.03213501,1.7329020501380346,-0.5866141885024927,-0.14237997338640712,-0.42893293563889934,-0.644780666010043,1.2222222222222223,-0.5060950755786623,151.697432915279,19.930263538768713,64.31119490744491,92.46783118938022,32.488333559408744,2.472934415732387,39.79947639909319,24.47497975673649,0.8888888888888888,2.072279221445707,1,0.001,1,High-High,1.4672583905782162,1,0.015,1,High-High,1.4286763024941083,0.001,Not Significant,6.99277387230782,0.9781730891135747,1.473418292244864,0.13370944433364748,-1.0061911263593235
246,246,EASTERN,KWAHU AFRAM PLAINS SOUTH,320,362636.075617,3161946284.71,3161946284.71314,362636.07561727,KWAHU AFRAM PLAINS SOUTH,EASTERN,EASTERN,KWAHU AFRAM PLAINS SOUTH,Kwahu Afram Plains South,Eastern,District,6.8854777,-0.460380290065423,28041.0,17113.0,39.1,41.6,30008.0,33075.0,15184.0,13664.0,22847.0,19800.0,1392.0,1115.0,74002.0,37.89918944058112,40.55025539850274,44.6947379800546,28848.0,42647.0,2507.0,57.62952352639118,67.64367950852346,1.153888888888889,74.002,Eastern,3.8,2.9,3.35,58.285714285714285,34.2,24.82857142857143,33.333333333333336,65.45,44.68,0.47,2.54,330000.0,13000.0,36.0,126.0,20009.0,46.0,12.0,90.0,192.0,2.66,41.1,25.03213501,1.7329020501380348,-1.0596972582230275,1.0176017987139026,0.7845959178502335,-0.6419403350735513,1.0,-0.9137827753503625,156.0009061924273,27.266631544496907,52.29839020599355,90.99608646589047,31.8292860890698,2.5525766424691247,37.93315449713081,23.091098123944157,1.0,4.757933945154874,1,0.001,1,High-High,1.0907725020641754,1,0.059,0,Not Significant,1.6842386028422955,0.001,Hot Spot 90%,5.814531296566291,0.9592782251639734,0.20996965359998726,0.23893174106620935,-0.4024259039316461
247,247,EASTERN,KWAHU AFRAM PLAINS NORTH,319,259721.325332,2391568268.54,2391568268.53602,259721.325331652,KWAHU AFRAM PLAINS NORTH,EASTERN,EASTERN,KWAHU AFRAM PLAINS NORTH,Kwahu Afram Plains North,Eastern,District,6.8753584,0.0047456123339843,25007.0,16163.0,48.5,41.9,28103.0,32016.0,13563.0,11822.0,20752.0,17918.0,1252.0,1248.0,66555.0,39.259169298032546,42.225227255653216,48.10457516339869,25385.0,38670.0,2500.0,58.10232138832544,65.6452029997414,1.158164973769394,66.555,Eastern,3.8,2.9,3.35,58.285714285714285,34.2,24.82857142857143,33.333333333333336,65.45,44.68,0.47,2.54,330000.0,13000.0,36.0,126.0,20009.0,46.0,12.0,90.0,192.0,2.66,41.1,25.03213501,1.7329020501380348,-0.8870858679195905,1.2699830495008857,0.8982209410089974,-0.8467445785432735,1.0,-0.9137827753503625,134.23802948987336,25.985536793714914,52.99681743775084,92.75312480839621,25.607238718549446,2.248817995868239,40.27518274795251,23.53402030339493,1.0,5.000031903760095,1,0.001,1,High-High,1.7999949418217234,1,0.022,1,High-High,1.9291322676697005,0.001,Hot Spot 90%,5.852667710076864,0.9699914358788883,0.2868637774718644,0.1854797197742551,-0.025328487089222328
248,248,EASTERN,SUHUM MUNICIPAL,329,124538.344525,365544351.289,365544351.288502,124538.344525389,SUHUM MUNICIPAL,EASTERN,EASTERN,SUHUM MUNICIPAL,Suhum Municipal,Eastern,Municipal,6.035885,-0.4552751,49088.0,34705.0,17.6,42.0,23909.0,36085.0,21768.0,20842.0,36414.0,40187.0,3044.0,4148.0,126403.0,41.41754084470063,18.914899171696874,28.547581940302052,42610.0,76601.0,7192.0,60.600618656202776,55.625905667027844,0.9061139174359868,126.403,Eastern,3.8,2.9,3.35,58.285714285714285,34.2,24.82857142857143,33.333333333333336,65.45,44.68,0.47,2.54,330000.0,13000.0,36.0,126.0,20009.0,46.0,12.0,90.0,192.0,2.66,41.1,25.03213501,1.7329020501380348,-0.8295487378184435,-0.17754014468196033,-0.6830811907676433,0.39574527596913867,2.0,0.9208118736222883,189.04591703206665,17.892328337405193,76.24142700045459,96.21994021660907,41.83437003714645,3.424872447099027,49.68009319828135,18.01916825286395,1.0,1.1090149620986938,1,0.01,1,High-High,2.1315919988173033,1,0.001,1,High-High,1.047338503421853,0.01,Not Significant,7.286113243559983,0.9497852550893184,2.381858066520657,0.11370227027551792,-1.1901954659151208
249,249,EASTERN,AYENSUANO,311,161220.434502,507944250.9,507944250.89975,161220.434501739,AYENSUANO,EASTERN,EASTERN,AYENSUANO,Ayensuano,Eastern,District,5.94469995,-0.449937193103216,34538.0,25736.0,29.1,42.9,25899.0,43995.0,17710.0,16610.0,26702.0,27364.0,2749.0,3459.0,94594.0,42.698344228025356,27.379114954436858,46.5092923441233,34320.0,54066.0,6208.0,57.15584497959701,63.4779713683276,0.9758076304633826,94.594,Eastern,3.8,2.9,3.35,58.285714285714285,34.2,24.82857142857143,33.333333333333336,65.45,44.68,0.47,2.54,330000.0,13000.0,36.0,126.0,20009.0,46.0,12.0,90.0,192.0,2.66,41.1,25.03213501,1.7329020501380348,-0.3117145669081286,1.1519071849832576,-0.10889440056642426,-0.16682070416978056,1.0,-0.9137827753503625,153.20639154282452,22.956157708903095,50.68226261077038,87.42763366922026,33.1938955600811,1.9723215465011394,36.07458285028282,27.20830894798349,1.0,3.2595032176322474,1,0.001,1,High-High,1.92830271405437,1,0.001,1,High-High,1.6097820537457352,0.001,Not Significant,7.387263894502789,0.9530152575021955,2.384253073469197,0.11555371509967333,-1.029314755572127
250,250,EASTERN,ABUAKWA SOUTH,302,116758.749451,355953113.429,355953113.429043,116758.749450967,ABUAKWA SOUTH,EASTERN,,,ABUAKWA SOUTH,EASTERN,,6.248912641666665,-0.5143081338383853,27541.944444444445,23789.722222222223,23.955555555555556,42.422222222222224,16983.833333333332,22014.277777777777,13519.611111111111,12787.055555555555,23170.055555555555,23772.61111111111,1869.0,2520.0,77638.33333333333,46.236392760365305,22.66135539278598,29.022619048179436,26306.666666666668,46942.666666666664,4389.0,60.06841270699139,57.31380579431315,0.9842266017927879,77.63833333333334,,3.8,2.9,3.35,58.285714285714285,34.2,24.82857142857143,33.33333333333334,65.45,44.68,0.47,2.54,330000.0,13000.0,36.0,126.0,20009.0,46.0,12.0,90.0,192.0,2.66,41.1,25.03213501,1.7329020501380346,-0.5866141885024927,-0.14237997338640712,-0.42893293563889934,-0.644780666010043,1.2222222222222223,-0.5060950755786623,151.697432915279,19.930263538768713,64.31119490744491,92.46783118938022,32.488333559408744,2.472934415732387,39.79947639909319,24.47497975673649,0.8888888888888888,1.8923771180434512,1,0.002,1,High-High,1.6632159345951791,1,0.004,1,High-High,1.305137997650167,0.002,Not Significant,7.004590682103879,0.9520416291584515,1.988996392706513,0.1226370538170855,-1.4446778466188974
251,251,EASTERN,UPPER WEST AKIM,331,109123.98668,348266306.143,348266306.142887,109123.986679668,UPPER WEST AKIM,EASTERN,EASTERN,UPPER WEST AKIM,Upper West Akim,Eastern,District,5.80678025,-0.540057196199224,33617.0,27069.0,29.7,43.7,27158.0,47183.0,17860.0,17309.0,26665.0,28405.0,2263.0,3353.0,95855.0,44.60501598391721,28.33237702780241,49.22330603515727,35169.0,55070.0,5616.0,57.45135882322258,63.86235700018159,0.9387431790177786,95.855,Eastern,3.8,2.9,3.35,58.285714285714285,34.2,24.82857142857143,33.333333333333336,65.45,44.68,0.47,2.54,330000.0,13000.0,36.0,126.0,20009.0,46.0,12.0,90.0,192.0,2.66,41.1,25.03213501,1.7329020501380348,0.14858247390104345,1.3527866209111603,-0.04422798560539884,-0.14115481747071046,1.0,-0.9137827753503625,172.4519044847073,25.708887321947458,40.74813237228095,88.9030824764264,31.000394872078655,1.829036377571613,36.34494352914524,31.04023870698429,1.0,4.165244985789748,1,0.001,1,High-High,1.6883931945778328,1,0.011,1,High-High,1.6409259569064627,0.001,Not Significant,7.495145692188146,0.9545630887567162,2.29206261853352,0.1266908507675938,-0.7844813620387999
252,252,EASTERN,WEST AKIM,332,139874.845485,483522121.013,483522121.013218,139874.845484723,WEST AKIM,EASTERN,,,WEST AKIM,EASTERN,,6.248912641666665,-0.5143081338383853,27541.944444444445,23789.722222222223,23.955555555555556,42.422222222222224,16983.833333333332,22014.277777777777,13519.611111111111,12787.055555555555,23170.055555555555,23772.61111111111,1869.0,2520.0,77638.33333333333,46.236392760365305,22.66135539278598,29.022619048179436,26306.666666666668,46942.666666666664,4389.0,60.06841270699139,57.31380579431315,0.9842266017927879,77.63833333333334,,3.8,2.9,3.35,58.285714285714285,34.2,24.82857142857143,33.33333333333334,65.45,44.68,0.47,2.54,330000.0,13000.0,36.0,126.0,20009.0,46.0,12.0,90.0,192.0,2.66,41.1,25.03213501,1.7329020501380346,-0.5866141885024927,-0.14237997338640712,-0.42893293563889934,-0.644780666010043,1.2222222222222223,-0.5060950755786623,151.697432915279,19.930263538768713,64.31119490744491,92.46783118938022,32.488333559408744,2.472934415732387,39.79947639909319,24.47497975673649,0.8888888888888888,2.7226127837589633,1,0.001,1,High-High,1.7023733297180799,1,0.005,1,High-High,1.8752586622993197,0.001,Hot Spot 90%,7.247204593384244,0.9721411024438253,1.7089255714147131,0.14285529966145746,-0.9030628353819565
253,253,EASTERN,AKYEM MANSA,306,182862.672928,623122693.029,623122693.029572,182862.672927947,AKYEM MANSA,EASTERN,,,AKYEM MANSA,EASTERN,,6.248912641666665,-0.5143081338383853,27541.944444444445,23789.722222222223,23.955555555555556,42.422222222222224,16983.833333333332,22014.277777777777,13519.611111111111,12787.055555555555,23170.055555555555,23772.61111111111,1869.0,2520.0,77638.33333333333,46.236392760365305,22.66135539278598,29.022619048179436,26306.666666666668,46942.666666666664,4389.0,60.06841270699139,57.31380579431315,0.9842266017927879,77.63833333333334,,3.8,2.9,3.35,58.285714285714285,34.2,24.82857142857143,33.33333333333334,65.45,44.68,0.47,2.54,330000.0,13000.0,36.0,126.0,20009.0,46.0,12.0,90.0,192.0,2.66,41.1,25.03213501,1.7329020501380346,-0.5866141885024927,-0.14237997338640712,-0.42893293563889934,-0.644780666010043,1.2222222222222223,-0.5060950755786623,151.697432915279,19.930263538768713,64.31119490744491,92.46783118938022,32.488333559408744,2.472934415732387,39.79947639909319,24.47497975673649,0.8888888888888888,1.9416960654629354,1,0.001,1,High-High,1.9598522526207993,1,0.001,1,High-High,1.3390051901157674,0.001,Not Significant,6.900285558529939,0.984505702826841,1.341630232207339,0.11793290296254177,-0.590961283628151
254,254,EASTERN,ATIWA EAST,309,171649.377085,591233600.83,591233600.830166,171649.377084537,ATIWA EAST,EASTERN,EASTERN,ATIWA EAST,Atiwa East,Eastern,District,6.3954833,-0.597296233359515,22465.0,19027.0,18.4,42.4,12972.0,11549.0,12055.0,11100.0,18975.0,18809.0,1641.0,2067.0,64647.0,45.85703268099875,20.065896329296024,17.864711432858446,23155.0,37784.0,3708.0,58.44664098875432,61.28255346178276,1.0088255622308469,64.647,Eastern,3.8,2.9,3.35,58.285714285714285,34.2,24.82857142857143,33.333333333333336,65.45,44.68,0.47,2.54,330000.0,13000.0,36.0,126.0,20009.0,46.0,12.0,90.0,192.0,2.66,41.1,25.03213501,1.7329020501380348,-0.5994002174138596,-0.968239546352458,-0.6050010259400584,-0.9028555722120377,1.0,-0.9137827753503625,136.83961355115105,18.858354569876436,70.93244357623382,95.19637452081245,29.300655135961655,2.4090605753349656,39.096744053148505,28.69317715742298,1.0,1.800443484585574,1,0.001,1,High-High,1.1374881598365771,1,0.024,1,High-High,1.4455074134295824,0.001,Not Significant,7.057609747261321,0.9476965720029343,1.1157771425076222,0.1795116628994224,-1.1193629796106253
255,255,EASTERN,NEW JUABEN SOUTH MUNICIPAL,326,37681.3833422,55218053.4845,55218053.4845047,37681.3833422488,NEW JUABEN SOUTH MUNICIPAL,EASTERN,EASTERN,NEW JUABEN SOUTH MUNICIPAL,New Juaben South Municipal,Eastern,Municipal,6.0721368,-0.260652306105858,48553.0,45659.0,8.5,41.1,11820.0,16248.0,17745.0,17784.0,42075.0,44834.0,2987.0,4316.0,129741.0,48.4641022375069,9.1104585289153,12.523412028580017,35529.0,86909.0,7303.0,66.9865347114636,40.88069129779425,0.9384618816077084,129.741,Eastern,3.8,2.9,3.35,58.285714285714285,34.2,24.82857142857143,33.333333333333336,65.45,44.68,0.47,2.54,330000.0,13000.0,36.0,126.0,20009.0,46.0,12.0,90.0,192.0,2.66,41.1,25.03213501,1.7329020501380348,-1.3473829087287585,-1.3635791922054323,-1.3481847806213927,0.44639757169092353,2.0,0.9208118736222883,170.09797293403338,12.600075789301808,91.23381240260139,98.0,37.77033767577288,3.5919025327122514,53.042378744843134,16.286985633293718,0.0,0.03454913214070862,1,0.013,1,High-High,2.052761420249908,1,0.001,1,High-High,0.9959013549326065,0.013,Not Significant,7.449073597382004,0.9404591725851941,2.3708569507869437,0.12832015435368682,-1.0591333779894114
256,256,EASTERN,BIRIM SOUTH,314,137825.489944,317209458.675,317209458.675034,137825.489944454,BIRIM SOUTH,EASTERN,EASTERN,BIRIM SOUTH,Birim South,Eastern,District,5.9375343,-1.0087951,11610.0,11912.0,24.9,43.6,7286.0,10484.0,6342.0,5790.0,10135.0,11093.0,943.0,1351.0,35654.0,50.64195221494771,20.435294777584563,29.40483536209121,12132.0,21228.0,2294.0,59.53890166601224,57.15093273035613,0.9136392319480754,35.654,Eastern,3.8,2.9,3.35,58.285714285714285,34.2,24.82857142857143,33.333333333333336,65.45,44.68,0.47,2.54,330000.0,13000.0,36.0,126.0,20009.0,46.0,12.0,90.0,192.0,2.66,41.1,25.03213501,1.7329020501380348,0.09104534379989646,-0.11408999172762331,-0.5799421528238244,-2.044201592703035,1.0,-0.9137827753503625,147.86021567017107,21.72228464473463,62.0676371189919,89.35591684234141,27.111248463195928,1.9928377309960628,33.49934694750113,33.51739674908464,1.0,2.616865172160801,1,0.003,1,High-High,2.1567254050020046,1,0.001,1,High-High,1.460992495701542,0.003,Not Significant,7.005664156159232,0.9846287010778262,1.301325315644212,0.1339953204826051,-0.53243359116691
257,257,EASTERN,ABUAKWA NORTH,301,64127.1899711,161925496.628,161925496.628189,64127.1899710562,ABUAKWA NORTH,EASTERN,,,ABUAKWA NORTH,EASTERN,,6.248912641666665,-0.5143081338383853,27541.944444444445,23789.722222222223,23.955555555555556,42.422222222222224,16983.833333333332,22014.277777777777,13519.611111111111,12787.055555555555,23170.055555555555,23772.61111111111,1869.0,2520.0,77638.33333333333,46.236392760365305,22.66135539278598,29.022619048179436,26306.666666666668,46942.666666666664,4389.0,60.06841270699139,57.31380579431315,0.9842266017927879,77.63833333333334,,3.8,2.9,3.35,58.285714285714285,34.2,24.82857142857143,33.33333333333334,65.45,44.68,0.47,2.54,330000.0,13000.0,36.0,126.0,20009.0,46.0,12.0,90.0,192.0,2.66,41.1,25.03213501,1.7329020501380346,-0.5866141885024927,-0.14237997338640712,-0.42893293563889934,-0.644780666010043,1.2222222222222223,-0.5060950755786623,151.697432915279,19.930263538768713,64.31119490744491,92.46783118938022,32.488333559408744,2.472934415732387,39.79947639909319,24.47497975673649,0.8888888888888888,1.5955488423478723,1,0.015,1,High-High,1.3970270637951938,1,0.038,1,High-High,1.1013067954813451,0.015,Not Significant,6.889813386443522,0.9403601519415226,1.5534100828502486,0.1501805931142693,-1.6071006547268467
258,258,EASTERN,AKWAPEM NORTH,304,127337.157074,311951823.827,311951823.827461,127337.157073683,AKWAPEM NORTH,EASTERN,,,AKWAPEM NORTH,EASTERN,,6.248912641666665,-0.5143081338383853,27541.944444444445,23789.722222222223,23.955555555555556,42.422222222222224,16983.833333333332,22014.277777777777,13519.611111111111,12787.055555555555,23170.055555555555,23772.61111111111,1869.0,2520.0,77638.33333333333,46.236392760365305,22.66135539278598,29.022619048179436,26306.666666666668,46942.666666666664,4389.0,60.06841270699139,57.31380579431315,0.9842266017927879,77.63833333333334,,3.8,2.9,3.35,58.285714285714285,34.2,24.82857142857143,33.33333333333334,65.45,44.68,0.47,2.54,330000.0,13000.0,36.0,126.0,20009.0,46.0,12.0,90.0,192.0,2.66,41.1,25.03213501,1.7329020501380346,-0.5866141885024927,-0.14237997338640712,-0.42893293563889934,-0.644780666010043,1.2222222222222223,-0.5060950755786623,151.697432915279,19.930263538768713,64.31119490744491,92.46783118938022,32.488333559408744,2.472934415732387,39.79947639909319,24.47497975673649,0.8888888888888888,1.581912413462909,1,0.01,1,High-High,2.0138058996655244,1,0.001,1,High-High,1.0919426953584772,0.01,Not Significant,7.73625268949435,0.9262999115008146,2.5798669159886125,0.13785961454601,-0.7870513011513911
259,259,EASTERN,FANTEAKWA SOUTH,317,143893.827166,267166166.905,267166166.90485,143893.827165546,FANTEAKWA SOUTH,EASTERN,EASTERN,FANTEAKWA SOUTH,Fanteakwa South,Eastern,District,6.3711738,-0.311872167608319,20099.0,16378.0,21.7,41.7,9765.0,13448.0,9261.0,8896.0,16955.0,16368.0,1366.0,1788.0,54634.0,44.89952572854127,17.873485375407256,24.61470878939854,18157.0,33323.0,3154.0,60.99315444594941,54.487891246286345,1.0358626588465298,54.634,Eastern,3.8,2.9,3.35,58.285714285714285,34.2,24.82857142857143,33.333333333333336,65.45,44.68,0.47,2.54,330000.0,13000.0,36.0,126.0,20009.0,46.0,12.0,90.0,192.0,2.66,41.1,25.03213501,1.7329020501380348,-1.0021601281218806,-0.46863423265191007,-0.7537275519086434,-1.2269799906899868,1.0,-0.9137827753503625,107.76880461094832,18.82014876984762,63.94304377409819,94.77517895777345,35.22341520793056,2.4151898437725214,41.05810077391446,23.69806903897255,1.0,1.8445171717003528,1,0.001,1,High-High,1.2441472917535208,1,0.015,1,High-High,1.4895048907374506,0.001,Not Significant,6.252516220013209,0.9203208905698144,0.40355898093166487,0.19598327937559423,-2.049339220537299
260,260,EASTERN,BIRIM CENTRAL MUNICIPAL,312,63318.2489032,108304491.302,108304491.301941,63318.248903233,BIRIM CENTRAL MUNICIPAL,EASTERN,EASTERN,BIRIM CENTRAL MUNICIPAL,Birim Central Municipal,Eastern,Municipal,5.97391735,-1.00480959493596,25276.0,26732.0,11.9,41.9,9947.0,9297.0,12418.0,11876.0,22690.0,26007.0,1366.0,1945.0,76302.0,51.39978464851561,13.03635553458625,12.184477471101674,24294.0,48697.0,3311.0,63.82139393462819,49.88808345483295,0.8724574153112623,76.302,Eastern,3.8,2.9,3.35,58.285714285714285,34.2,24.82857142857143,33.333333333333336,65.45,44.68,0.47,2.54,330000.0,13000.0,36.0,126.0,20009.0,46.0,12.0,90.0,192.0,2.66,41.1,25.03213501,1.7329020501380348,-0.8870858679195905,-1.3886656473503154,-1.0818638055650287,-0.5827841480657731,2.0,0.9208118736222883,167.83475999797326,16.22775559160189,81.85343923757893,98.0,38.56824954788092,3.928414087643519,48.552480021863126,16.90364913597508,1.0,1.1485367733692662,1,0.003,1,High-High,1.617176604111701,1,0.018,1,High-High,1.5540458968585484,0.003,Not Significant,7.026623756179456,0.9851541017313603,1.3221903621096274,0.1360986563512297,-0.6226683011774259
260,260,OTI,GUAN,260,165045.139992,699385712.352,699385712.352121,165045.139992116,GUAN,OTI,OTI,GUAN,Guan,Oti,District,7.19092,0.60951,37248.0,39037.0,28.1,42.984341056917,18377.0,22140.0,19113.0,19074.0,8175.0,8206.0,2628.0,3800.0,28238.0,48.373126927320975,12.920600788331036,26.28058007215221,38187.0,69857.0,6428.0,58.01,52.68922826333389,0.9957645175810388,114.472,Volta (pre 2022),1.1964762047398945,0.299829810154211,0.7545406241337523,53.15714298331956,41.46666699840138,29.342857,33.333332954505266,34.713167152225296,45.56107213096111,0.47,2.571975488305182,330271.1262305232,13020.399057820325,36.0,126.0,20194.593964871776,46.0,11.961927433956786,90.0,192.0,2.66,41.1,25.03213501,-1.329062098341774,-0.36925169700927557,-0.8589730252063386,-0.8771757801625638,0.20317273107890285,2.0,0.9208118736222883,55.083745,5.01531211624075,61.32166209134728,92.69894639642276,30.907162784067264,2.81120065647205,46.51359807258147,17.923055174856948,0.0,2.085057122914597,3,0.001,1,Low-Low,2.1955137035515793,3,0.002,1,Low-Low,-1.456876374747311,0.001,Not Significant,6.2534489655855845,0.9636944544391731,0.5180159957018667,0.11609932720051917,0.007132212533378504
